DIRECCION,PRECIOUSD,PRECIOPESO,USDM2,ANTIG,EN_GALERIA,COTIZ_,TRIMESTRE_,BARRIOS_,COMUNA_
"ACUÑA DE FIGUEROA, FRANCISCO 1000",87000,5481000,3346,5,SI,63,PRIMER,ALMAGRO,5
"ACUÑA DE FIGUEROA, FRANCISCO 400",92000,5796000,2706,45,NO,63,PRIMER,ALMAGRO,5
"ACUÑA DE FIGUEROA, FRANCISCO 900",110000,6930000,1833,0,NO,63,PRIMER,ALMAGRO,5
"ACUÑA DE FIGUEROA, FRANCISCO 909",60000,3780000,2069,40,NO,63,PRIMER,ALMAGRO,5
BELGRANO 3800,380000,23940000,1138,65,NO,63,PRIMER,ALMAGRO,5
BILLINGHURST 100,270000,17010000,1274,45,NO,63,PRIMER,ALMAGRO,5
BILLINGHURST 900,350000,22050000,3070,5,NO,63,PRIMER,ALMAGRO,5
BOEDO 700,35000,2205000,2692,40,NO,63,PRIMER,ALMAGRO,5
"BRAVO, MARIO 600",90000,5670000,2143,40,NO,63,PRIMER,ALMAGRO,5
"BRAVO, MARIO 800",190000,11970000,2021,55,NO,63,PRIMER,ALMAGRO,5
"BRAVO, MARIO 800",87000,5481000,2559,35,NO,63,PRIMER,ALMAGRO,5
"BRAVO, MARIO 900",170000,10710000,1789,50,NO,63,PRIMER,ALMAGRO,5
"BRAVO, MARIO 900",145000,9135000,3625,25,NO,63,PRIMER,ALMAGRO,5
BULNES 100,78000,4914000,1660,0,NO,63,PRIMER,ALMAGRO,5
BULNES 1200,425000,26775000,1328,90,NO,63,PRIMER,ALMAGRO,5
BULNES 200,165000,10395000,2661,0,NO,63,PRIMER,ALMAGRO,5
BULNES 300,180000,11340000,1622,1,NO,63,PRIMER,ALMAGRO,5
"CASTRO, BARROS 100",155000,9765000,2279,0,NO,63,PRIMER,ALMAGRO,5
COLOMBRES 100,75000,4725000,3000,40,NO,63,PRIMER,ALMAGRO,5
COLOMBRES 185,129000,8127000,1792,45,NO,63,PRIMER,ALMAGRO,5
CORDOBA 3900,860000,54180000,3440,5,NO,63,PRIMER,ALMAGRO,5
CORRIENTES 3600,1290000,81270000,645,88,NO,63,PRIMER,ALMAGRO,5
CORRIENTES 3987,25000,1575000,3125,35,NO,63,PRIMER,ALMAGRO,5
CORRIENTES 4200,1200000,75600000,2143,0,NO,63,PRIMER,ALMAGRO,5
CORRIENTES 4500,218000,13734000,2000,0,NO,63,PRIMER,ALMAGRO,5
DIAZ VELEZ 3600,84000,5292000,2897,50,NO,63,PRIMER,ALMAGRO,5
DIAZ VELEZ 3700,69000,4347000,3833,40,NO,63,PRIMER,ALMAGRO,5
DIAZ VELEZ 3793,145000,9135000,2636,27,NO,63,PRIMER,ALMAGRO,5
DIAZ VELEZ 4320,150000,9450000,3000,26,NO,63,PRIMER,ALMAGRO,5
DON BOSCO 3800,950000,59850000,819,0,NO,63,PRIMER,ALMAGRO,5
GALLO 400,200000,12600000,1961,20,NO,63,PRIMER,ALMAGRO,5
GASCON 200,1450000,91350000,2120,40,NO,63,PRIMER,ALMAGRO,5
GUARDIA VIEJA 4600,485000,30555000,5105,0,NO,63,PRIMER,ALMAGRO,5
HUMAHUACA 3700,170000,10710000,2833,0,NO,63,PRIMER,ALMAGRO,5
HUMAHUACA 4200,54000,3402000,3000,50,NO,63,PRIMER,ALMAGRO,5
LAVALLE 3400,750000,47250000,1569,0,NO,63,PRIMER,ALMAGRO,5
LAVALLE 3500,620000,39060000,2768,0,NO,63,PRIMER,ALMAGRO,5
LAVALLE 3900,125000,7875000,2119,50,NO,63,PRIMER,ALMAGRO,5
LEZICA 4100,83000,5229000,1078,40,NO,63,PRIMER,ALMAGRO,5
LEZICA 4300,95000,5985000,2969,0,NO,63,PRIMER,ALMAGRO,5
LEZICA 4300,100000,6300000,3125,11,NO,63,PRIMER,ALMAGRO,5
"MARMOL, JOSE 100",84000,5292000,3111,0,NO,63,PRIMER,ALMAGRO,5
"MARMOL, JOSE 159",115000,7245000,1106,44,NO,63,PRIMER,ALMAGRO,5
MAZA 200,49000,3087000,2042,10,NO,63,PRIMER,ALMAGRO,5
MAZA 30,550000,34650000,2174,0,NO,63,PRIMER,ALMAGRO,5
MAZA 800,220000,13860000,1517,45,NO,63,PRIMER,ALMAGRO,5
MEDRANO 100,185000,11655000,3426,25,NO,63,PRIMER,ALMAGRO,5
MEDRANO 369,84500,5323500,1225,50,NO,63,PRIMER,ALMAGRO,5
MEDRANO 400,630000,39690000,1611,90,NO,63,PRIMER,ALMAGRO,5
MEDRANO 500,440000,27720000,2444,45,NO,63,PRIMER,ALMAGRO,5
MEDRANO 600,295000,18585000,875,51,NO,63,PRIMER,ALMAGRO,5
MEDRANO 900,499000,31437000,2970,0,NO,63,PRIMER,ALMAGRO,5
"MITRE, BARTOLOME 3400",155000,9765000,1348,0,NO,63,PRIMER,ALMAGRO,5
"MITRE, BARTOLOME 4130",75000,4725000,1230,0,NO,63,PRIMER,ALMAGRO,5
MORENO 3600,66000,4158000,2062,40,NO,63,PRIMER,ALMAGRO,5
MUÑIZ 400,130000,8190000,1625,50,NO,63,PRIMER,ALMAGRO,5
POTOSI 3800,85000,5355000,4250,0,NO,63,PRIMER,ALMAGRO,5
PRINGLES 1193,105000,6615000,1500,40,NO,63,PRIMER,ALMAGRO,5
PRINGLES 600,120000,7560000,3333,0,NO,63,PRIMER,ALMAGRO,5
PRINGLES 600,120000,7560000,3429,0,NO,63,PRIMER,ALMAGRO,5
PRINGLES 700,105000,6615000,1500,45,NO,63,PRIMER,ALMAGRO,5
PRINGLES 900,72000,4536000,3600,40,NO,63,PRIMER,ALMAGRO,5
RIVADAVIA 3500,209000,13167000,1608,35,NO,63,PRIMER,ALMAGRO,5
RIVADAVIA 3647,400000,25200000,8333,0,NO,63,PRIMER,ALMAGRO,5
RIVADAVIA 3900,380000,23940000,6909,30,NO,63,PRIMER,ALMAGRO,5
RIVADAVIA 4003,400000,25200000,5479,0,NO,63,PRIMER,ALMAGRO,5
RIVADAVIA 4200,175000,11025000,1944,0,NO,63,PRIMER,ALMAGRO,5
"SALGUERO, JERONIMO 300",280000,17640000,969,40,NO,63,PRIMER,ALMAGRO,5
"SALGUERO, JERONIMO 800",245000,15435000,1581,35,NO,63,PRIMER,ALMAGRO,5
"SALGUERO, JERONIMO 800",138000,8694000,4312,0,NO,63,PRIMER,ALMAGRO,5
SANCHEZ DE BUSTAMANTE 500,80000,5040000,3478,25,SI,63,PRIMER,ALMAGRO,5
SANCHEZ DE BUSTAMANTE 580,75000,4725000,3261,20,NO,63,PRIMER,ALMAGRO,5
SANCHEZ DE LORIA 472,165000,10395000,1557,60,NO,63,PRIMER,ALMAGRO,5
SANCHEZ DE LORIA 600,650000,40950000,1053,39,NO,63,PRIMER,ALMAGRO,5
SANCHEZ DE LORIA 800,110000,6930000,524,62,NO,63,PRIMER,ALMAGRO,5
SARMIENTO 4500,260000,16380000,2281,0,NO,63,PRIMER,ALMAGRO,5
TREINTA Y TRES ORIENTALES 700,245000,15435000,1029,0,NO,63,PRIMER,ALMAGRO,5
VENEZUELA 3700,750000,47250000,1667,40,NO,63,PRIMER,ALMAGRO,5
VENEZUELA 3937,320000,20160000,1778,0,NO,63,PRIMER,ALMAGRO,5
VENEZUELA 4200,89000,5607000,2225,50,NO,63,PRIMER,ALMAGRO,5
YAPEYU 100,260000,16380000,3023,0,NO,63,PRIMER,ALMAGRO,5
YAPEYU 384,82000,5166000,1491,20,NO,63,PRIMER,ALMAGRO,5
YATAY 1024,139000,8757000,4633,0,NO,63,PRIMER,ALMAGRO,5
YATAY 200,189000,11907000,1734,40,NO,63,PRIMER,ALMAGRO,5
"YRIGOYEN, HIPOLITO 3400",290000,18270000,1568,45,NO,63,PRIMER,ALMAGRO,5
"YRIGOYEN, HIPOLITO 3400",169500,10678500,3027,40,NO,63,PRIMER,ALMAGRO,5
"YRIGOYEN, HIPOLITO 4100",130000,8190000,2955,70,NO,63,PRIMER,ALMAGRO,5
24 DE NOVIEMBRE 200,290000,18270000,1465,70,NO,63,PRIMER,BALVANERA,3
AGUERO 430,165000,10395000,1618,0,NO,63,PRIMER,BALVANERA,3
AGUERO 446,198000,12474000,1636,43,NO,63,PRIMER,BALVANERA,3
AGUERO 700,124900,7868700,2776,0,NO,63,PRIMER,BALVANERA,3
AGUERO 800,298000,18774000,1874,60,NO,63,PRIMER,BALVANERA,3
ALBERTI 200,300000,18900000,1154,100,NO,63,PRIMER,BALVANERA,3
ALBERTI 300,90000,5670000,978,0,NO,63,PRIMER,BALVANERA,3
"ALSINA, ADOLFO 1900",165000,10395000,1557,40,NO,63,PRIMER,BALVANERA,3
"ALSINA, ADOLFO 2100",793000,49959000,873,12,NO,63,PRIMER,BALVANERA,3
"ALSINA, ADOLFO 2701",169000,10647000,1190,0,NO,63,PRIMER,BALVANERA,3
"ALSINA, ADOLFO 2800",1100000,69300000,1618,80,NO,63,PRIMER,BALVANERA,3
"ALSINA, ADOLFO 2800",100000,6300000,2857,0,NO,63,PRIMER,BALVANERA,3
"ALSINA, ADOLFO 2800",120000,7560000,3429,0,NO,63,PRIMER,BALVANERA,3
"ANCHORENA, TOMAS M. DE, DR 2",84000,5292000,2154,60,SI,63,PRIMER,BALVANERA,3
"ANCHORENA, TOMAS M. DE, DR 300",148700,9368100,1304,48,SI,63,PRIMER,BALVANERA,3
"ANCHORENA, TOMAS M. DE, DR 300",165000,10395000,1447,0,SI,63,PRIMER,BALVANERA,3
"ANCHORENA, TOMAS M. DE, DR 600",195000,12285000,1500,50,SI,63,PRIMER,BALVANERA,3
"ANCHORENA, TOMAS M. DE, DR 600",115000,7245000,2212,45,NO,63,PRIMER,BALVANERA,3
"ANCHORENA, TOMAS M. DE, DR 600",119900,7553700,3633,1,SI,63,PRIMER,BALVANERA,3
AYACUCHO 685,105000,6615000,1909,50,NO,63,PRIMER,BALVANERA,3
AYACUCHO 800,250000,15750000,2033,50,NO,63,PRIMER,BALVANERA,3
AZCUENAGA 300,1430000,90090000,6810,40,NO,63,PRIMER,BALVANERA,3
AZCUENAGA 300,1450000,91350000,7250,45,NO,63,PRIMER,BALVANERA,3
AZCUENAGA 400,1100000,69300000,4000,20,NO,63,PRIMER,BALVANERA,3
AZCUENAGA 700,160000,10080000,1391,40,NO,63,PRIMER,BALVANERA,3
AZCUENAGA 700,180000,11340000,1417,45,NO,63,PRIMER,BALVANERA,3
BELGRANO 1900,87000,5481000,7250,80,NO,63,PRIMER,BALVANERA,3
BELGRANO 2300,699000,44037000,1536,80,NO,63,PRIMER,BALVANERA,3
BELGRANO 2400,699000,44037000,1536,80,NO,63,PRIMER,BALVANERA,3
BELGRANO 2600,280000,17640000,4179,0,NO,63,PRIMER,BALVANERA,3
BELGRANO 3200,99000,6237000,925,62,NO,63,PRIMER,BALVANERA,3
BELGRANO 3300,500000,31500000,1786,0,NO,63,PRIMER,BALVANERA,3
BOULOGNE SUR MER 300,250000,15750000,1786,0,NO,63,PRIMER,BALVANERA,3
BOULOGNE SUR MER 400,355000,22365000,2886,0,NO,63,PRIMER,BALVANERA,3
CALLAO 700,1300000,81900000,2381,60,NO,63,PRIMER,BALVANERA,3
CASTELLI 250,275000,17325000,4583,10,NO,63,PRIMER,BALVANERA,3
COMBATE DE LOS POZOS 100,160000,10080000,1818,0,NO,63,PRIMER,BALVANERA,3
COMBATE DE LOS POZOS 600,90000,5670000,3000,40,NO,63,PRIMER,BALVANERA,3
CORDOBA 2600,395000,24885000,1732,0,NO,63,PRIMER,BALVANERA,3
CORDOBA 2800,390000,24570000,1902,0,NO,63,PRIMER,BALVANERA,3
CORDOBA 3100,280000,17640000,1217,0,NO,63,PRIMER,BALVANERA,3
CORDOBA 3100,1000000,63000000,8333,0,NO,63,PRIMER,BALVANERA,3
CORDOBA 3109,310000,19530000,1240,20,NO,63,PRIMER,BALVANERA,3
CORRIENTES 2000,770000,48510000,2750,9,SI,63,PRIMER,BALVANERA,3
CORRIENTES 2000,1300000,81900000,4333,0,NO,63,PRIMER,BALVANERA,3
CORRIENTES 2100,59500,3748500,1322,40,NO,63,PRIMER,BALVANERA,3
CORRIENTES 2100,76000,4788000,1652,40,NO,63,PRIMER,BALVANERA,3
CORRIENTES 2200,1375000,86625000,4583,0,NO,63,PRIMER,BALVANERA,3
CORRIENTES 2300,1050000,66150000,5526,30,SI,63,PRIMER,BALVANERA,3
CORRIENTES 2457,200000,12600000,438,40,NO,63,PRIMER,BALVANERA,3
CORRIENTES 2500,140000,8820000,1273,40,NO,63,PRIMER,BALVANERA,3
CORRIENTES 2500,139000,8757000,1311,0,NO,63,PRIMER,BALVANERA,3
CORRIENTES 2500,1800000,113400000,2736,54,NO,63,PRIMER,BALVANERA,3
CORRIENTES 2600,140000,8820000,4242,0,NO,63,PRIMER,BALVANERA,3
CORRIENTES 3094,360000,22680000,5143,5,NO,63,PRIMER,BALVANERA,3
CORRIENTES 3096,360000,22680000,4138,5,NO,63,PRIMER,BALVANERA,3
DEAN FUNES 600,230000,14490000,1322,0,NO,63,PRIMER,BALVANERA,3
ECUADOR 500,250000,15750000,1389,0,NO,63,PRIMER,BALVANERA,3
ECUADOR 500,260000,16380000,906,35,NO,63,PRIMER,BALVANERA,3
ECUADOR 900,110000,6930000,1528,40,NO,63,PRIMER,BALVANERA,3
ENTRE RIOS 700,32000,2016000,1103,0,NO,63,PRIMER,BALVANERA,3
ENTRE RIOS 700,35000,2205000,1167,0,NO,63,PRIMER,BALVANERA,3
ENTRE RIOS 700,1000000,63000000,1316,0,NO,63,PRIMER,BALVANERA,3
ENTRE RIOS 700,235000,14805000,4519,0,NO,63,PRIMER,BALVANERA,3
GALLO 800,123000,7749000,2733,0,NO,63,PRIMER,BALVANERA,3
"GARDEL, CARLOS 3100",350000,22050000,2121,3,NO,63,PRIMER,BALVANERA,3
"GARDEL, CARLOS 3160",349000,21987000,2128,2,NO,63,PRIMER,BALVANERA,3
"GOMEZ, VALENTIN 2792",490000,30870000,5976,30,NO,63,PRIMER,BALVANERA,3
"GOMEZ, VALENTIN 3000",80000,5040000,1333,0,NO,63,PRIMER,BALVANERA,3
"GOMEZ, VALENTIN 3200",176500,11119500,1038,40,NO,63,PRIMER,BALVANERA,3
"JAURES, JEAN 252",115000,7245000,1150,0,NO,63,PRIMER,BALVANERA,3
"JAURES, JEAN 300",450000,28350000,1125,0,NO,63,PRIMER,BALVANERA,3
"JAURES, JEAN 332",120000,7560000,1143,40,NO,63,PRIMER,BALVANERA,3
"JAURES, JEAN 800",90000,5670000,3000,0,NO,63,PRIMER,BALVANERA,3
"JAURES, JEAN 800",69000,4347000,3833,50,NO,63,PRIMER,BALVANERA,3
JUJUY 100,120000,7560000,3429,0,NO,63,PRIMER,BALVANERA,3
JUJUY 100,140000,8820000,4000,0,NO,63,PRIMER,BALVANERA,3
JUJUY 100,800000,50400000,714,0,NO,63,PRIMER,BALVANERA,3
JUJUY 300,230000,14490000,1901,0,NO,63,PRIMER,BALVANERA,3
JUJUY 500,250000,15750000,2083,25,NO,63,PRIMER,BALVANERA,3
JUJUY 800,115000,7245000,1983,50,NO,63,PRIMER,BALVANERA,3
JUNIN 100,380000,23940000,1022,40,NO,63,PRIMER,BALVANERA,3
JUNIN 400,1800000,113400000,2466,0,NO,63,PRIMER,BALVANERA,3
JUNIN 500,930000,58590000,1388,28,NO,63,PRIMER,BALVANERA,3
JUNIN 600,227000,14301000,1802,45,NO,63,PRIMER,BALVANERA,3
JUNIN 600,1600000,100800000,3125,40,NO,63,PRIMER,BALVANERA,3
LA RIOJA 286,308000,19404000,2013,30,NO,63,PRIMER,BALVANERA,3
LARREA 500,490000,30870000,3082,0,NO,63,PRIMER,BALVANERA,3
LARREA 500,750000,47250000,6250,40,NO,63,PRIMER,BALVANERA,3
LARREA 500,1000000,63000000,8000,0,NO,63,PRIMER,BALVANERA,3
LAVALLE 2018,165000,10395000,3300,35,NO,63,PRIMER,BALVANERA,3
LAVALLE 2168,25000,1575000,1042,60,NO,63,PRIMER,BALVANERA,3
LAVALLE 3100,1350000,85050000,2700,0,NO,63,PRIMER,BALVANERA,3
MATHEU 100,300000,18900000,1250,0,NO,63,PRIMER,BALVANERA,3
MATHEU 760,380000,23940000,922,0,SI,63,PRIMER,BALVANERA,3
MEXICO 1800,310000,19530000,2385,50,NO,63,PRIMER,BALVANERA,3
MEXICO 3300,480000,30240000,1509,34,NO,63,PRIMER,BALVANERA,3
"MITRE, BARTOLOME 1834",790000,49770000,673,94,NO,63,PRIMER,BALVANERA,3
"MITRE, BARTOLOME 1900",950000,59850000,830,0,NO,63,PRIMER,BALVANERA,3
"MITRE, BARTOLOME 2100",750000,47250000,1506,0,NO,63,PRIMER,BALVANERA,3
"MITRE, BARTOLOME 2100",125000,7875000,1524,75,NO,63,PRIMER,BALVANERA,3
"MITRE, BARTOLOME 2200",650000,40950000,3611,0,NO,63,PRIMER,BALVANERA,3
MORENO 1900,98000,6174000,784,50,NO,63,PRIMER,BALVANERA,3
MORENO 2073,115000,7245000,1643,45,NO,63,PRIMER,BALVANERA,3
PASCO 400,64000,4032000,2000,45,NO,63,PRIMER,BALVANERA,3
PASO 400,2850000,179550000,3800,30,NO,63,PRIMER,BALVANERA,3
PASO 600,190000,11970000,3167,30,NO,63,PRIMER,BALVANERA,3
PASO 600,495000,31185000,3808,0,NO,63,PRIMER,BALVANERA,3
PASO 627,700000,44100000,2500,0,NO,63,PRIMER,BALVANERA,3
PASO 693,280000,17640000,3333,0,NO,63,PRIMER,BALVANERA,3
PASTEUR 200,690000,43470000,3632,50,NO,63,PRIMER,BALVANERA,3
PASTEUR 346,165000,10395000,3000,40,NO,63,PRIMER,BALVANERA,3
PASTEUR 700,180000,11340000,3750,60,NO,63,PRIMER,BALVANERA,3
PASTEUR 88,590000,37170000,3933,20,NO,63,PRIMER,BALVANERA,3
"PERON, JUAN DOMINGO, TTE. 1900",89000,5607000,864,30,NO,63,PRIMER,BALVANERA,3
PICHINCHA 500,250000,15750000,1295,0,NO,63,PRIMER,BALVANERA,3
PICHINCHA 800,140000,8820000,1667,40,NO,63,PRIMER,BALVANERA,3
PUEYRREDON 600,1500000,94500000,6667,0,NO,63,PRIMER,BALVANERA,3
PUEYRREDON 631,560000,35280000,4148,70,NO,63,PRIMER,BALVANERA,3
PUEYRREDON 700,650000,40950000,3714,40,NO,63,PRIMER,BALVANERA,3
PUEYRREDON 800,1000000,63000000,4167,0,NO,63,PRIMER,BALVANERA,3
PUEYRREDON 870,990000,62370000,3000,0,NO,63,PRIMER,BALVANERA,3
RINCON 100,234000,14742000,2147,0,NO,63,PRIMER,BALVANERA,3
RINCON 100,80000,5040000,2500,0,NO,63,PRIMER,BALVANERA,3
RINCON 101,65000,4095000,2167,40,SI,63,PRIMER,BALVANERA,3
RINCON 101,73000,4599000,2433,20,NO,63,PRIMER,BALVANERA,3
RINCON 444,75000,4725000,1596,50,NO,63,PRIMER,BALVANERA,3
RINCON 700,107000,6741000,1754,50,NO,63,PRIMER,BALVANERA,3
RINCON 89,105000,6615000,963,43,NO,63,PRIMER,BALVANERA,3
RIVADAVIA 2100,590000,37170000,2500,0,NO,63,PRIMER,BALVANERA,3
RIVADAVIA 2700,270000,17010000,1350,40,NO,63,PRIMER,BALVANERA,3
RIVADAVIA 2900,650000,40950000,2731,40,NO,63,PRIMER,BALVANERA,3
RIVADAVIA 3000,390000,24570000,2786,20,NO,63,PRIMER,BALVANERA,3
RIVADAVIA 3000,395000,24885000,2821,35,NO,63,PRIMER,BALVANERA,3
RIVADAVIA 3200,250000,15750000,2778,0,NO,63,PRIMER,BALVANERA,3
SAAVEDRA 100,89000,5607000,1780,35,NO,63,PRIMER,BALVANERA,3
SAAVEDRA 300,160000,10080000,1280,50,NO,63,PRIMER,BALVANERA,3
SAN LUIS 2400,59500,3748500,1750,45,NO,63,PRIMER,BALVANERA,3
SAN LUIS 3100,210000,13230000,2143,50,NO,63,PRIMER,BALVANERA,3
SARMIENTO 1940,290000,18270000,2320,35,NO,63,PRIMER,BALVANERA,3
SARMIENTO 2000,179000,11277000,1627,30,NO,63,PRIMER,BALVANERA,3
SARMIENTO 2400,1750000,110250000,6731,40,NO,63,PRIMER,BALVANERA,3
TUCUMAN 2100,265000,16695000,1893,50,NO,63,PRIMER,BALVANERA,3
TUCUMAN 2200,180000,11340000,1895,50,NO,63,PRIMER,BALVANERA,3
TUCUMAN 2200,180000,11340000,3462,0,NO,63,PRIMER,BALVANERA,3
TUCUMAN 2300,580000,36540000,2802,50,NO,63,PRIMER,BALVANERA,3
TUCUMAN 2500,300000,18900000,3333,0,NO,63,PRIMER,BALVANERA,3
TUCUMAN 2700,259000,16317000,1497,55,NO,63,PRIMER,BALVANERA,3
TUCUMAN 3300,117500,7402500,2500,0,NO,63,PRIMER,BALVANERA,3
URIBURU 100,355000,22365000,4176,0,NO,63,PRIMER,BALVANERA,3
URIBURU 200,420000,26460000,4421,0,NO,63,PRIMER,BALVANERA,3
URIBURU 252,420000,26460000,6462,50,NO,63,PRIMER,BALVANERA,3
URIBURU 500,99000,6237000,1980,0,NO,63,PRIMER,BALVANERA,3
URIBURU 500,100000,6300000,2000,0,NO,63,PRIMER,BALVANERA,3
URIBURU 600,195000,12285000,2826,60,NO,63,PRIMER,BALVANERA,3
URIBURU 85,120000,7560000,1846,0,NO,63,PRIMER,BALVANERA,3
"URQUIZA, Gral. 200",1200000,75600000,2400,0,NO,63,PRIMER,BALVANERA,3
"URQUIZA, Gral. 50",299000,18837000,1031,40,NO,63,PRIMER,BALVANERA,3
"URQUIZA, Gral. 600",450000,28350000,1525,0,NO,63,PRIMER,BALVANERA,3
"URQUIZA, Gral. 700",98000,6174000,2130,63,NO,63,PRIMER,BALVANERA,3
VENEZUELA 1834,180000,11340000,1000,40,NO,63,PRIMER,BALVANERA,3
VENEZUELA 1902,400000,25200000,1600,50,NO,63,PRIMER,BALVANERA,3
VIAMONTE 2100,330000,20790000,3028,0,NO,63,PRIMER,BALVANERA,3
VIAMONTE 2100,450000,28350000,3125,0,NO,63,PRIMER,BALVANERA,3
VIAMONTE 2300,250000,15750000,1250,40,NO,63,PRIMER,BALVANERA,3
VIAMONTE 2600,295000,18585000,1553,0,NO,63,PRIMER,BALVANERA,3
VIAMONTE 2600,390000,24570000,1625,0,NO,63,PRIMER,BALVANERA,3
VIAMONTE 2917,200000,12600000,1010,0,NO,63,PRIMER,BALVANERA,3
"YRIGOYEN, HIPOLITO 1900",300000,18900000,1562,0,NO,63,PRIMER,BALVANERA,3
"YRIGOYEN, HIPOLITO 2400",80000,5040000,3478,25,NO,63,PRIMER,BALVANERA,3
"YRIGOYEN, HIPOLITO 2500",180000,11340000,1200,85,NO,63,PRIMER,BALVANERA,3
"YRIGOYEN, HIPOLITO 2900",1349000,84987000,1725,0,NO,63,PRIMER,BALVANERA,3
"YRIGOYEN, HIPOLITO 3100",395000,24885000,1491,0,NO,63,PRIMER,BALVANERA,3
"YRIGOYEN, HIPOLITO 3100",179000,11277000,4972,0,NO,63,PRIMER,BALVANERA,3
"YRIGOYEN, HIPOLITO 3199",345000,21735000,1938,0,NO,63,PRIMER,BALVANERA,3
ZELAYA 3006,430000,27090000,819,0,NO,63,PRIMER,BALVANERA,3
BRASIL 1100,882000,55566000,1793,0,NO,63,PRIMER,CONSTITUCION,1
BRASIL 1200,675000,42525000,2711,0,NO,63,PRIMER,CONSTITUCION,1
BRASIL 1300,1100000,69300000,4721,40,NO,63,PRIMER,CONSTITUCION,1
BRASIL 1500,82000,5166000,988,0,NO,63,PRIMER,CONSTITUCION,1
BRASIL 900,219000,13797000,1033,60,NO,63,PRIMER,CONSTITUCION,1
BRASIL 900,245000,15435000,1156,0,NO,63,PRIMER,CONSTITUCION,1
"CEVALLOS, Virrey 1100",220000,13860000,2000,0,NO,63,PRIMER,CONSTITUCION,1
"CEVALLOS, Virrey 1600",210000,13230000,1373,0,NO,63,PRIMER,CONSTITUCION,1
COCHABAMBA 1700,65000,4095000,1250,60,NO,63,PRIMER,CONSTITUCION,1
CONSTITUCION 1200,115000,7245000,575,80,NO,63,PRIMER,CONSTITUCION,1
CONSTITUCION 1300,70000,4410000,1667,20,NO,63,PRIMER,CONSTITUCION,1
ENTRE RIOS 1600,70000,4410000,1207,50,NO,63,PRIMER,CONSTITUCION,1
ENTRE RIOS 1600,105000,6615000,1591,0,NO,63,PRIMER,CONSTITUCION,1
ENTRE RIOS 2000,170000,10710000,1405,65,NO,63,PRIMER,CONSTITUCION,1
ESTADOS UNIDOS 900,105000,6615000,3387,0,NO,63,PRIMER,CONSTITUCION,1
"GARAY, JUAN DE 1201",798000,50274000,614,1,NO,63,PRIMER,CONSTITUCION,1
"GARAY, JUAN DE 1400",59000,3717000,2107,70,NO,63,PRIMER,CONSTITUCION,1
INDEPENDENCIA 1700,600000,37800000,6061,0,NO,63,PRIMER,CONSTITUCION,1
INDEPENDENCIA 1800,190000,11970000,1267,45,NO,63,PRIMER,CONSTITUCION,1
INDEPENDENCIA 1800,220000,13860000,1341,70,NO,63,PRIMER,CONSTITUCION,1
INDEPENDENCIA 1800,180000,11340000,2022,70,NO,63,PRIMER,CONSTITUCION,1
"IRIGOYEN, BERNARDO DE 1000",156000,9828000,1122,70,NO,63,PRIMER,CONSTITUCION,1
"IRIGOYEN, BERNARDO de 1000",173500,10930500,1222,70,NO,63,PRIMER,CONSTITUCION,1
"IRIGOYEN, BERNARDO DE 1300",160000,10080000,1441,40,NO,63,PRIMER,CONSTITUCION,1
"IRIGOYEN, BERNARDO de 1300",175000,11025000,1577,0,NO,63,PRIMER,CONSTITUCION,1
"IRIGOYEN, BERNARDO de 1300",450000,28350000,468,40,NO,63,PRIMER,CONSTITUCION,1
"IRIGOYEN, BERNARDO de 1500",345000,21735000,1039,0,NO,63,PRIMER,CONSTITUCION,1
"IRIGOYEN, BERNARDO DE 1500",379000,23877000,1330,0,NO,63,PRIMER,CONSTITUCION,1
"IRIGOYEN, BERNARDO DE 1500",75000,4725000,915,0,NO,63,PRIMER,CONSTITUCION,1
SALTA 1000,175000,11025000,2188,0,NO,63,PRIMER,CONSTITUCION,1
SALTA 1100,60000,3780000,619,50,NO,63,PRIMER,CONSTITUCION,1
SALTA 1100,59900,3773700,689,10,NO,63,PRIMER,CONSTITUCION,1
SAN JOSE 1300,300000,18900000,1167,70,NO,63,PRIMER,CONSTITUCION,1
SAN JUAN 1300,120000,7560000,1333,30,SI,63,PRIMER,CONSTITUCION,1
SAN JUAN 1300,110000,6930000,2750,0,SI,63,PRIMER,CONSTITUCION,1
SAN JUAN 1500,115000,7245000,1036,40,NO,63,PRIMER,CONSTITUCION,1
SANTIAGO DEL ESTERO 900,62000,3906000,2067,40,NO,63,PRIMER,CONSTITUCION,1
SOLIS 1904,370000,23310000,1057,40,NO,63,PRIMER,CONSTITUCION,1
TACUARI 1000,430000,27090000,1002,28,NO,63,PRIMER,CONSTITUCION,1
TACUARI 1100,179000,11277000,2557,0,NO,63,PRIMER,CONSTITUCION,1
TACUARI 1200,79000,4977000,2026,50,NO,63,PRIMER,CONSTITUCION,1
TACUARI 900,179000,11277000,978,60,NO,63,PRIMER,CONSTITUCION,1
"ALSINA, ADOLFO 1200",210000,13230000,1522,0,NO,63,PRIMER,MONTSERRAT,1
"ALSINA, ADOLFO 1200",850000,53550000,1735,0,NO,63,PRIMER,MONTSERRAT,1
"ALSINA, ADOLFO 1400",390000,24570000,710,22,NO,63,PRIMER,MONTSERRAT,1
"ALSINA, ADOLFO 1450",230000,14490000,1769,70,NO,63,PRIMER,MONTSERRAT,1
"ALSINA, ADOLFO 1500",1100000,69300000,1184,0,SI,63,PRIMER,MONTSERRAT,1
"ALSINA, ADOLFO 1500",850000,53550000,1228,50,NO,63,PRIMER,MONTSERRAT,1
"ALSINA, ADOLFO 1630",135000,8505000,1467,60,NO,63,PRIMER,MONTSERRAT,1
"ALSINA, ADOLFO 700",2300000,144900000,1217,0,NO,63,PRIMER,MONTSERRAT,1
BALCARCE 256,340000,21420000,2833,90,NO,63,PRIMER,MONTSERRAT,1
BALCARCE 700,390000,24570000,2690,60,NO,63,PRIMER,MONTSERRAT,1
BELGRANO 1600,1000000,63000000,2000,0,NO,63,PRIMER,MONTSERRAT,1
BELGRANO 300,850000,53550000,5667,0,NO,63,PRIMER,MONTSERRAT,1
BELGRANO 800,600000,37800000,1119,50,NO,63,PRIMER,MONTSERRAT,1
BELGRANO 800,480000,30240000,1805,60,NO,63,PRIMER,MONTSERRAT,1
BOLIVAR 200,3500000,220500000,1867,0,NO,63,PRIMER,MONTSERRAT,1
BOLIVAR 600,350000,22050000,1667,40,NO,63,PRIMER,MONTSERRAT,1
"CEVALLOS, Virrey 100",145000,9135000,815,85,NO,63,PRIMER,MONTSERRAT,1
"CEVALLOS, Virrey 400",210000,13230000,1373,0,NO,63,PRIMER,MONTSERRAT,1
"CEVALLOS, Virrey 654",110000,6930000,1467,50,NO,63,PRIMER,MONTSERRAT,1
CHACABUCO 100,85000,5355000,1700,40,NO,63,PRIMER,MONTSERRAT,1
CHACABUCO 100,89000,5607000,1894,50,NO,63,PRIMER,MONTSERRAT,1
CHACABUCO 147,100000,6300000,2128,0,NO,63,PRIMER,MONTSERRAT,1
CHACABUCO 200,360000,22680000,1000,0,NO,63,PRIMER,MONTSERRAT,1
CHACABUCO 400,275000,17325000,1375,20,NO,63,PRIMER,MONTSERRAT,1
CHILE 1400,190000,11970000,1900,0,NO,63,PRIMER,MONTSERRAT,1
CHILE 1600,60000,3780000,6000,60,NO,63,PRIMER,MONTSERRAT,1
CHILE 1700,110000,6930000,2895,25,NO,63,PRIMER,MONTSERRAT,1
CHILE 900,230000,14490000,1150,0,NO,63,PRIMER,MONTSERRAT,1
DE MAYO 1200,990000,62370000,2727,0,NO,63,PRIMER,MONTSERRAT,1
DE MAYO 1200,1300000,81900000,3581,90,NO,63,PRIMER,MONTSERRAT,1
DE MAYO 1260,23000,1449000,821,0,NO,63,PRIMER,MONTSERRAT,1
DE MAYO 1300,30900,1946700,1818,0,NO,63,PRIMER,MONTSERRAT,1
DE MAYO 1343,60000,3780000,1500,60,NO,63,PRIMER,MONTSERRAT,1
DE MAYO 500,900000,56700000,8182,0,NO,63,PRIMER,MONTSERRAT,1
ENTRE RIOS 100,1200000,75600000,1500,0,NO,63,PRIMER,MONTSERRAT,1
ENTRE RIOS 188,1200000,75600000,1500,0,NO,63,PRIMER,MONTSERRAT,1
ENTRE RIOS 232,230000,14490000,3651,50,NO,63,PRIMER,MONTSERRAT,1
INDEPENDENCIA 1382,179000,11277000,2106,10,NO,63,PRIMER,MONTSERRAT,1
LIMA 200,420000,26460000,1750,0,NO,63,PRIMER,MONTSERRAT,1
MEXICO 1100,110000,6930000,1078,50,NO,63,PRIMER,MONTSERRAT,1
MEXICO 1100,140000,8820000,1400,100,NO,63,PRIMER,MONTSERRAT,1
MEXICO 1541,145000,9135000,1090,0,NO,63,PRIMER,MONTSERRAT,1
MEXICO 1700,276000,17388000,1232,45,NO,63,PRIMER,MONTSERRAT,1
MEXICO 1700,285000,17955000,1500,0,NO,63,PRIMER,MONTSERRAT,1
MEXICO 1776,280000,17640000,1905,95,NO,63,PRIMER,MONTSERRAT,1
MEXICO 400,295000,18585000,1475,50,NO,63,PRIMER,MONTSERRAT,1
MEXICO 400,280000,17640000,2947,90,NO,63,PRIMER,MONTSERRAT,1
MEXICO 459,350000,22050000,1750,0,NO,63,PRIMER,MONTSERRAT,1
MORENO 1300,300000,18900000,534,0,NO,63,PRIMER,MONTSERRAT,1
MORENO 1616,160000,10080000,2051,10,NO,63,PRIMER,MONTSERRAT,1
MORENO 1700,280000,17640000,1217,0,NO,63,PRIMER,MONTSERRAT,1
MORENO 1800,470000,29610000,1295,40,NO,63,PRIMER,MONTSERRAT,1
MORENO 1800,450000,28350000,1324,35,NO,63,PRIMER,MONTSERRAT,1
MORENO 200,680000,42840000,824,0,NO,63,PRIMER,MONTSERRAT,1
MORENO 913,700000,44100000,1400,10,NO,63,PRIMER,MONTSERRAT,1
PERU 200,550000,34650000,1884,0,NO,63,PRIMER,MONTSERRAT,1
PERU 400,2170000,136710000,992,0,NO,63,PRIMER,MONTSERRAT,1
PERU 600,450000,28350000,2557,0,NO,63,PRIMER,MONTSERRAT,1
PIEDRAS 100,875000,55125000,700,0,NO,63,PRIMER,MONTSERRAT,1
PIEDRAS 100,980000,61740000,788,0,NO,63,PRIMER,MONTSERRAT,1
PIEDRAS 100,220000,13860000,880,0,NO,63,PRIMER,MONTSERRAT,1
PIEDRAS 120,248000,15624000,1837,45,NO,63,PRIMER,MONTSERRAT,1
PIEDRAS 600,195000,12285000,961,0,NO,63,PRIMER,MONTSERRAT,1
PIEDRAS 99,1200000,75600000,2697,0,NO,63,PRIMER,MONTSERRAT,1
PIEDRAS 99,760000,47880000,850,100,NO,63,PRIMER,MONTSERRAT,1
RIVADAVIA 1100,500000,31500000,769,0,SI,63,PRIMER,MONTSERRAT,1
RIVADAVIA 900,165000,10395000,1044,40,NO,63,PRIMER,MONTSERRAT,1
RIVADAVIA 900,310000,19530000,395,0,NO,63,PRIMER,MONTSERRAT,1
"ROCA, JULIO A., Pres. 600",1200000,75600000,3593,60,NO,63,PRIMER,MONTSERRAT,1
"SAENZ PENA, LUIS, PRES. 300",129000,8127000,1897,50,NO,63,PRIMER,MONTSERRAT,1
"SAENZ PENA, LUIS, PRES. 400",58000,3654000,2900,50,NO,63,PRIMER,MONTSERRAT,1
"SAENZ PENA, LUIS, PRES. 700",60000,3780000,2000,60,NO,63,PRIMER,MONTSERRAT,1
"SAENZ PENA, LUIS, PRES. 800",98000,6174000,990,0,NO,63,PRIMER,MONTSERRAT,1
SALTA 100,199000,12537000,2073,0,NO,63,PRIMER,MONTSERRAT,1
SALTA 200,230000,14490000,1186,70,NO,63,PRIMER,MONTSERRAT,1
SALTA 200,110000,6930000,1803,0,NO,63,PRIMER,MONTSERRAT,1
SALTA 200,260000,16380000,2626,0,NO,63,PRIMER,MONTSERRAT,1
SALTA 300,210000,13230000,1288,40,NO,63,PRIMER,MONTSERRAT,1
SALTA 300,210000,13230000,1338,55,NO,63,PRIMER,MONTSERRAT,1
SALTA 300,220000,13860000,1410,70,NO,63,PRIMER,MONTSERRAT,1
SALTA 300,599000,37737000,1711,48,NO,63,PRIMER,MONTSERRAT,1
SALTA 308,189000,11907000,1074,60,NO,63,PRIMER,MONTSERRAT,1
SALTA 500,1100000,69300000,1528,0,NO,63,PRIMER,MONTSERRAT,1
SALTA 560,670000,42210000,1288,5,NO,63,PRIMER,MONTSERRAT,1
SALTA 600,53200,3351600,1612,50,NO,63,PRIMER,MONTSERRAT,1
SALTA 800,170000,10710000,1339,10,NO,63,PRIMER,MONTSERRAT,1
SAN JOSE 200,290000,18270000,2014,60,NO,63,PRIMER,MONTSERRAT,1
SAN JOSE 800,70000,4410000,1273,35,NO,63,PRIMER,MONTSERRAT,1
SANTIAGO DEL ESTERO 100,90000,5670000,698,40,NO,63,PRIMER,MONTSERRAT,1
SANTIAGO DEL ESTERO 75,25000,1575000,1786,40,NO,63,PRIMER,MONTSERRAT,1
SANTIAGO DEL ESTERO 75,39000,2457000,2786,16,NO,63,PRIMER,MONTSERRAT,1
SOLIS 100,140000,8820000,3043,50,NO,63,PRIMER,MONTSERRAT,1
SOLIS 200,79900,5033700,615,0,NO,63,PRIMER,MONTSERRAT,1
SOLIS 300,135000,8505000,1250,70,NO,63,PRIMER,MONTSERRAT,1
SOLIS 700,90000,5670000,2368,48,NO,63,PRIMER,MONTSERRAT,1
TACUARI 161,135000,8505000,1709,0,SI,63,PRIMER,MONTSERRAT,1
TACUARI 200,250000,15750000,2500,60,NO,63,PRIMER,MONTSERRAT,1
TACUARI 600,120000,7560000,1667,80,NO,63,PRIMER,MONTSERRAT,1
VENEZUELA 1200,220000,13860000,647,60,NO,63,PRIMER,MONTSERRAT,1
VENEZUELA 1302,900000,56700000,1000,30,NO,63,PRIMER,MONTSERRAT,1
VENEZUELA 400,320000,20160000,1231,0,NO,63,PRIMER,MONTSERRAT,1
VENEZUELA 400,130000,8190000,2281,60,NO,63,PRIMER,MONTSERRAT,1
VENEZUELA 400,89000,5607000,2967,80,NO,63,PRIMER,MONTSERRAT,1
VENEZUELA 600,320000,20160000,1778,20,NO,63,PRIMER,MONTSERRAT,1
VENEZUELA 700,312000,19656000,2197,25,NO,63,PRIMER,MONTSERRAT,1
"YRIGOYEN, HIPOLITO 1300",210000,13230000,1489,0,NO,63,PRIMER,MONTSERRAT,1
"YRIGOYEN, HIPOLITO 1300",200000,12600000,2299,0,NO,63,PRIMER,MONTSERRAT,1
"YRIGOYEN, HIPOLITO 1500",210000,13230000,2333,40,NO,63,PRIMER,MONTSERRAT,1
"YRIGOYEN, HIPOLITO 687",148500,9355500,1238,50,NO,63,PRIMER,MONTSERRAT,1
"YRIGOYEN, HIPOLITO 778",320000,20160000,1317,45,NO,63,PRIMER,MONTSERRAT,1
"YRIGOYEN, HIPOLITO 800",870000,54810000,858,0,NO,63,PRIMER,MONTSERRAT,1
24 DE NOVIEMBRE 1100,69000,4347000,2091,35,NO,63,PRIMER,SAN CRISTOBAL,3
"CALVO, CARLOS 1990",190000,11970000,969,65,NO,63,PRIMER,SAN CRISTOBAL,3
"CALVO, CARLOS 2000",85000,5355000,1771,30,SI,63,PRIMER,SAN CRISTOBAL,3
"CALVO, CARLOS 2900",87000,5481000,1706,30,SI,63,PRIMER,SAN CRISTOBAL,3
COCHABAMBA 3300,260000,16380000,542,0,NO,63,PRIMER,SAN CRISTOBAL,3
ENTRE RIOS 900,450000,28350000,1822,40,NO,63,PRIMER,SAN CRISTOBAL,3
ENTRE RIOS 900,500000,31500000,2174,0,NO,63,PRIMER,SAN CRISTOBAL,3
ENTRE RIOS 900,300000,18900000,3750,0,NO,63,PRIMER,SAN CRISTOBAL,3
ESTADOS UNIDOS 2200,185000,11655000,873,80,NO,63,PRIMER,SAN CRISTOBAL,3
ESTADOS UNIDOS 2800,280000,17640000,1609,44,NO,63,PRIMER,SAN CRISTOBAL,3
ESTADOS UNIDOS 2824,1500000,94500000,638,20,NO,63,PRIMER,SAN CRISTOBAL,3
INDEPENDENCIA 2020,210000,13230000,1615,60,NO,63,PRIMER,SAN CRISTOBAL,3
INDEPENDENCIA 2600,420000,26460000,1099,90,NO,63,PRIMER,SAN CRISTOBAL,3
INDEPENDENCIA 3000,280000,17640000,2745,50,NO,63,PRIMER,SAN CRISTOBAL,3
INDEPENDENCIA 3090,180000,11340000,2195,0,NO,63,PRIMER,SAN CRISTOBAL,3
INDEPENDENCIA 3300,900000,56700000,2609,0,NO,63,PRIMER,SAN CRISTOBAL,3
LA RIOJA 1200,109000,6867000,1147,0,NO,63,PRIMER,SAN CRISTOBAL,3
LA RIOJA 900,900000,56700000,2000,0,NO,63,PRIMER,SAN CRISTOBAL,3
PAVON 2100,82000,5166000,1025,40,NO,63,PRIMER,SAN CRISTOBAL,3
PAVON 2100,125000,7875000,1276,80,NO,63,PRIMER,SAN CRISTOBAL,3
PAVON 2107,90000,5670000,818,0,NO,63,PRIMER,SAN CRISTOBAL,3
PAVON 2600,90000,5670000,947,0,NO,63,PRIMER,SAN CRISTOBAL,3
PAVON 2900,350000,22050000,787,50,NO,63,PRIMER,SAN CRISTOBAL,3
SAN JUAN 2300,480000,30240000,1116,0,NO,63,PRIMER,SAN CRISTOBAL,3
SAN JUAN 2400,240000,15120000,2526,0,SI,63,PRIMER,SAN CRISTOBAL,3
SAN JUAN 2400,120000,7560000,3333,35,SI,63,PRIMER,SAN CRISTOBAL,3
SAN JUAN 2400,153800,9689400,4157,30,SI,63,PRIMER,SAN CRISTOBAL,3
SAN JUAN 2800,390000,24570000,2407,0,SI,63,PRIMER,SAN CRISTOBAL,3
25 DE MAYO 500,1600000,100800000,1481,0,NO,63,PRIMER,SAN NICOLAS,1
"ALEM, LEANDRO N. 400",795000,50085000,1440,0,NO,63,PRIMER,SAN NICOLAS,1
CALLAO 200,360000,22680000,2449,0,NO,63,PRIMER,SAN NICOLAS,1
CERRITO 134,500000,31500000,2326,50,NO,63,PRIMER,SAN NICOLAS,1
CERRITO 800,700000,44100000,3398,15,NO,63,PRIMER,SAN NICOLAS,1
CORDOBA 400,18000,1134000,1385,0,NO,63,PRIMER,SAN NICOLAS,1
CORDOBA 400,65000,4095000,2031,36,NO,63,PRIMER,SAN NICOLAS,1
CORDOBA 634,500000,31500000,1613,50,NO,63,PRIMER,SAN NICOLAS,1
CORDOBA 800,650000,40950000,1884,0,NO,63,PRIMER,SAN NICOLAS,1
CORRIENTES 1300,63000,3969000,2333,40,NO,63,PRIMER,SAN NICOLAS,1
CORRIENTES 500,4000000,252000000,3213,0,NO,63,PRIMER,SAN NICOLAS,1
ESMERALDA 500,16000,1008000,1600,40,NO,63,PRIMER,SAN NICOLAS,1
ESMERALDA 500,450000,28350000,1907,0,NO,63,PRIMER,SAN NICOLAS,1
ESMERALDA 800,490000,30870000,1047,0,NO,63,PRIMER,SAN NICOLAS,1
ESMERALDA 800,450000,28350000,2273,0,NO,63,PRIMER,SAN NICOLAS,1
FLORIDA 300,3800000,239400000,5846,0,NO,63,PRIMER,SAN NICOLAS,1
FLORIDA 400,55000,3465000,2500,0,NO,63,PRIMER,SAN NICOLAS,1
FLORIDA 500,50000,3150000,1515,0,NO,63,PRIMER,SAN NICOLAS,1
FLORIDA 500,91000,5733000,2220,35,NO,63,PRIMER,SAN NICOLAS,1
FLORIDA 500,340000,21420000,9714,0,NO,63,PRIMER,SAN NICOLAS,1
FLORIDA 800,25000,1575000,1316,50,NO,63,PRIMER,SAN NICOLAS,1
FLORIDA 800,750000,47250000,2174,0,NO,63,PRIMER,SAN NICOLAS,1
FLORIDA 800,79000,4977000,2633,0,NO,63,PRIMER,SAN NICOLAS,1
FLORIDA 800,180000,11340000,3333,40,NO,63,PRIMER,SAN NICOLAS,1
LAVALLE 1320,500000,31500000,1667,22,NO,63,PRIMER,SAN NICOLAS,1
LAVALLE 1320,500000,31500000,1754,22,NO,63,PRIMER,SAN NICOLAS,1
LAVALLE 1461,320000,20160000,5926,50,NO,63,PRIMER,SAN NICOLAS,1
LAVALLE 1600,1300000,81900000,3562,0,NO,63,PRIMER,SAN NICOLAS,1
LAVALLE 400,595000,37485000,2565,0,NO,63,PRIMER,SAN NICOLAS,1
LAVALLE 423,590000,37170000,2878,35,NO,63,PRIMER,SAN NICOLAS,1
LAVALLE 500,650000,40950000,8025,40,NO,63,PRIMER,SAN NICOLAS,1
LAVALLE 500,750000,47250000,9494,0,NO,63,PRIMER,SAN NICOLAS,1
LAVALLE 700,420000,26460000,10000,0,NO,63,PRIMER,SAN NICOLAS,1
LAVALLE 700,4650000,292950000,2535,40,NO,63,PRIMER,SAN NICOLAS,1
LAVALLE 700,480000,30240000,6000,0,NO,63,PRIMER,SAN NICOLAS,1
LAVALLE 777,5900000,371700000,6317,20,NO,63,PRIMER,SAN NICOLAS,1
LAVALLE 835,40000,2520000,2857,35,NO,63,PRIMER,SAN NICOLAS,1
LAVALLEJA 100,110000,6930000,2821,35,NO,63,PRIMER,SAN NICOLAS,1
LAVALLEJA 39,200000,12600000,1111,45,NO,63,PRIMER,SAN NICOLAS,1
LIBERTAD 200,45000,2835000,5625,0,NO,63,PRIMER,SAN NICOLAS,1
LIBERTAD 282,120000,7560000,3077,30,NO,63,PRIMER,SAN NICOLAS,1
LIBERTAD 700,1100000,69300000,2107,0,SI,63,PRIMER,SAN NICOLAS,1
LIBERTAD 700,900000,56700000,4500,0,SI,63,PRIMER,SAN NICOLAS,1
LIBERTAD 800,170000,10710000,2742,0,NO,63,PRIMER,SAN NICOLAS,1
MAIPU 700,1400000,88200000,1944,0,NO,63,PRIMER,SAN NICOLAS,1
"MITRE, BARTOLOME 1100",300000,18900000,926,0,NO,63,PRIMER,SAN NICOLAS,1
"MITRE, BARTOLOME 1145",950000,59850000,830,0,NO,63,PRIMER,SAN NICOLAS,1
"MITRE, BARTOLOME 1200",152000,9576000,626,0,NO,63,PRIMER,SAN NICOLAS,1
"MITRE, BARTOLOME 1200",300000,18900000,909,99,NO,63,PRIMER,SAN NICOLAS,1
"MITRE, BARTOLOME 1300",350000,22050000,1944,55,NO,63,PRIMER,SAN NICOLAS,1
"MITRE, BARTOLOME 1400",350000,22050000,2448,40,NO,63,PRIMER,SAN NICOLAS,1
"MITRE, BARTOLOME 1500",550000,34650000,1603,0,NO,63,PRIMER,SAN NICOLAS,1
"MITRE, BARTOLOME 1600",1850000,116550000,2490,70,NO,63,PRIMER,SAN NICOLAS,1
MONTEVIDEO 100,147000,9261000,808,0,NO,63,PRIMER,SAN NICOLAS,1
MONTEVIDEO 500,389000,24507000,3777,0,NO,63,PRIMER,SAN NICOLAS,1
MONTEVIDEO 600,185000,11655000,1423,60,NO,63,PRIMER,SAN NICOLAS,1
MONTEVIDEO 650,145000,9135000,2544,0,NO,63,PRIMER,SAN NICOLAS,1
MONTEVIDEO 700,135000,8505000,1627,80,NO,63,PRIMER,SAN NICOLAS,1
MONTEVIDEO 700,280000,17640000,2121,0,NO,63,PRIMER,SAN NICOLAS,1
MONTEVIDEO 768,275000,17325000,1937,40,NO,63,PRIMER,SAN NICOLAS,1
MONTEVIDEO 800,220000,13860000,1486,40,NO,63,PRIMER,SAN NICOLAS,1
MONTEVIDEO 800,239000,15057000,1615,0,NO,63,PRIMER,SAN NICOLAS,1
PARANA 100,250000,15750000,6098,0,NO,63,PRIMER,SAN NICOLAS,1
PARANA 800,890000,56070000,2557,70,NO,63,PRIMER,SAN NICOLAS,1
"PELLEGRINI, CARLOS 700",26000,1638000,1368,35,NO,63,PRIMER,SAN NICOLAS,1
"PERON, JUAN DOMINGO, TTE. 1200",830000,52290000,1039,60,NO,63,PRIMER,SAN NICOLAS,1
"PERON, JUAN DOMINGO, TTE. 1200",650000,40950000,6190,0,NO,63,PRIMER,SAN NICOLAS,1
"PERON, JUAN DOMINGO, TTE. 1400",190000,11970000,1810,60,NO,63,PRIMER,SAN NICOLAS,1
"PERON, JUAN DOMINGO, TTE. 1433",355000,22365000,3550,0,NO,63,PRIMER,SAN NICOLAS,1
"PERON, JUAN DOMINGO, TTE. 1452",249000,15687000,1153,40,NO,63,PRIMER,SAN NICOLAS,1
"PERON, JUAN DOMINGO, TTE. 1600",175000,11025000,1522,60,NO,63,PRIMER,SAN NICOLAS,1
"PERON, JUAN DOMINGO, TTE. 1600",90000,5670000,1698,0,NO,63,PRIMER,SAN NICOLAS,1
"PERON, JUAN DOMINGO, TTE. 1601",580000,36540000,2320,10,NO,63,PRIMER,SAN NICOLAS,1
RECONQUISTA 800,800000,50400000,2210,0,NO,63,PRIMER,SAN NICOLAS,1
"RIVAROLA, RODOLFO, Dr. 100",314900,19838700,1129,0,NO,63,PRIMER,SAN NICOLAS,1
RODRIGUEZ PENA 100,118000,7434000,1573,20,NO,63,PRIMER,SAN NICOLAS,1
RODRIGUEZ PENA 100,160000,10080000,1905,3,NO,63,PRIMER,SAN NICOLAS,1
RODRIGUEZ PENA 300,310000,19530000,1550,20,NO,63,PRIMER,SAN NICOLAS,1
RODRIGUEZ PENA 311,150000,9450000,2273,40,NO,63,PRIMER,SAN NICOLAS,1
RODRIGUEZ PENA 315,250000,15750000,2841,40,NO,63,PRIMER,SAN NICOLAS,1
RODRIGUEZ PENA 400,949000,59787000,6456,0,NO,63,PRIMER,SAN NICOLAS,1
"SAENZ PENA, ROQUE, PRES. 300",129000,8127000,1897,50,NO,63,PRIMER,SAN NICOLAS,1
SARMIENTO 1179,40000,2520000,1818,40,NO,63,PRIMER,SAN NICOLAS,1
SARMIENTO 1200,290000,18270000,15263,0,NO,63,PRIMER,SAN NICOLAS,1
SARMIENTO 1200,330000,20790000,3056,80,NO,63,PRIMER,SAN NICOLAS,1
SARMIENTO 1500,235000,14805000,1546,45,NO,63,PRIMER,SAN NICOLAS,1
SARMIENTO 400,950000,59850000,1583,30,NO,63,PRIMER,SAN NICOLAS,1
"MITRE, BARTOLOME 756",600000,37800000,1351,30,NO,63,PRIMER,SAN NICOLAS,1
SUIPACHA 200,285000,17955000,2111,50,NO,63,PRIMER,SAN NICOLAS,1
SUIPACHA 201,410000,25830000,1206,30,NO,63,PRIMER,SAN NICOLAS,1
SUIPACHA 400,110000,6930000,1833,0,SI,63,PRIMER,SAN NICOLAS,1
SUIPACHA 700,220000,13860000,2292,0,NO,63,PRIMER,SAN NICOLAS,1
SUIPACHA 700,220000,13860000,2857,45,NO,63,PRIMER,SAN NICOLAS,1
SUIPACHA 800,140000,8820000,1217,0,NO,63,PRIMER,SAN NICOLAS,1
SUIPACHA 800,215000,13545000,6324,60,NO,63,PRIMER,SAN NICOLAS,1
TALCAHUANO 300,55000,3465000,1058,0,NO,63,PRIMER,SAN NICOLAS,1
TALCAHUANO 300,90000,5670000,989,0,NO,63,PRIMER,SAN NICOLAS,1
TALCAHUANO 59,165000,10395000,3113,0,NO,63,PRIMER,SAN NICOLAS,1
TUCUMAN 1300,395000,24885000,3292,50,NO,63,PRIMER,SAN NICOLAS,1
TUCUMAN 1400,84000,5292000,3360,0,NO,63,PRIMER,SAN NICOLAS,1
TUCUMAN 1480,690000,43470000,1420,35,NO,63,PRIMER,SAN NICOLAS,1
TUCUMAN 1600,465000,29295000,3470,0,NO,63,PRIMER,SAN NICOLAS,1
TUCUMAN 1602,380000,23940000,2714,0,NO,63,PRIMER,SAN NICOLAS,1
TUCUMAN 1700,500000,31500000,1562,58,NO,63,PRIMER,SAN NICOLAS,1
TUCUMAN 600,650000,40950000,1667,0,NO,63,PRIMER,SAN NICOLAS,1
TUCUMAN 700,340000,21420000,1858,40,NO,63,PRIMER,SAN NICOLAS,1
TUCUMAN 700,420000,26460000,3333,60,NO,63,PRIMER,SAN NICOLAS,1
TUCUMAN 900,155000,9765000,1270,0,NO,63,PRIMER,SAN NICOLAS,1
URUGUAY 200,170000,10710000,2208,50,NO,63,PRIMER,SAN NICOLAS,1
URUGUAY 300,550000,34650000,2835,0,NO,63,PRIMER,SAN NICOLAS,1
URUGUAY 672,100000,6300000,1000,50,NO,63,PRIMER,SAN NICOLAS,1
VIAMONTE 1400,1200000,75600000,1326,80,NO,63,PRIMER,SAN NICOLAS,1
VIAMONTE 1400,350000,22050000,1786,49,NO,63,PRIMER,SAN NICOLAS,1
VIAMONTE 1600,1300000,81900000,2114,0,NO,63,PRIMER,SAN NICOLAS,1
VIAMONTE 1700,180000,11340000,3396,0,NO,63,PRIMER,SAN NICOLAS,1
VIAMONTE 1800,270000,17010000,1837,25,NO,63,PRIMER,SAN NICOLAS,1
VIAMONTE 300,420000,26460000,2386,90,NO,63,PRIMER,SAN NICOLAS,1
VIAMONTE 600,449000,28287000,879,60,NO,63,PRIMER,SAN NICOLAS,1
VIAMONTE 700,500000,31500000,2083,0,NO,63,PRIMER,SAN NICOLAS,1
VIAMONTE 700,380000,23940000,4935,28,NO,63,PRIMER,SAN NICOLAS,1
BALCARCE 1300,122000,7686000,1694,50,NO,63,PRIMER,SAN TELMO,1
BALCARCE 854,730000,45990000,2212,90,NO,63,PRIMER,SAN TELMO,1
BOLIVAR 1200,79999,5039937,597,40,NO,63,PRIMER,SAN TELMO,1
BOLIVAR 800,600000,37800000,1190,0,NO,63,PRIMER,SAN TELMO,1
BOLIVAR 800,380000,23940000,1551,0,NO,63,PRIMER,SAN TELMO,1
BRASIL 400,650000,40950000,1083,70,NO,63,PRIMER,SAN TELMO,1
"CALVO, CARLOS 0",1450000,91350000,4833,30,NO,63,PRIMER,SAN TELMO,1
"CALVO, CARLOS 300",1200000,75600000,6000,0,SI,63,PRIMER,SAN TELMO,1
"CALVO, CARLOS 400",219000,13797000,2355,0,SI,63,PRIMER,SAN TELMO,1
"CALVO, CARLOS 400",130000,8190000,5417,60,NO,63,PRIMER,SAN TELMO,1
"CALVO, CARLOS 600",198000,12474000,1238,0,NO,63,PRIMER,SAN TELMO,1
"CALVO, CARLOS 600",450000,28350000,1452,30,NO,63,PRIMER,SAN TELMO,1
"CALVO, CARLOS 600",650000,40950000,2653,0,NO,63,PRIMER,SAN TELMO,1
CASEROS 400,1300000,81900000,2425,90,NO,63,PRIMER,SAN TELMO,1
CHACABUCO 1100,270000,17010000,2250,50,NO,63,PRIMER,SAN TELMO,1
CHACABUCO 1200,180000,11340000,1224,0,NO,63,PRIMER,SAN TELMO,1
COCHABAMBA 500,390000,24570000,1083,40,NO,63,PRIMER,SAN TELMO,1
DEFENSA 1100,190000,11970000,1118,120,NO,63,PRIMER,SAN TELMO,1
DEFENSA 1100,49000,3087000,1750,70,NO,63,PRIMER,SAN TELMO,1
DEFENSA 1100,90000,5670000,1765,140,NO,63,PRIMER,SAN TELMO,1
DEFENSA 1100,1150000,72450000,2674,160,NO,63,PRIMER,SAN TELMO,1
DEFENSA 1300,1100000,69300000,837,30,NO,63,PRIMER,SAN TELMO,1
DEFENSA 1600,155000,9765000,2246,45,NO,63,PRIMER,SAN TELMO,1
DEFENSA 900,750000,47250000,3750,70,NO,63,PRIMER,SAN TELMO,1
ESTADOS UNIDOS 700,320000,20160000,1641,0,NO,63,PRIMER,SAN TELMO,1
ESTADOS UNIDOS 800,80000,5040000,3333,0,NO,63,PRIMER,SAN TELMO,1
"GARAY, JUAN DE 659",195000,12285000,4239,8,NO,63,PRIMER,SAN TELMO,1
"GARAY, JUAN DE 800",155000,9765000,2583,0,NO,63,PRIMER,SAN TELMO,1
HUMBERTO 1° 200,300000,18900000,1875,9,NO,63,PRIMER,SAN TELMO,1
HUMBERTO 1° 400,550000,34650000,2292,90,NO,63,PRIMER,SAN TELMO,1
INDEPENDENCIA 600,280000,17640000,2000,0,NO,63,PRIMER,SAN TELMO,1
PASEO COLON 1000,295000,18585000,1152,47,NO,63,PRIMER,SAN TELMO,1
PASEO COLON 1100,249000,15687000,2128,0,NO,63,PRIMER,SAN TELMO,1
PASEO COLON 1100,132000,8316000,3220,35,NO,63,PRIMER,SAN TELMO,1
PERU 1200,850000,53550000,1061,0,NO,63,PRIMER,SAN TELMO,1
PERU 1447,105000,6615000,2386,65,NO,63,PRIMER,SAN TELMO,1
PIEDRAS 700,200000,12600000,1515,0,NO,63,PRIMER,SAN TELMO,1
PIEDRAS 906,290000,18270000,1559,0,NO,63,PRIMER,SAN TELMO,1
SAN LORENZO 300,330000,20790000,1634,100,SI,63,PRIMER,SAN TELMO,1
AMENABAR 1700,140000,8820000,3590,30,NO,63,PRIMER,BELGRANO,13
ARCOS 1700,480000,30240000,8000,0,SI,63,PRIMER,BELGRANO,13
ARCOS 2400,298000,18774000,3239,0,NO,63,PRIMER,BELGRANO,13
"BALBIN, RICARDO, DR. 2400",430000,27090000,1903,0,NO,63,PRIMER,BELGRANO,13
BLANCO ENCALADA 1500,2000000,126000000,6061,50,NO,63,PRIMER,BELGRANO,13
BLANCO ENCALADA 2000,130000,8190000,3611,15,NO,63,PRIMER,BELGRANO,13
BLANCO ENCALADA 2100,175000,11025000,2059,0,NO,63,PRIMER,BELGRANO,13
BLANCO ENCALADA 2200,190000,11970000,2262,0,NO,63,PRIMER,BELGRANO,13
BLANCO ENCALADA 2300,450000,28350000,2812,20,NO,63,PRIMER,BELGRANO,13
BLANCO ENCALADA 2300,300000,18900000,3333,0,NO,63,PRIMER,BELGRANO,13
BLANCO ENCALADA 2300,299000,18837000,4153,30,NO,63,PRIMER,BELGRANO,13
BLANCO ENCALADA 2383,275000,17325000,4661,0,NO,63,PRIMER,BELGRANO,13
BLANCO ENCALADA 2400,290000,18270000,5472,0,NO,63,PRIMER,BELGRANO,13
BLANCO ENCALADA 2883,150000,9450000,4286,40,NO,63,PRIMER,BELGRANO,13
BLANCO ENCALADA 3300,230000,14490000,3651,9,NO,63,PRIMER,BELGRANO,13
CABILDO 1800,105000,6615000,5000,35,SI,63,PRIMER,BELGRANO,13
CABILDO 1800,150000,9450000,6000,60,NO,63,PRIMER,BELGRANO,13
CABILDO 1800,155000,9765000,7045,40,NO,63,PRIMER,BELGRANO,13
CABILDO 2000,45000,2835000,1500,0,NO,63,PRIMER,BELGRANO,13
CABILDO 2200,60000,3780000,1333,0,NO,63,PRIMER,BELGRANO,13
CABILDO 2200,1350000,85050000,15000,40,NO,63,PRIMER,BELGRANO,13
CABILDO 2200,37000,2331000,1542,0,NO,63,PRIMER,BELGRANO,13
CABILDO 2200,36000,2268000,1714,40,NO,63,PRIMER,BELGRANO,13
CABILDO 2200,85000,5355000,4048,40,NO,63,PRIMER,BELGRANO,13
CABILDO 2200,250000,15750000,926,38,NO,63,PRIMER,BELGRANO,13
CABILDO 2230,32000,2016000,1280,30,NO,63,PRIMER,BELGRANO,13
CABILDO 2230,43000,2709000,977,40,NO,63,PRIMER,BELGRANO,13
CABILDO 2232,170000,10710000,2881,0,NO,63,PRIMER,BELGRANO,13
CABILDO 2280,80000,5040000,1143,45,NO,63,PRIMER,BELGRANO,13
CABILDO 2300,2400000,151200000,10909,35,NO,63,PRIMER,BELGRANO,13
CABILDO 2400,38000,2394000,1810,40,NO,63,PRIMER,BELGRANO,13
CABILDO 2422,54900,3458700,1830,0,NO,63,PRIMER,BELGRANO,13
CABILDO 2600,1980000,124740000,6781,0,NO,63,PRIMER,BELGRANO,13
CABILDO 2680,60000,3780000,1667,1,NO,63,PRIMER,BELGRANO,13
CIUDAD DE LA PAZ 1951,170000,10710000,3864,35,NO,63,PRIMER,BELGRANO,13
CIUDAD DE LA PAZ 2200,68000,4284000,819,50,NO,63,PRIMER,BELGRANO,13
CIUDAD DE LA PAZ 2500,299000,18837000,3602,10,NO,63,PRIMER,BELGRANO,13
CIUDAD DE LA PAZ 2500,330000,20790000,3882,0,NO,63,PRIMER,BELGRANO,13
CONGRESO 2400,300000,18900000,4615,0,NO,63,PRIMER,BELGRANO,13
CUBA 2200,448000,28224000,4667,30,NO,63,PRIMER,BELGRANO,13
DEL LIBERTADOR 5900,990000,62370000,6188,0,NO,63,PRIMER,BELGRANO,13
DEL LIBERTADOR 6300,1100000,69300000,14286,0,NO,63,PRIMER,BELGRANO,13
ECHEVERRIA 2498,43000,2709000,3071,42,NO,63,PRIMER,BELGRANO,13
ECHEVERRIA 2800,580000,36540000,4427,0,NO,63,PRIMER,BELGRANO,13
ECHEVERRIA 2923,398000,25074000,3345,0,NO,63,PRIMER,BELGRANO,13
ECHEVERRIA 3339,140000,8820000,9333,0,NO,63,PRIMER,BELGRANO,13
ELCANO 2700,200000,12600000,5263,0,NO,63,PRIMER,BELGRANO,13
"FREIRE, RAMON, CAP. GRAL. 2427",58000,3654000,2636,47,NO,63,PRIMER,BELGRANO,13
"HERNANDEZ, JOSE 2700",300000,18900000,2308,22,NO,63,PRIMER,BELGRANO,13
JURAMENTO 1300,2700000,170100000,4110,0,SI,63,PRIMER,BELGRANO,13
JURAMENTO 1548,210000,13230000,7500,50,NO,63,PRIMER,BELGRANO,13
JURAMENTO 1600,40000,2520000,4000,0,NO,63,PRIMER,BELGRANO,13
JURAMENTO 2807,90000,5670000,4500,0,NO,63,PRIMER,BELGRANO,13
JURAMENTO 2900,185000,11655000,5000,0,NO,63,PRIMER,BELGRANO,13
JURAMENTO 3101,550000,34650000,1890,70,NO,63,PRIMER,BELGRANO,13
LA PAMPA 2000,129000,8127000,3225,40,NO,63,PRIMER,BELGRANO,13
LA PAMPA 2000,185000,11655000,7115,0,NO,63,PRIMER,BELGRANO,13
LA PAMPA 2300,660000,41580000,9429,30,NO,63,PRIMER,BELGRANO,13
LA PAMPA 2700,108000,6804000,1895,15,NO,63,PRIMER,BELGRANO,13
LA PAMPA 2800,280000,17640000,2772,100,NO,63,PRIMER,BELGRANO,13
"LORETO, Virrey 2400",2200000,138600000,4400,0,NO,63,PRIMER,BELGRANO,13
MOLDES 2100,345000,21735000,4259,0,NO,63,PRIMER,BELGRANO,13
MONROE 1700,70000,4410000,3182,40,NO,63,PRIMER,BELGRANO,13
MONROE 2300,1500000,94500000,4000,0,NO,63,PRIMER,BELGRANO,13
MONROE 2400,290000,18270000,4143,0,NO,63,PRIMER,BELGRANO,13
MONROE 2500,220000,13860000,4783,60,NO,63,PRIMER,BELGRANO,13
MONROE 2700,265000,16695000,2054,40,NO,63,PRIMER,BELGRANO,13
MONROE 3100,2020000,127260000,3061,0,NO,63,PRIMER,BELGRANO,13
"NAON, ROMULO 2189",150000,9450000,6000,40,NO,63,PRIMER,BELGRANO,13
O'HIGGINS 2100,150000,9450000,3750,20,NO,63,PRIMER,BELGRANO,13
OLAZABAL 2000,1050000,66150000,2414,30,NO,63,PRIMER,BELGRANO,13
OLAZABAL 2500,250000,15750000,2841,35,NO,63,PRIMER,BELGRANO,13
OLAZABAL 2500,170000,10710000,5152,40,NO,63,PRIMER,BELGRANO,13
OLAZABAL 2900,89900,5663700,2430,5,NO,63,PRIMER,BELGRANO,13
OLAZABAL 3650,105000,6615000,2763,43,NO,63,PRIMER,BELGRANO,13
OLLEROS 1600,950000,59850000,6985,0,NO,63,PRIMER,BELGRANO,13
"RIVERA, PEDRO I., Dr. 2900",85000,5355000,1848,20,NO,63,PRIMER,BELGRANO,13
"RIVERA, PEDRO I., Dr. 2900",590000,37170000,3598,0,NO,63,PRIMER,BELGRANO,13
ROOSEVELT FRANKLIN D. 2500,149000,9387000,2014,30,NO,63,PRIMER,BELGRANO,13
"SUCRE, ANTONIO JOSE de, Mcal. 1300",1250000,78750000,8333,25,NO,63,PRIMER,BELGRANO,13
"SUCRE, ANTONIO JOSE de, Mcal. 1500",400000,25200000,4000,1,NO,63,PRIMER,BELGRANO,13
"SUCRE, ANTONIO JOSE de, Mcal. 3000",180000,11340000,9000,0,NO,63,PRIMER,BELGRANO,13
"SUCRE, ANTONIO JOSE de, Mcal. 950",134000,8442000,3722,2,NO,63,PRIMER,BELGRANO,13
"UGARTE, MANUEL 1500",4000000,252000000,5822,40,NO,63,PRIMER,BELGRANO,13
"UGARTE, MANUEL 1708",425000,26775000,5667,1,NO,63,PRIMER,BELGRANO,13
VIDAL 1800,200000,12600000,4000,7,NO,63,PRIMER,BELGRANO,13
VUELTA DE OBLIGADO 1973,61000,3843000,2773,45,NO,63,PRIMER,BELGRANO,13
ZAPIOLA 1790,99000,6237000,2062,40,SI,63,PRIMER,BELGRANO,13
ZAPIOLA 2000,18000,1134000,1500,0,NO,63,PRIMER,BELGRANO,13
"BALBIN, RICARDO, DR. 2700",1250000,78750000,7812,35,NO,63,PRIMER,COGHLAN,12
"BALBIN, RICARDO, DR. 2811",62000,3906000,1879,35,NO,63,PRIMER,COGHLAN,12
"BALBIN, RICARDO, DR. 3000",259000,16317000,2072,40,NO,63,PRIMER,COGHLAN,12
"BALBIN, RICARDO, DR. 3400",2500000,157500000,2232,0,NO,63,PRIMER,COGHLAN,12
"BALBIN, RICARDO, DR. 3400",90000,5670000,3600,35,NO,63,PRIMER,COGHLAN,12
"FREIRE, RAMON, CAP. GRAL. 2800",95000,5985000,3654,20,NO,63,PRIMER,COGHLAN,12
MELIAN 3500,620000,39060000,2385,0,NO,63,PRIMER,COGHLAN,12
MONROE 3728,135000,8505000,1588,70,NO,63,PRIMER,COGHLAN,12
"RIVERA, PEDRO I., Dr. 4000",82000,5166000,1547,0,NO,63,PRIMER,COGHLAN,12
"UGARTE, MANUEL 3500",209000,13167000,2459,45,NO,63,PRIMER,COGHLAN,12
"UGARTE, MANUEL 3800",330000,20790000,1460,0,NO,63,PRIMER,COGHLAN,12
"ALVAREZ, THOMAS 1000",415000,26145000,2231,5,NO,63,PRIMER,COLEGIALES,13
"ALVAREZ, THOMAS 1002",79000,4977000,488,5,NO,63,PRIMER,COLEGIALES,13
"ALVAREZ, THOMAS 1300",420000,26460000,1634,40,NO,63,PRIMER,COLEGIALES,13
"ALVAREZ, THOMAS 300",180000,11340000,4865,10,NO,63,PRIMER,COLEGIALES,13
AMENABAR 1200,195000,12285000,3980,0,NO,63,PRIMER,COLEGIALES,13
AMENABAR 800,150000,9450000,2344,0,NO,63,PRIMER,COLEGIALES,13
CIUDAD DE LA PAZ 1069,198000,12474000,2444,44,NO,63,PRIMER,COLEGIALES,13
CIUDAD DE LA PAZ 1100,205000,12915000,2500,0,NO,63,PRIMER,COLEGIALES,13
CIUDAD DE LA PAZ 500,188000,11844000,1938,35,NO,63,PRIMER,COLEGIALES,13
CONDE 1200,475000,29925000,2762,6,NO,63,PRIMER,COLEGIALES,13
CONDE 1400,95000,5985000,2021,0,NO,63,PRIMER,COLEGIALES,13
"FREIRE, RAMON, CAP. GRAL. 1300",115000,7245000,1620,30,NO,63,PRIMER,COLEGIALES,13
"GARCIA, TEODORO 3209",240000,15120000,4000,25,NO,63,PRIMER,COLEGIALES,13
"LACROZE, FEDERICO 3500",190000,11970000,3333,0,NO,63,PRIMER,COLEGIALES,13
"LORETO, Virrey 3600",180000,11340000,1111,35,NO,63,PRIMER,COLEGIALES,13
"NEWBERY, JORGE 3400",450000,28350000,3103,3,NO,63,PRIMER,COLEGIALES,13
"OLAGUER Y FELIU, Virrey 2400",215000,13545000,3525,0,NO,63,PRIMER,COLEGIALES,13
PALPA 2450,144999,9134937,1859,35,NO,63,PRIMER,COLEGIALES,13
SUPERI 1400,66000,4158000,1886,0,NO,63,PRIMER,COLEGIALES,13
ZAPIOLA 1500,560000,35280000,1647,20,NO,63,PRIMER,COLEGIALES,13
11 DE SEPTIEMBRE DE 1888 3100,920000,57960000,1840,20,NO,63,PRIMER,NUÑEZ,13
AZURDUY JUANA 2200,1300000,81900000,2167,0,NO,63,PRIMER,NUÑEZ,13
AZURDUY JUANA 2481,370000,23310000,2569,1,NO,63,PRIMER,NUÑEZ,13
CABILDO 3299,519000,32697000,11043,31,NO,63,PRIMER,NUÑEZ,13
CABILDO 3600,380000,23940000,2099,45,NO,63,PRIMER,NUÑEZ,13
CABILDO 4700,480000,30240000,2069,0,NO,63,PRIMER,NUÑEZ,13
CABILDO 4769,1296000,81648000,3349,0,NO,63,PRIMER,NUÑEZ,13
CABILDO 4800,650000,40950000,5417,3,NO,63,PRIMER,NUÑEZ,13
CABILDO 4900,155000,9765000,3100,0,SI,63,PRIMER,NUÑEZ,13
CAMPOS SALLES 2350,135000,8505000,2872,30,NO,63,PRIMER,NUÑEZ,13
CIUDAD DE LA PAZ 3500,470000,29610000,1328,0,NO,63,PRIMER,NUÑEZ,13
CONGRESO 2560,340000,21420000,5231,0,NO,63,PRIMER,NUÑEZ,13
CONGRESO 2580,350000,22050000,5645,0,NO,63,PRIMER,NUÑEZ,13
CRAMER 3600,69500,4378500,2780,0,NO,63,PRIMER,NUÑEZ,13
DEL LIBERTADOR 6800,950000,59850000,3654,0,NO,63,PRIMER,NUÑEZ,13
DEL LIBERTADOR 6800,980000,61740000,5444,0,NO,63,PRIMER,NUÑEZ,13
DEL LIBERTADOR 6800,1000000,63000000,5556,0,NO,63,PRIMER,NUÑEZ,13
DEL LIBERTADOR 8200,2300000,144900000,6005,0,NO,63,PRIMER,NUÑEZ,13
GUAYRA 2257,89000,5607000,2405,37,NO,63,PRIMER,NUÑEZ,13
IBERA 2184,89000,5607000,1534,0,NO,63,PRIMER,NUÑEZ,13
"LARRALDE, CRISOLOGO 2400",410000,25830000,1981,0,NO,63,PRIMER,NUÑEZ,13
MOLDES 3000,66500,4189500,2771,0,NO,63,PRIMER,NUÑEZ,13
NUNEZ 2200,75000,4725000,3125,30,NO,63,PRIMER,NUÑEZ,13
NUNEZ 2600,85000,5355000,2576,38,NO,63,PRIMER,NUÑEZ,13
"PAZ, GRAL. 600",280000,17640000,3457,30,NO,63,PRIMER,NUÑEZ,13
"PEDRAZA, MANUELA 1700",720000,45360000,1200,45,NO,63,PRIMER,NUÑEZ,13
"PEDRAZA, MANUELA 1700",680000,42840000,1511,80,NO,63,PRIMER,NUÑEZ,13
QUESADA 2100,90000,5670000,2308,40,NO,63,PRIMER,NUÑEZ,13
QUESADA 2600,800000,50400000,4706,18,NO,63,PRIMER,NUÑEZ,13
RAMALLO 1700,690000,43470000,7263,0,SI,63,PRIMER,NUÑEZ,13
VIDAL 2900,71000,4473000,3737,25,NO,63,PRIMER,NUÑEZ,13
"ACUÑA DE FIGUEROA, FRANCISCO 1500",190000,11970000,5135,1,NO,63,PRIMER,PALERMO,14
"ACUÑA DE FIGUEROA, FRANCISCO 1600",110000,6930000,1618,40,NO,63,PRIMER,PALERMO,14
"ALVAREZ, JULIAN 1128",530000,33390000,2804,60,NO,63,PRIMER,PALERMO,14
ANASAGASTI 2000,1500000,94500000,2778,88,NO,63,PRIMER,PALERMO,14
ARAOZ 2400,980000,61740000,4645,20,SI,63,PRIMER,PALERMO,14
ARCE 700,160000,10080000,7619,30,NO,63,PRIMER,PALERMO,14
ARENALES 3500,240000,15120000,5854,5,NO,63,PRIMER,PALERMO,14
AREVALO 1400,108000,6804000,4500,21,NO,63,PRIMER,PALERMO,14
AREVALO 2800,990000,62370000,4714,0,NO,63,PRIMER,PALERMO,14
AREVALO 2800,1100000,69300000,5093,0,NO,63,PRIMER,PALERMO,14
ARMENIA 1933,650000,40950000,7222,2,SI,63,PRIMER,PALERMO,14
ARMENIA 2000,490000,30870000,6622,0,NO,63,PRIMER,PALERMO,14
ARMENIA 2031,680000,42840000,2833,9,NO,63,PRIMER,PALERMO,14
ARMENIA 2300,450000,28350000,3103,4,NO,63,PRIMER,PALERMO,14
BAEZ 200,1100000,69300000,4889,0,NO,63,PRIMER,PALERMO,14
BAEZ 200,1100000,69300000,5093,0,NO,63,PRIMER,PALERMO,14
BAEZ 300,1200000,75600000,3000,0,SI,63,PRIMER,PALERMO,14
BAEZ 300,1400000,88200000,4000,0,NO,63,PRIMER,PALERMO,14
BERUTI 3334,630000,39690000,4200,0,NO,63,PRIMER,PALERMO,14
BERUTI 3336,130000,8190000,3171,15,NO,63,PRIMER,PALERMO,14
BONPLAND 1400,200000,12600000,3030,10,NO,63,PRIMER,PALERMO,14
BONPLAND 1500,170000,10710000,4146,10,NO,63,PRIMER,PALERMO,14
BONPLAND 1500,105000,6615000,4200,25,NO,63,PRIMER,PALERMO,14
BONPLAND 1600,229000,14427000,3635,0,NO,63,PRIMER,PALERMO,14
BONPLAND 1700,830000,52290000,2456,0,NO,63,PRIMER,PALERMO,14
BONPLAND 2029,220000,13860000,4889,0,NO,63,PRIMER,PALERMO,14
BONPLAND 2239,255000,16065000,2742,50,NO,63,PRIMER,PALERMO,14
BONPLAND 2287,220000,13860000,5946,0,NO,63,PRIMER,PALERMO,14
BONPLAND 2385,200000,12600000,4167,0,NO,63,PRIMER,PALERMO,14
"BORGES, JORGE LUIS 1700",500000,31500000,14286,0,NO,63,PRIMER,PALERMO,14
"BORGES, JORGE LUIS 1905",850000,53550000,2450,0,NO,63,PRIMER,PALERMO,14
"BORGES, JORGE LUIS 2100",790000,49770000,3098,0,NO,63,PRIMER,PALERMO,14
"BORGES, JORGE LUIS 2300",318000,20034000,3347,0,NO,63,PRIMER,PALERMO,14
BULNES 1400,670000,42210000,1396,60,NO,63,PRIMER,PALERMO,14
BULNES 1600,1300000,81900000,3591,80,NO,63,PRIMER,PALERMO,14
BULNES 1700,1100000,69300000,6111,0,NO,63,PRIMER,PALERMO,14
BULNES 1800,1100000,69300000,6180,20,NO,63,PRIMER,PALERMO,14
BULNES 2500,1400000,88200000,4000,0,NO,63,PRIMER,PALERMO,14
BULNES 2500,1400000,88200000,5054,0,NO,63,PRIMER,PALERMO,14
CABELLO 3400,354000,22302000,4986,2,NO,63,PRIMER,PALERMO,14
CABELLO 3426,320000,20160000,4507,1,NO,63,PRIMER,PALERMO,14
CABELLO 3600,800000,50400000,7339,0,NO,63,PRIMER,PALERMO,14
CABILDO 100,120000,7560000,2264,20,NO,63,PRIMER,PALERMO,14
CABILDO 200,400000,25200000,7018,0,NO,63,PRIMER,PALERMO,14
CABILDO 400,390000,24570000,6000,40,SI,63,PRIMER,PALERMO,14
"CABRERA, JOSE A. 3782",290000,18270000,2736,1,SI,63,PRIMER,PALERMO,14
"CABRERA, JOSE A. 3798",86000,5418000,2867,0,NO,63,PRIMER,PALERMO,14
"CABRERA, JOSE A. 5100",800000,50400000,4000,0,NO,63,PRIMER,PALERMO,14
"CABRERA, JOSE A. 6000",440000,27720000,2514,3,SI,63,PRIMER,PALERMO,14
"CAMPOS, LUIS M. 1300",580000,36540000,4567,30,NO,63,PRIMER,PALERMO,14
"CAMPOS, LUIS M. 800",510000,32130000,6145,40,NO,63,PRIMER,PALERMO,14
"CARRANZA, ANGEL JUSTINIANO 1500",780000,49140000,6000,0,NO,63,PRIMER,PALERMO,14
"CARRANZA, ANGEL JUSTINIANO 2235",800000,50400000,3137,5,NO,63,PRIMER,PALERMO,14
"CARRANZA, ANGEL JUSTINIANO 2300",400000,25200000,4255,0,NO,63,PRIMER,PALERMO,14
CERVIÑO 3300,620000,39060000,6200,20,NO,63,PRIMER,PALERMO,14
CERVIÑO 3387,25000,1575000,500,5,NO,63,PRIMER,PALERMO,14
CHARCAS 4400,639000,40257000,2719,46,NO,63,PRIMER,PALERMO,14
CHARCAS 4700,315000,19845000,3706,40,NO,63,PRIMER,PALERMO,14
CHARCAS 4700,350000,22050000,5385,44,NO,63,PRIMER,PALERMO,14
CHARCAS 4719,699000,44037000,3393,0,NO,63,PRIMER,PALERMO,14
CIUDAD DE LA PAZ 200,570000,35910000,2346,15,NO,63,PRIMER,PALERMO,14
CORDOBA 3600,5500000,346500000,2850,0,NO,63,PRIMER,PALERMO,14
CORDOBA 3700,1200000,75600000,3000,0,NO,63,PRIMER,PALERMO,14
CORDOBA 4000,250000,15750000,1969,20,NO,63,PRIMER,PALERMO,14
CORDOBA 4100,320000,20160000,1778,4,NO,63,PRIMER,PALERMO,14
CORDOBA 4200,1950000,122850000,4062,35,NO,63,PRIMER,PALERMO,14
CORDOBA 4400,589000,37107000,5355,15,NO,63,PRIMER,PALERMO,14
CORDOBA 4500,1100000,69300000,1930,60,SI,63,PRIMER,PALERMO,14
CORDOBA 4500,430000,27090000,4300,0,NO,63,PRIMER,PALERMO,14
CORDOBA 4800,900000,56700000,3896,10,NO,63,PRIMER,PALERMO,14
CORDOBA 4800,395000,24885000,4438,25,NO,63,PRIMER,PALERMO,14
COSTA RICA 4100,119500,7528500,3414,35,NO,63,PRIMER,PALERMO,14
COSTA RICA 4800,950000,59850000,2794,50,NO,63,PRIMER,PALERMO,14
COSTA RICA 5100,650000,40950000,2579,0,NO,63,PRIMER,PALERMO,14
COSTA RICA 5545,700000,44100000,3182,4,NO,63,PRIMER,PALERMO,14
"DIAZ, CNEL. 1700",580000,36540000,2857,25,NO,63,PRIMER,PALERMO,14
"DUMONT, SANTOS 2459",105000,6615000,4200,35,NO,63,PRIMER,PALERMO,14
EL SALVADOR 4400,420000,26460000,3443,4,NO,63,PRIMER,PALERMO,14
EL SALVADOR 4800,1100000,69300000,7857,0,NO,63,PRIMER,PALERMO,14
EL SALVADOR 5500,710000,44730000,2029,60,NO,63,PRIMER,PALERMO,14
EL SALVADOR 5800,580000,36540000,2900,50,NO,63,PRIMER,PALERMO,14
FITZ ROY 2100,298000,18774000,3311,2,NO,63,PRIMER,PALERMO,14
FITZ ROY 2100,249000,15687000,3458,2,NO,63,PRIMER,PALERMO,14
FITZ ROY 2100,215000,13545000,3583,10,NO,63,PRIMER,PALERMO,14
FRAY JUSTO SANTAMARIA DE ORO 100,400000,25200000,3390,0,NO,63,PRIMER,PALERMO,14
FRAY JUSTO SANTAMARIA DE ORO 2300,115000,7245000,3710,45,NO,63,PRIMER,PALERMO,14
FRAY JUSTO SANTAMARIA DE ORO 2600,470000,29610000,4700,0,NO,63,PRIMER,PALERMO,14
FRENCH 3500,250000,15750000,5814,0,NO,63,PRIMER,PALERMO,14
"GARCIA, TEODORO 1800",200000,12600000,4000,50,NO,63,PRIMER,PALERMO,14
"GARCIA, TEODORO 1847",160000,10080000,3478,46,NO,63,PRIMER,PALERMO,14
GASCON 1600,79000,4977000,3762,40,NO,63,PRIMER,PALERMO,14
GODOY CRUZ 1700,900000,56700000,2169,0,NO,63,PRIMER,PALERMO,14
GODOY CRUZ 1700,465000,29295000,3720,10,NO,63,PRIMER,PALERMO,14
GODOY CRUZ 1700,790000,49770000,4702,0,NO,63,PRIMER,PALERMO,14
GORRITI 3700,240000,15120000,5714,5,NO,63,PRIMER,PALERMO,14
GORRITI 4100,120000,7560000,4138,9,NO,63,PRIMER,PALERMO,14
GORRITI 4400,180000,11340000,2769,0,NO,63,PRIMER,PALERMO,14
GORRITI 4600,850000,53550000,850,30,NO,63,PRIMER,PALERMO,14
GORRITI 4700,1250000,78750000,13021,50,SI,63,PRIMER,PALERMO,14
GORRITI 4700,1250000,78750000,3378,40,NO,63,PRIMER,PALERMO,14
GORRITI 5900,600000,37800000,3109,60,NO,63,PRIMER,PALERMO,14
GUATEMALA 4400,309800,19517400,2383,36,NO,63,PRIMER,PALERMO,14
GUATEMALA 4549,1250000,78750000,4682,40,NO,63,PRIMER,PALERMO,14
GUATEMALA 5500,525000,33075000,2625,9,NO,63,PRIMER,PALERMO,14
GUEMES 3782,490000,30870000,2526,0,NO,63,PRIMER,PALERMO,14
GUEMES 3917,125000,7875000,4630,50,NO,63,PRIMER,PALERMO,14
GUEMES 4500,95000,5985000,3654,40,NO,63,PRIMER,PALERMO,14
GUEMES 4800,342000,21546000,4560,0,NO,63,PRIMER,PALERMO,14
GURRUCHAGA 1500,800000,50400000,8000,0,NO,63,PRIMER,PALERMO,14
GURRUCHAGA 1900,690000,43470000,7667,60,NO,63,PRIMER,PALERMO,14
GURRUCHAGA 2434,260000,16380000,2549,0,NO,63,PRIMER,PALERMO,14
HONDURAS 1400,179500,11308500,1851,6,NO,63,PRIMER,PALERMO,14
HONDURAS 3861,165000,10395000,4459,6,NO,63,PRIMER,PALERMO,14
HONDURAS 4153,179900,11333700,1799,0,NO,63,PRIMER,PALERMO,14
HONDURAS 4600,790000,49770000,2926,40,NO,63,PRIMER,PALERMO,14
HONDURAS 5200,980000,61740000,4900,50,NO,63,PRIMER,PALERMO,14
HONDURAS 5300,750000,47250000,6944,0,NO,63,PRIMER,PALERMO,14
HONDURAS 6000,590000,37170000,2565,0,NO,63,PRIMER,PALERMO,14
HUMBOLDT 1400,549000,34587000,3268,0,NO,63,PRIMER,PALERMO,14
HUMBOLDT 2337,650000,40950000,2579,0,NO,63,PRIMER,PALERMO,14
JUNCAL 3600,220000,13860000,5500,10,NO,63,PRIMER,PALERMO,14
LAFINUR 2900,385000,24255000,5133,0,NO,63,PRIMER,PALERMO,14
LAFINUR 2900,395000,24885000,5643,0,NO,63,PRIMER,PALERMO,14
"LAS HERAS, GRAL. 3000",2100000,132300000,7581,0,NO,63,PRIMER,PALERMO,14
"LAS HERAS, GRAL. 3500",650000,40950000,4062,0,NO,63,PRIMER,PALERMO,14
"LAS HERAS, GRAL. 3600",4000000,252000000,5714,0,NO,63,PRIMER,PALERMO,14
"LAS HERAS, GRAL. 3699",4200000,264600000,6000,0,NO,63,PRIMER,PALERMO,14
"LAS HERAS, GRAL. 3700",4200000,264600000,5385,0,NO,63,PRIMER,PALERMO,14
"LAS HERAS, GRAL. 3700",385000,24255000,6417,0,NO,63,PRIMER,PALERMO,14
MALABIA 1200,89200,5619600,4460,45,NO,63,PRIMER,PALERMO,14
MALABIA 1200,135000,8505000,6750,30,NO,63,PRIMER,PALERMO,14
MALABIA 1400,137000,8631000,4281,20,NO,63,PRIMER,PALERMO,14
MALABIA 1500,1390000,87570000,5792,8,NO,63,PRIMER,PALERMO,14
MALABIA 2000,89000,5607000,4450,0,NO,63,PRIMER,PALERMO,14
MALABIA 2400,700000,44100000,3500,10,NO,63,PRIMER,PALERMO,14
"MATIENZO, BENJAMIN,TTE. 1500",200000,12600000,4444,5,NO,63,PRIMER,PALERMO,14
"MATIENZO, BENJAMIN,TTE. 1500",230000,14490000,4600,0,NO,63,PRIMER,PALERMO,14
"MATIENZO, BENJAMIN,TTE. 1600",240000,15120000,4800,0,NO,63,PRIMER,PALERMO,14
"MATIENZO, BENJAMIN,TTE. 2400",150000,9450000,2308,0,NO,63,PRIMER,PALERMO,14
"MATIENZO, BENJAMIN,TTE. 2489",292300,18414900,3700,0,NO,63,PRIMER,PALERMO,14
"MATIENZO, BENJAMIN,TTE. 2500",2800000,176400000,8284,0,NO,63,PRIMER,PALERMO,14
MAURE 1600,390000,24570000,11471,20,NO,63,PRIMER,PALERMO,14
MEDRANO 1126,229000,14427000,2290,0,NO,63,PRIMER,PALERMO,14
MIGUELETES 700,240000,15120000,4615,40,NO,63,PRIMER,PALERMO,14
MIGUELETES 700,250000,15750000,5000,6,NO,63,PRIMER,PALERMO,14
MIGUELETES 757,350000,22050000,5000,0,NO,63,PRIMER,PALERMO,14
"NEWBERY, JORGE 400",140000,8820000,576,30,NO,63,PRIMER,PALERMO,14
NICARAGUA 4300,90000,5670000,4500,40,NO,63,PRIMER,PALERMO,14
NICARAGUA 4600,1500000,94500000,4412,9,NO,63,PRIMER,PALERMO,14
NICARAGUA 5500,340000,21420000,2677,0,NO,63,PRIMER,PALERMO,14
OLLEROS 2400,315000,19845000,6562,0,SI,63,PRIMER,PALERMO,14
ORTEGA Y GASSET 1800,498000,31374000,2692,4,NO,63,PRIMER,PALERMO,14
ORTIZ DE OCAMPO 2500,450000,28350000,3041,20,NO,63,PRIMER,PALERMO,14
ORTIZ DE OCAMPO 2600,350000,22050000,1620,0,NO,63,PRIMER,PALERMO,14
PARAGUAY 3800,140000,8820000,3889,40,NO,63,PRIMER,PALERMO,14
PARAGUAY 4200,190000,11970000,2405,40,NO,63,PRIMER,PALERMO,14
PARAGUAY 4300,210000,13230000,2471,45,NO,63,PRIMER,PALERMO,14
PARAGUAY 4500,260000,16380000,2857,15,NO,63,PRIMER,PALERMO,14
PARAGUAY 5100,300000,18900000,4918,60,NO,63,PRIMER,PALERMO,14
PARAGUAY 5200,189000,11907000,5400,35,NO,63,PRIMER,PALERMO,14
PARAGUAY 5300,350000,22050000,11667,20,NO,63,PRIMER,PALERMO,14
PAUNERO 2734,350000,22050000,5556,1,NO,63,PRIMER,PALERMO,14
REPUBLICA DE ESLOVENIA 1816,115000,7245000,3594,45,SI,63,PRIMER,PALERMO,14
REPUBLICA DE ESLOVENIA 1900,445000,28035000,2781,4,SI,63,PRIMER,PALERMO,14
REPUBLICA DE ESLOVENIA 1900,420000,26460000,3500,0,SI,63,PRIMER,PALERMO,14
REPUBLICA DE LA INDIA 3139,685000,43155000,4757,40,SI,63,PRIMER,PALERMO,14
REPUBLICA DOMINICANA 3300,510000,32130000,5930,0,SI,63,PRIMER,PALERMO,14
"SALGUERO, JERONIMO 1200",220000,13860000,3385,20,NO,63,PRIMER,PALERMO,14
"SALGUERO, JERONIMO 1382",98000,6174000,2042,40,NO,63,PRIMER,PALERMO,14
"SALGUERO, JERONIMO 1400",379000,23877000,2461,89,NO,63,PRIMER,PALERMO,14
"SALGUERO, JERONIMO 1604",600000,37800000,4800,3,SI,63,PRIMER,PALERMO,14
"SALGUERO, JERONIMO 1800",13000,819000,1625,0,SI,63,PRIMER,PALERMO,14
"SALGUERO, JERONIMO 1800",230000,14490000,4423,40,NO,63,PRIMER,PALERMO,14
SANTA FE 3500,30000,1890000,1250,0,NO,63,PRIMER,PALERMO,14
SANTA FE 4200,510000,32130000,1619,0,NO,63,PRIMER,PALERMO,14
SANTA FE 4400,750000,47250000,12500,30,NO,63,PRIMER,PALERMO,14
SANTA FE 4400,35000,2205000,1944,40,NO,63,PRIMER,PALERMO,14
SANTA FE 5000,1100000,69300000,5093,0,NO,63,PRIMER,PALERMO,14
SANTA FE 5051,1100000,69300000,5023,40,NO,63,PRIMER,PALERMO,14
SARMIENTO 3000,89000,5607000,1508,58,NO,63,PRIMER,PALERMO,14
SARMIENTO 3000,35000,2205000,1750,40,NO,63,PRIMER,PALERMO,14
SARMIENTO 4200,92000,5796000,3067,40,NO,63,PRIMER,PALERMO,14
"SCALABRINI ORTIZ, RAUL 1600",295000,18585000,2287,45,NO,63,PRIMER,PALERMO,14
"SCALABRINI ORTIZ, RAUL 1700",110000,6930000,2821,34,NO,63,PRIMER,PALERMO,14
"SCALABRINI ORTIZ, RAUL 1800",190000,11970000,3393,50,NO,63,PRIMER,PALERMO,14
"SCALABRINI ORTIZ, RAUL 1800",750000,47250000,5357,50,NO,63,PRIMER,PALERMO,14
"SCALABRINI ORTIZ, RAUL 2000",1599999,100799937,5333,0,NO,63,PRIMER,PALERMO,14
"SCALABRINI ORTIZ, RAUL 3700",199900,12593700,2149,40,NO,63,PRIMER,PALERMO,14
"SEGUI, JUAN FRANCISCO 3500",360000,22680000,2835,0,NO,63,PRIMER,PALERMO,14
SOLDADO DE LA INDEPENDEN. 1300,118000,7434000,3189,30,NO,63,PRIMER,PALERMO,14
SOLDADO DE LA INDEPENDEN. 700,160000,10080000,7273,35,NO,63,PRIMER,PALERMO,14
SOLDADO DE LA INDEPENDEN. 900,850000,53550000,3080,0,NO,63,PRIMER,PALERMO,14
SOLER 4477,205000,12915000,2847,50,NO,63,PRIMER,PALERMO,14
SOLER 6000,499900,31493700,3845,2,SI,63,PRIMER,PALERMO,14
SOLER 6000,700000,44100000,4667,0,SI,63,PRIMER,PALERMO,14
THAMES 1400,1200000,75600000,2857,0,NO,63,PRIMER,PALERMO,14
THAMES 1700,219000,13797000,7300,0,NO,63,PRIMER,PALERMO,14
THAMES 1800,280000,17640000,1867,0,NO,63,PRIMER,PALERMO,14
THAMES 2000,990000,62370000,2475,100,NO,63,PRIMER,PALERMO,14
UGARTECHE 3100,380000,23940000,6333,0,NO,63,PRIMER,PALERMO,14
URIARTE 1400,115000,7245000,2875,30,NO,63,PRIMER,PALERMO,14
URIARTE 1500,285000,17955000,3800,20,NO,63,PRIMER,PALERMO,14
URIARTE 1600,990000,62370000,5593,50,NO,63,PRIMER,PALERMO,14
URIARTE 2000,190000,11970000,3800,0,NO,63,PRIMER,PALERMO,14
"VEGA, NICETO, Cnel. 5500",155000,9765000,2583,35,NO,63,PRIMER,PALERMO,14
"VEGA, NICETO, Cnel. 5500",599000,37737000,3328,0,NO,63,PRIMER,PALERMO,14
"VEGA, NICETO, Cnel. 5600",335000,21105000,2410,0,NO,63,PRIMER,PALERMO,14
VIDT 1900,150000,9450000,1111,45,NO,63,PRIMER,PALERMO,14
VIDT 1900,450000,28350000,1931,0,NO,63,PRIMER,PALERMO,14
VIDT 1900,450000,28350000,2601,25,NO,63,PRIMER,PALERMO,14
VIDT 1900,170000,10710000,3400,0,NO,63,PRIMER,PALERMO,14
ZAPALA 100,79000,4977000,3950,0,NO,63,PRIMER,PALERMO,14
ZAPALA 100,80000,5040000,4000,0,NO,63,PRIMER,PALERMO,14
ZAPALA 187,82000,5166000,3280,0,NO,63,PRIMER,PALERMO,14
ZAPATA 301,450000,28350000,5294,0,NO,63,PRIMER,PALERMO,14
"COSSENTTINI, OLGA 1100",530000,33390000,5699,12,SI,63,PRIMER,PUERTO MADERO,1
"COSSENTTINI, OLGA 1300",950000,59850000,6985,0,NO,63,PRIMER,PUERTO MADERO,1
"COSSENTTINI, OLGA 1300",850000,53550000,7203,2,NO,63,PRIMER,PUERTO MADERO,1
"DEALESSI, PIERINA 1200",1150000,72450000,9127,0,NO,63,PRIMER,PUERTO MADERO,1
"DEALESSI, PIERINA 1300",950000,59850000,7037,4,NO,63,PRIMER,PUERTO MADERO,1
"DEALESSI, PIERINA 1300",850000,53550000,7203,4,NO,63,PRIMER,PUERTO MADERO,1
"DEALESSI, PIERINA 1300",1000000,63000000,8929,0,NO,63,PRIMER,PUERTO MADERO,1
LANTERI JULIETA 1700,480000,30240000,2365,0,NO,63,PRIMER,PUERTO MADERO,1
LANTERI JULIETA 1700,592000,37296000,3895,0,NO,63,PRIMER,PUERTO MADERO,1
LANTERI JULIETA 1700,2600000,163800000,4082,0,NO,63,PRIMER,PUERTO MADERO,1
LANTERI JULIETA 1700,760000,47880000,4551,0,NO,63,PRIMER,PUERTO MADERO,1
LANTERI JULIETA 1700,515000,32445000,4640,0,NO,63,PRIMER,PUERTO MADERO,1
LANTERI JULIETA 1700,740000,46620000,4684,0,NO,63,PRIMER,PUERTO MADERO,1
MANSO JUANA 100,4600000,289800000,3221,0,NO,63,PRIMER,PUERTO MADERO,1
MANSO JUANA 100,3500000,220500000,4902,0,NO,63,PRIMER,PUERTO MADERO,1
MANSO JUANA 100,2400000,151200000,6667,0,NO,63,PRIMER,PUERTO MADERO,1
MANSO JUANA 1800,2660000,167580000,2712,0,NO,63,PRIMER,PUERTO MADERO,1
MANSO JUANA 1800,2200000,138600000,2981,0,NO,63,PRIMER,PUERTO MADERO,1
"MOREAU DE JUSTO, ALICIA 1700",1720000,108360000,3621,20,NO,63,PRIMER,PUERTO MADERO,1
"MOREAU DE JUSTO, ALICIA 1700",2900000,182700000,5577,0,NO,63,PRIMER,PUERTO MADERO,1
"MOREAU DE JUSTO, ALICIA 2000",1000000,63000000,4545,0,NO,63,PRIMER,PUERTO MADERO,1
"MOREAU DE JUSTO, ALICIA 700",1100000,69300000,5500,5,NO,63,PRIMER,PUERTO MADERO,1
"MOREAU DE JUSTO, ALICIA 700",750000,47250000,8523,12,NO,63,PRIMER,PUERTO MADERO,1
PAINE AIME 1300,1400000,88200000,5622,3,NO,63,PRIMER,PUERTO MADERO,1
"VERA PENALOZA, ROSARIO 300",2500000,157500000,5376,0,NO,63,PRIMER,PUERTO MADERO,1
"VERA PENALOZA, ROSARIO 300",1900000,119700000,5429,0,NO,63,PRIMER,PUERTO MADERO,1
"VERA PENALOZA, ROSARIO 420",594000,37422000,5450,1,NO,63,PRIMER,PUERTO MADERO,1
AGUERO 1100,160000,10080000,4444,35,NO,63,PRIMER,RECOLETA,2
AGUERO 1200,125000,7875000,4167,0,NO,63,PRIMER,RECOLETA,2
AGUERO 1200,120000,7560000,4800,1,NO,63,PRIMER,RECOLETA,2
AGUERO 1600,312000,19656000,1560,0,NO,63,PRIMER,RECOLETA,2
AGUERO 1900,390000,24570000,5417,35,NO,63,PRIMER,RECOLETA,2
AGUERO 2200,180000,11340000,3000,20,NO,63,PRIMER,RECOLETA,2
ALVEAR 1700,69000,4347000,3000,0,NO,63,PRIMER,RECOLETA,2
ALVEAR 1700,370000,23310000,6852,0,NO,63,PRIMER,RECOLETA,2
ALVEAR 1800,120000,7560000,12000,6,NO,63,PRIMER,RECOLETA,2
ALVEAR 1800,320000,20160000,13333,40,NO,63,PRIMER,RECOLETA,2
ALVEAR 1981,1200000,75600000,18182,0,NO,63,PRIMER,RECOLETA,2
"ALVEAR, MARCELO T. De 1400",750000,47250000,1889,60,NO,63,PRIMER,RECOLETA,2
"ALVEAR, MARCELO T. De 1400",600000,37800000,2521,90,NO,63,PRIMER,RECOLETA,2
"ALVEAR, MARCELO T. De 1400",620000,39060000,2531,0,NO,63,PRIMER,RECOLETA,2
"ALVEAR, MARCELO T. De 1658",190000,11970000,3958,45,NO,63,PRIMER,RECOLETA,2
"ALVEAR, MARCELO T. De 1900",250000,15750000,2315,40,NO,63,PRIMER,RECOLETA,2
"ALVEAR, MARCELO T. De 2100",550000,34650000,5914,0,NO,63,PRIMER,RECOLETA,2
"ANCHORENA, TOMAS M. DE, DR 1300",205000,12915000,1289,40,NO,63,PRIMER,RECOLETA,2
"ANCHORENA, TOMAS M. DE, DR 1300",265000,16695000,1667,60,NO,63,PRIMER,RECOLETA,2
"ANCHORENA, TOMAS M. DE, DR 1775",183000,11529000,3389,33,NO,63,PRIMER,RECOLETA,2
ARENALES 1700,2950000,185850000,2201,20,NO,63,PRIMER,RECOLETA,2
ARENALES 1700,3300000,207900000,5500,0,NO,63,PRIMER,RECOLETA,2
ARENALES 1700,150000,9450000,6818,0,NO,63,PRIMER,RECOLETA,2
ARENALES 2000,240000,15120000,1667,50,NO,63,PRIMER,RECOLETA,2
ARENALES 2000,263000,16569000,1826,50,NO,63,PRIMER,RECOLETA,2
ARENALES 2000,260000,16380000,1831,50,NO,63,PRIMER,RECOLETA,2
ARENALES 2600,150000,9450000,1579,50,NO,63,PRIMER,RECOLETA,2
ARENALES 2800,200000,12600000,3571,0,NO,63,PRIMER,RECOLETA,2
ARENALES 2800,205000,12915000,6833,0,NO,63,PRIMER,RECOLETA,2
ARENALES 2800,230000,14490000,8214,25,NO,63,PRIMER,RECOLETA,2
ARENALES 3300,150000,9450000,3571,0,NO,63,PRIMER,RECOLETA,2
AYACUCHO 1200,3000000,189000000,3102,20,NO,63,PRIMER,RECOLETA,2
AYACUCHO 1200,280000,17640000,8485,0,NO,63,PRIMER,RECOLETA,2
AYACUCHO 1300,295000,18585000,2864,45,NO,63,PRIMER,RECOLETA,2
AYACUCHO 1400,1300000,81900000,1857,0,NO,63,PRIMER,RECOLETA,2
AYACUCHO 1700,460000,28980000,2968,0,NO,63,PRIMER,RECOLETA,2
AZCUENAGA 1800,350000,22050000,3043,45,NO,63,PRIMER,RECOLETA,2
BERUTI 3011,275000,17325000,2619,60,NO,63,PRIMER,RECOLETA,2
BILLINGHURST 2300,560000,35280000,3111,35,NO,63,PRIMER,RECOLETA,2
BILLINGHURST 2400,190000,11970000,6129,0,NO,63,PRIMER,RECOLETA,2
"BRAVO, MARIO 1300",170000,10710000,2982,50,NO,63,PRIMER,RECOLETA,2
"CABRERA, JOSE A. 2900",195000,12285000,8478,0,SI,63,PRIMER,RECOLETA,2
"CABRERA, JOSE A. 3400",90000,5670000,3000,35,SI,63,PRIMER,RECOLETA,2
CALLAO 1000,1200000,75600000,2087,0,SI,63,PRIMER,RECOLETA,2
CALLAO 1000,1400000,88200000,2295,50,NO,63,PRIMER,RECOLETA,2
CALLAO 1008,950000,59850000,7917,0,NO,63,PRIMER,RECOLETA,2
CALLAO 1200,90000,5670000,3333,30,NO,63,PRIMER,RECOLETA,2
CALLAO 1300,372000,23436000,8267,0,NO,63,PRIMER,RECOLETA,2
CALLAO 1300,400000,25200000,8333,50,SI,63,PRIMER,RECOLETA,2
CALLAO 1584,350000,22050000,6481,0,NO,63,PRIMER,RECOLETA,2
CHARCAS 2600,240000,15120000,2553,0,NO,63,PRIMER,RECOLETA,2
CHARCAS 2909,165000,10395000,3929,45,NO,63,PRIMER,RECOLETA,2
CHARCAS 3100,138000,8694000,2556,40,NO,63,PRIMER,RECOLETA,2
CHARCAS 3100,310000,19530000,3444,0,NO,63,PRIMER,RECOLETA,2
CHARCAS 3300,400000,25200000,5000,6,NO,63,PRIMER,RECOLETA,2
CORDOBA 1600,220000,13860000,1864,69,NO,63,PRIMER,RECOLETA,2
CORDOBA 3181,250000,15750000,2427,0,NO,63,PRIMER,RECOLETA,2
CORDOBA 3181,325000,20475000,3066,0,NO,63,PRIMER,RECOLETA,2
CORDOBA 3181,325000,20475000,3125,0,NO,63,PRIMER,RECOLETA,2
CORDOBA 3181,379000,23877000,3575,0,NO,63,PRIMER,RECOLETA,2
CORDOBA 3300,500000,31500000,3846,0,NO,63,PRIMER,RECOLETA,2
CORDOBA 3500,350000,22050000,2692,0,NO,63,PRIMER,RECOLETA,2
DEL LIBERTADOR 1700,850000,53550000,10494,50,NO,63,PRIMER,RECOLETA,2
ECUADOR 1300,450000,28350000,1692,0,NO,63,PRIMER,RECOLETA,2
ECUADOR 1300,165000,10395000,3367,45,NO,63,PRIMER,RECOLETA,2
ECUADOR 1300,30000,1890000,375,17,NO,63,PRIMER,RECOLETA,2
FRENCH 2300,250000,15750000,1712,45,NO,63,PRIMER,RECOLETA,2
FRENCH 2600,210000,13230000,6364,40,NO,63,PRIMER,RECOLETA,2
FRENCH 2900,550000,34650000,2292,6,NO,63,PRIMER,RECOLETA,2
FRENCH 3000,249000,15687000,3507,16,NO,63,PRIMER,RECOLETA,2
GALLO 1100,135000,8505000,3375,30,NO,63,PRIMER,RECOLETA,2
GALLO 1400,250000,15750000,3289,0,NO,63,PRIMER,RECOLETA,2
GALLO 1477,250000,15750000,2500,6,NO,63,PRIMER,RECOLETA,2
"GELLY Y OBES, GRAL. 2000",1800000,113400000,6429,0,NO,63,PRIMER,RECOLETA,2
"GELLY Y OBES, GRAL. 2200",3000000,189000000,10526,75,NO,63,PRIMER,RECOLETA,2
GORRITI 3600,179000,11277000,7160,0,NO,63,PRIMER,RECOLETA,2
GUIDO 1900,420000,26460000,3134,0,NO,63,PRIMER,RECOLETA,2
GUIDO 1900,550000,34650000,3354,0,NO,63,PRIMER,RECOLETA,2
GUIDO 1900,255000,16065000,5000,0,NO,63,PRIMER,RECOLETA,2
GUIDO 1900,750000,47250000,9146,30,NO,63,PRIMER,RECOLETA,2
GUIDO 1950,790000,49770000,3950,0,NO,63,PRIMER,RECOLETA,2
"GUTIERREZ, JUAN MARIA 1400",150000,9450000,10714,5,SI,63,PRIMER,RECOLETA,2
"GUTIERREZ, JUAN MARIA 2545",110000,6930000,7857,6,NO,63,PRIMER,RECOLETA,2
"GUTIERREZ, JUAN MARIA 2576",525000,33075000,4167,0,NO,63,PRIMER,RECOLETA,2
JUNCAL 2431,90000,5670000,938,48,NO,63,PRIMER,RECOLETA,2
JUNIN 1000,1200000,75600000,9231,0,NO,63,PRIMER,RECOLETA,2
JUNIN 1300,170000,10710000,3953,50,NO,63,PRIMER,RECOLETA,2
LAPRIDA 1700,415000,26145000,3705,3,NO,63,PRIMER,RECOLETA,2
LAPRIDA 1774,415000,26145000,3705,3,NO,63,PRIMER,RECOLETA,2
LARREA 1300,265000,16695000,2650,0,NO,63,PRIMER,RECOLETA,2
LARREA 1343,265000,16695000,2650,45,NO,63,PRIMER,RECOLETA,2
LARREA 1419,220000,13860000,2750,10,NO,63,PRIMER,RECOLETA,2
"LAS HERAS, GRAL. 2000",400000,25200000,1120,0,NO,63,PRIMER,RECOLETA,2
"LAS HERAS, GRAL. 2000",450000,28350000,6818,0,NO,63,PRIMER,RECOLETA,2
"LAS HERAS, GRAL. 2104",85000,5355000,2833,45,NO,63,PRIMER,RECOLETA,2
"LAS HERAS, GRAL. 2200",2000000,126000000,4878,0,NO,63,PRIMER,RECOLETA,2
"LOPEZ, VICENTE 1700",290000,18270000,5800,2,NO,63,PRIMER,RECOLETA,2
"LOPEZ, VICENTE 1900",260000,16380000,4062,39,NO,63,PRIMER,RECOLETA,2
"MANSILLA, LUCIO NORBERTO, GRAL. 2400",175000,11025000,5833,0,NO,63,PRIMER,RECOLETA,2
"MANSILLA, LUCIO NORBERTO, GRAL. 2587",125000,7875000,4630,21,NO,63,PRIMER,RECOLETA,2
MONTEVIDEO 1000,39000,2457000,3250,40,NO,63,PRIMER,RECOLETA,2
MONTEVIDEO 1000,299000,18837000,4096,40,SI,63,PRIMER,RECOLETA,2
MONTEVIDEO 1079,30000,1890000,3000,40,SI,63,PRIMER,RECOLETA,2
MONTEVIDEO 1100,240000,15120000,10000,1,NO,63,PRIMER,RECOLETA,2
MONTEVIDEO 1200,350000,22050000,7778,0,NO,63,PRIMER,RECOLETA,2
MONTEVIDEO 1500,460000,28980000,6133,45,NO,63,PRIMER,RECOLETA,2
MONTEVIDEO 1600,389000,24507000,11114,40,NO,63,PRIMER,RECOLETA,2
MONTEVIDEO 1600,690000,43470000,4859,0,NO,63,PRIMER,RECOLETA,2
MONTEVIDEO 900,310202,19542726,3566,0,NO,63,PRIMER,RECOLETA,2
"PACHECO DE MELO, JOSE ANDRES 2100",350000,22050000,2188,0,NO,63,PRIMER,RECOLETA,2
"PACHECO DE MELO, JOSE ANDRES 2800",129000,8127000,1985,1,NO,63,PRIMER,RECOLETA,2
"PACHECO DE MELO, JOSE ANDRES 2900",263000,16569000,3329,0,NO,63,PRIMER,RECOLETA,2
"PACHECO DE MELO, JOSE ANDRES 2936",220000,13860000,2785,0,NO,63,PRIMER,RECOLETA,2
"PAGANO, JOSE LEON 2700",960000,60480000,2609,45,NO,63,PRIMER,RECOLETA,2
PARAGUAY 2000,129900,8183700,2095,65,NO,63,PRIMER,RECOLETA,2
PARAGUAY 2000,230000,14490000,2556,7,NO,63,PRIMER,RECOLETA,2
PARAGUAY 2000,298000,18774000,2569,7,NO,63,PRIMER,RECOLETA,2
PARAGUAY 2000,385000,24255000,4278,50,NO,63,PRIMER,RECOLETA,2
PARAGUAY 2000,280000,17640000,4590,30,NO,63,PRIMER,RECOLETA,2
PARAGUAY 2041,182172,11476836,2679,0,NO,63,PRIMER,RECOLETA,2
PARAGUAY 2300,1950000,122850000,1083,30,NO,63,PRIMER,RECOLETA,2
PARAGUAY 2400,330000,20790000,2050,90,NO,63,PRIMER,RECOLETA,2
PARAGUAY 2455,260000,16380000,2000,55,NO,63,PRIMER,RECOLETA,2
PARAGUAY 2500,380000,23940000,5429,25,NO,63,PRIMER,RECOLETA,2
PARAGUAY 2800,500000,31500000,2252,20,NO,63,PRIMER,RECOLETA,2
PARAGUAY 2811,480000,30240000,2233,40,NO,63,PRIMER,RECOLETA,2
PARAGUAY 3100,129500,8158500,4317,35,NO,63,PRIMER,RECOLETA,2
PARANA 1000,180000,11340000,12857,45,NO,63,PRIMER,RECOLETA,2
PEÑA 2000,1200000,75600000,3000,0,NO,63,PRIMER,RECOLETA,2
PEÑA 2780,75000,4725000,5000,40,NO,63,PRIMER,RECOLETA,2
POSADAS 1400,1600000,100800000,1824,0,NO,63,PRIMER,RECOLETA,2
PUEYRREDON 1200,320000,20160000,10000,0,NO,63,PRIMER,RECOLETA,2
PUEYRREDON 1224,390000,24570000,5571,45,NO,63,PRIMER,RECOLETA,2
PUEYRREDON 2200,595000,37485000,4250,0,NO,63,PRIMER,RECOLETA,2
PUEYRREDON 2400,450000,28350000,7500,0,NO,63,PRIMER,RECOLETA,2
PUEYRREDON 2400,500000,31500000,8333,0,NO,63,PRIMER,RECOLETA,2
"QUINTANA, MANUEL, PRES. 500",650000,40950000,7738,0,NO,63,PRIMER,RECOLETA,2
"QUINTANA, MANUEL, PRES. 569",650000,40950000,7738,70,NO,63,PRIMER,RECOLETA,2
RIOBAMBA 900,235000,14805000,4052,60,NO,63,PRIMER,RECOLETA,2
RODRIGUEZ PENA 1000,650000,40950000,7143,0,NO,63,PRIMER,RECOLETA,2
RODRIGUEZ PENA 1100,120000,7560000,1034,0,NO,63,PRIMER,RECOLETA,2
RODRIGUEZ PENA 1300,260000,16380000,5000,0,NO,63,PRIMER,RECOLETA,2
RODRIGUEZ PENA 1407,490000,30870000,7000,0,NO,63,PRIMER,RECOLETA,2
RODRIGUEZ PENA 1800,620000,39060000,10164,40,NO,63,PRIMER,RECOLETA,2
RODRIGUEZ PENA 2200,750000,47250000,3074,0,NO,63,PRIMER,RECOLETA,2
SANCHEZ DE BUSTAMANTE 1400,200000,12600000,3704,5,NO,63,PRIMER,RECOLETA,2
SANCHEZ DE BUSTAMANTE 1800,320000,20160000,4571,3,NO,63,PRIMER,RECOLETA,2
SANCHEZ DE BUSTAMANTE 2100,900000,56700000,2045,0,SI,63,PRIMER,RECOLETA,2
SANTA FE 1441,34400,2167200,1564,25,SI,63,PRIMER,RECOLETA,2
SANTA FE 1441,18000,1134000,1636,3,SI,63,PRIMER,RECOLETA,2
SANTA FE 1441,25000,1575000,2778,45,SI,63,PRIMER,RECOLETA,2
SANTA FE 1441,19500,1228500,886,0,NO,63,PRIMER,RECOLETA,2
SANTA FE 1500,1950000,122850000,13000,0,NO,63,PRIMER,RECOLETA,2
SANTA FE 1500,800000,50400000,13333,11,NO,63,PRIMER,RECOLETA,2
SANTA FE 1500,39000,2457000,1444,40,SI,63,PRIMER,RECOLETA,2
SANTA FE 1500,40900,2576700,1704,30,SI,63,PRIMER,RECOLETA,2
SANTA FE 1544,34900,2198700,1293,46,NO,63,PRIMER,RECOLETA,2
SANTA FE 1544,28000,1764000,1556,46,SI,63,PRIMER,RECOLETA,2
SANTA FE 1544,40900,2576700,1704,30,NO,63,PRIMER,RECOLETA,2
SANTA FE 1544,47000,2961000,1741,0,NO,63,PRIMER,RECOLETA,2
SANTA FE 1544,39900,2513700,1995,45,NO,63,PRIMER,RECOLETA,2
SANTA FE 1600,1230000,77490000,13667,0,NO,63,PRIMER,RECOLETA,2
SANTA FE 1600,63000,3969000,2423,0,NO,63,PRIMER,RECOLETA,2
SANTA FE 1600,47000,2961000,3917,0,SI,63,PRIMER,RECOLETA,2
SANTA FE 1600,149000,9387000,497,15,NO,63,PRIMER,RECOLETA,2
SANTA FE 1600,90000,5670000,7500,0,NO,63,PRIMER,RECOLETA,2
SANTA FE 1700,5000000,315000000,14286,0,NO,63,PRIMER,RECOLETA,2
SANTA FE 1800,39000,2457000,2600,30,NO,63,PRIMER,RECOLETA,2
SANTA FE 1823,59000,3717000,4917,50,SI,63,PRIMER,RECOLETA,2
SANTA FE 1900,25000,1575000,5000,0,NO,63,PRIMER,RECOLETA,2
SANTA FE 1900,1100000,69300000,8462,0,NO,63,PRIMER,RECOLETA,2
SANTA FE 2000,1500000,94500000,6000,20,NO,63,PRIMER,RECOLETA,2
SANTA FE 2000,1500000,94500000,8824,0,NO,63,PRIMER,RECOLETA,2
SANTA FE 2000,1500000,94500000,9494,30,NO,63,PRIMER,RECOLETA,2
SANTA FE 2300,2600000,163800000,10833,21,NO,63,PRIMER,RECOLETA,2
SANTA FE 2450,50000,3150000,1667,0,NO,63,PRIMER,RECOLETA,2
SANTA FE 2450,47000,2961000,1679,0,NO,63,PRIMER,RECOLETA,2
SANTA FE 2450,40000,2520000,1739,0,NO,63,PRIMER,RECOLETA,2
SANTA FE 2450,32000,2016000,1882,40,NO,63,PRIMER,RECOLETA,2
SANTA FE 2450,35000,2205000,1944,0,NO,63,PRIMER,RECOLETA,2
SANTA FE 2450,25000,1575000,2273,0,NO,63,PRIMER,RECOLETA,2
SANTA FE 2600,5000000,315000000,9225,0,NO,63,PRIMER,RECOLETA,2
SANTA FE 2700,775000,48825000,12917,30,NO,63,PRIMER,RECOLETA,2
SANTA FE 2700,65000,4095000,3250,40,NO,63,PRIMER,RECOLETA,2
SANTA FE 2729,79000,4977000,3950,70,NO,63,PRIMER,RECOLETA,2
SANTA FE 2729,105000,6615000,5000,0,NO,63,PRIMER,RECOLETA,2
SANTA FE 3077,1700000,107100000,7623,1,NO,63,PRIMER,RECOLETA,2
SOLER 3200,200000,12600000,1504,14,NO,63,PRIMER,RECOLETA,2
SOLER 3200,100000,6300000,4000,35,NO,63,PRIMER,RECOLETA,2
SOLER 3500,330000,20790000,1919,25,NO,63,PRIMER,RECOLETA,2
SOLER 3500,500000,31500000,3571,0,NO,63,PRIMER,RECOLETA,2
URIBURU 1008,750000,47250000,1293,0,NO,63,PRIMER,RECOLETA,2
URIBURU 1400,209000,13167000,6967,7,NO,63,PRIMER,RECOLETA,2
URUGUAY 1072,395000,24885000,17955,50,NO,63,PRIMER,RECOLETA,2
URUGUAY 900,275000,17325000,4365,0,SI,63,PRIMER,RECOLETA,2
"ALEM, LEANDRO N. 1002",950000,59850000,3800,29,NO,63,PRIMER,RETIRO,1
ALVEAR 1444,2200000,138600000,6286,40,SI,63,PRIMER,RETIRO,1
"ALVEAR, MARCELO T. De 1000",400000,25200000,1198,35,NO,63,PRIMER,RETIRO,1
"ALVEAR, MARCELO T. De 1200",285000,17955000,9500,50,NO,63,PRIMER,RETIRO,1
"ALVEAR, MARCELO T. De 1243",423000,26649000,1365,32,NO,63,PRIMER,RETIRO,1
"ALVEAR, MARCELO T. De 1298",340000,21420000,3208,0,NO,63,PRIMER,RETIRO,1
"ALVEAR, MARCELO T. De 1300",99000,6237000,4500,30,NO,63,PRIMER,RETIRO,1
"ALVEAR, MARCELO T. De 1300",119900,7553700,799,0,NO,63,PRIMER,RETIRO,1
"ALVEAR, MARCELO T. De 1348",114900,7238700,766,40,NO,63,PRIMER,RETIRO,1
"ALVEAR, MARCELO T. De 500",2000000,126000000,4444,10,NO,63,PRIMER,RETIRO,1
"ALVEAR, MARCELO T. De 900",199000,12537000,569,30,NO,63,PRIMER,RETIRO,1
ARENALES 1100,250000,15750000,6250,0,NO,63,PRIMER,RETIRO,1
ARENALES 1200,215000,13545000,10238,0,NO,63,PRIMER,RETIRO,1
ARENALES 1264,212000,13356000,10600,15,NO,63,PRIMER,RETIRO,1
ARENALES 800,385000,24255000,2962,35,NO,63,PRIMER,RETIRO,1
ARENALES 900,155000,9765000,2583,0,NO,63,PRIMER,RETIRO,1
ARENALES 900,250000,15750000,3425,0,NO,63,PRIMER,RETIRO,1
ARENALES 961,240000,15120000,3582,19,NO,63,PRIMER,RETIRO,1
ARENALES 961,250000,15750000,3731,38,NO,63,PRIMER,RETIRO,1
CERRITO 1000,490000,30870000,7538,0,SI,63,PRIMER,RETIRO,1
CERRITO 1062,450000,28350000,4018,20,NO,63,PRIMER,RETIRO,1
CERRITO 1100,460000,28980000,12105,50,NO,63,PRIMER,RETIRO,1
CERRITO 1100,2000000,126000000,4464,43,NO,63,PRIMER,RETIRO,1
CERRITO 1300,210000,13230000,7000,0,NO,63,PRIMER,RETIRO,1
CERRITO 1332,235000,14805000,2938,65,NO,63,PRIMER,RETIRO,1
CORDOBA 1100,1800000,113400000,9000,0,SI,63,PRIMER,RETIRO,1
CORDOBA 1300,638000,40194000,2940,0,NO,63,PRIMER,RETIRO,1
DEL LIBERTADOR 200,350000,22050000,4167,0,NO,63,PRIMER,RETIRO,1
DEL LIBERTADOR 264,210000,13230000,2561,0,NO,63,PRIMER,RETIRO,1
FLORIDA 1000,490000,30870000,4298,0,NO,63,PRIMER,RETIRO,1
FLORIDA 816,1990000,125370000,10474,30,NO,63,PRIMER,RETIRO,1
FLORIDA 838,60000,3780000,2500,60,NO,63,PRIMER,RETIRO,1
FLORIDA 860,32000,2016000,1778,73,NO,63,PRIMER,RETIRO,1
FLORIDA 880,44000,2772000,1760,40,NO,63,PRIMER,RETIRO,1
FLORIDA 943,29500,1858500,1135,0,NO,63,PRIMER,RETIRO,1
JUNCAL 1200,240000,15120000,5333,0,NO,63,PRIMER,RETIRO,1
JUNCAL 1300,290000,18270000,6444,0,NO,63,PRIMER,RETIRO,1
JUNCAL 1341,230000,14490000,6389,0,NO,63,PRIMER,RETIRO,1
JUNCAL 900,330000,20790000,4714,0,NO,63,PRIMER,RETIRO,1
LIBERTAD 1000,280000,17640000,4828,70,NO,63,PRIMER,RETIRO,1
LIBERTAD 1300,398000,25074000,7804,35,NO,63,PRIMER,RETIRO,1
LIBERTAD 1300,380000,23940000,9744,5,NO,63,PRIMER,RETIRO,1
LIBERTAD 900,1400000,88200000,1977,0,NO,63,PRIMER,RETIRO,1
MAIPU 834,420000,26460000,2019,20,NO,63,PRIMER,RETIRO,1
MAIPU 872,230000,14490000,2300,50,NO,63,PRIMER,RETIRO,1
MAIPU 900,700000,44100000,2258,0,NO,63,PRIMER,RETIRO,1
MAIPU 900,298000,18774000,3679,5,NO,63,PRIMER,RETIRO,1
PARAGUAY 1400,250000,15750000,1908,0,SI,63,PRIMER,RETIRO,1
PARAGUAY 1400,298000,18774000,2614,40,NO,63,PRIMER,RETIRO,1
PARAGUAY 400,700000,44100000,1647,20,NO,63,PRIMER,RETIRO,1
PARAGUAY 500,690000,43470000,2371,0,NO,63,PRIMER,RETIRO,1
PARAGUAY 500,370000,23310000,2403,0,NO,63,PRIMER,RETIRO,1
PARAGUAY 555,550000,34650000,3333,50,NO,63,PRIMER,RETIRO,1
PARAGUAY 700,225000,14175000,1324,40,NO,63,PRIMER,RETIRO,1
PARAGUAY 700,760000,47880000,4064,0,NO,63,PRIMER,RETIRO,1
PARAGUAY 727,349000,21987000,1586,20,NO,63,PRIMER,RETIRO,1
PARAGUAY 800,490000,30870000,1690,40,NO,63,PRIMER,RETIRO,1
PARAGUAY 900,75000,4725000,1562,40,NO,63,PRIMER,RETIRO,1
PARERA 100,590000,37170000,7867,0,NO,63,PRIMER,RETIRO,1
"PELLEGRINI, CARLOS 1255",750000,47250000,5725,20,NO,63,PRIMER,RETIRO,1
POSADAS 1100,290000,18270000,9355,25,NO,63,PRIMER,RETIRO,1
SAN MARTIN 1000,290000,18270000,3580,0,SI,63,PRIMER,RETIRO,1
SANTA FE 1100,25000,1575000,1000,40,NO,63,PRIMER,RETIRO,1
SANTA FE 1100,1000000,63000000,10753,30,NO,63,PRIMER,RETIRO,1
SANTA FE 1100,38000,2394000,2000,0,NO,63,PRIMER,RETIRO,1
SANTA FE 1100,429000,27027000,6919,40,SI,63,PRIMER,RETIRO,1
SANTA FE 1200,42500,2677500,2237,20,SI,63,PRIMER,RETIRO,1
SANTA FE 1200,38000,2394000,2375,40,SI,63,PRIMER,RETIRO,1
SANTA FE 900,570000,35910000,8769,40,NO,63,PRIMER,RETIRO,1
SUIPACHA 1000,250000,15750000,2500,45,NO,63,PRIMER,RETIRO,1
SUIPACHA 1300,290000,18270000,3452,20,NO,63,PRIMER,RETIRO,1
SUIPACHA 900,329000,20727000,1913,50,NO,63,PRIMER,RETIRO,1
SUIPACHA 931,40000,2520000,833,45,NO,63,PRIMER,RETIRO,1
TALCAHUANO 1000,650000,40950000,1733,30,NO,63,PRIMER,RETIRO,1
TALCAHUANO 1000,420000,26460000,3925,40,NO,63,PRIMER,RETIRO,1
TALCAHUANO 1000,490000,30870000,4900,40,NO,63,PRIMER,RETIRO,1
TALCAHUANO 1018,550000,34650000,3929,45,NO,63,PRIMER,RETIRO,1
TALCAHUANO 1087,340000,21420000,5397,0,NO,63,PRIMER,RETIRO,1
TALCAHUANO 1100,395000,24885000,3185,40,NO,63,PRIMER,RETIRO,1
TALCAHUANO 1100,500000,31500000,559,19,NO,63,PRIMER,RETIRO,1
TALCAHUANO 1200,300000,18900000,1215,50,NO,63,PRIMER,RETIRO,1
TALCAHUANO 1221,300000,18900000,1111,60,NO,63,PRIMER,RETIRO,1
TRES SARGENTOS 300,1800000,113400000,3750,119,NO,63,PRIMER,RETIRO,1
TRES SARGENTOS 454,450000,28350000,1957,0,NO,63,PRIMER,RETIRO,1
URUGUAY 1200,360000,22680000,4000,50,NO,63,PRIMER,RETIRO,1
URUGUAY 858,250000,15750000,5682,0,NO,63,PRIMER,RETIRO,1
URUGUAY 871,120000,7560000,7059,40,NO,63,PRIMER,RETIRO,1
"ARTIGAS, JOSE GERVASIO DE, 3800",360000,22680000,1150,30,NO,63,PRIMER,AGRONOMIA,15
ASUNCION 2600,234900,14798700,1205,50,NO,63,PRIMER,AGRONOMIA,15
"MORAN, PEDRO 2493",98500,6205500,3940,40,NO,63,PRIMER,AGRONOMIA,15
SAN MARTIN 4630,125000,7875000,3205,2,SI,63,PRIMER,AGRONOMIA,15
SAN MARTIN 6100,285000,17955000,2850,0,SI,63,PRIMER,AGRONOMIA,15
SAN MARTIN 6100,189000,11907000,2908,40,SI,63,PRIMER,AGRONOMIA,15
SAN MARTIN 6212,120000,7560000,2500,50,NO,63,PRIMER,AGRONOMIA,15
"ALBERDI, JUAN BAUTISTA 1200",250000,15750000,4630,1,NO,63,PRIMER,CABALLITO,6
"ALBERDI, JUAN BAUTISTA 1337",220000,13860000,1774,19,NO,63,PRIMER,CABALLITO,6
"ALBERDI, JUAN BAUTISTA 617",230000,14490000,1885,60,NO,63,PRIMER,CABALLITO,6
"ALBERDI, JUAN BAUTISTA 617",230000,14490000,1901,65,NO,63,PRIMER,CABALLITO,6
"ALBERDI, JUAN BAUTISTA 764",480000,30240000,3200,40,NO,63,PRIMER,CABALLITO,6
"AMBROSETTI, JUAN B. 300",260000,16380000,5778,60,NO,63,PRIMER,CABALLITO,6
"ARANGUREN, JUAN F., Dr. 400",140000,8820000,1647,37,SI,63,PRIMER,CABALLITO,6
AVELLANEDA 392,210000,13230000,1273,45,NO,63,PRIMER,CABALLITO,6
AVELLANEDA 900,109900,6923700,2748,22,NO,63,PRIMER,CABALLITO,6
BACACAY 1600,220000,13860000,1571,25,NO,63,PRIMER,CABALLITO,6
BARCO CENTENERA del 100,159000,10017000,3975,53,NO,63,PRIMER,CABALLITO,6
BARCO CENTENERA del 100,770000,48510000,4400,30,NO,63,PRIMER,CABALLITO,6
BARCO CENTENERA del 150,50000,3150000,2778,45,NO,63,PRIMER,CABALLITO,6
BARCO CENTENERA del 400,600000,37800000,3333,20,NO,63,PRIMER,CABALLITO,6
"BONIFACIO, JOSE 300",65000,4095000,2407,40,NO,63,PRIMER,CABALLITO,6
CACHIMAYO 11,88000,5544000,11000,43,NO,63,PRIMER,CABALLITO,6
CAMPICHUELO 600,320000,20160000,667,25,NO,63,PRIMER,CABALLITO,6
DIAZ VELEZ 4700,170000,10710000,3208,0,NO,63,PRIMER,CABALLITO,6
DIAZ VELEZ 5100,1050000,66150000,1750,0,NO,63,PRIMER,CABALLITO,6
DIAZ VELEZ 5501,1100000,69300000,3667,0,NO,63,PRIMER,CABALLITO,6
DIRECTORIO 1650,580000,36540000,2189,60,NO,63,PRIMER,CABALLITO,6
FORMOSA 300,330000,20790000,2200,6,NO,63,PRIMER,CABALLITO,6
FORMOSA 389,330000,20790000,1833,5,NO,63,PRIMER,CABALLITO,6
FORMOSA 50,390000,24570000,2203,60,NO,63,PRIMER,CABALLITO,6
"GAINZA, MARTIN DE, GRAL. 500",59800,3767400,2718,2,NO,63,PRIMER,CABALLITO,6
"GALLARDO, ANGEL 1000",270000,17010000,7500,0,NO,63,PRIMER,CABALLITO,6
"GALLARDO, ANGEL 1084",295000,18585000,4097,18,NO,63,PRIMER,CABALLITO,6
"GALLARDO, ANGEL 599",470000,29610000,1343,50,NO,63,PRIMER,CABALLITO,6
GAONA 1500,300000,18900000,3000,0,NO,63,PRIMER,CABALLITO,6
GAONA 1600,170000,10710000,1328,70,NO,63,PRIMER,CABALLITO,6
"GARCIA LORCA, FEDERICO 359",950000,59850000,783,30,NO,63,PRIMER,CABALLITO,6
"GOYENA, PEDRO 0",680000,42840000,2615,0,NO,63,PRIMER,CABALLITO,6
GUAYAQUIL 844,91000,5733000,3250,45,NO,63,PRIMER,CABALLITO,6
"JUSTO, JUAN B. 4040",295000,18585000,2810,45,NO,63,PRIMER,CABALLITO,6
"JUSTO, JUAN B. 4100",149900,9443700,1303,0,NO,63,PRIMER,CABALLITO,6
"JUSTO, JUAN B. 4100",250000,15750000,3571,50,NO,63,PRIMER,CABALLITO,6
LA PLATA 780,350000,22050000,4730,57,NO,63,PRIMER,CABALLITO,6
"MARECHAL, LEOPOLDO 1100",100000,6300000,2273,0,NO,63,PRIMER,CABALLITO,6
"MORENO, JOSE MARIA 200",840000,52920000,7304,36,NO,63,PRIMER,CABALLITO,6
NEUQUEN 944,339000,21357000,1695,86,NO,63,PRIMER,CABALLITO,6
OLAYA 1000,250000,15750000,3425,0,NO,63,PRIMER,CABALLITO,6
"OROÑO, NICASIO 1500",54000,3402000,2160,0,NO,63,PRIMER,CABALLITO,6
"OROÑO, NICASIO 600",105000,6615000,1312,35,NO,63,PRIMER,CABALLITO,6
PAYSANDU 1048,99000,6237000,3300,0,NO,63,PRIMER,CABALLITO,6
"PUEYRREDON, HONORIO, DR. 500",850000,53550000,9444,15,NO,63,PRIMER,CABALLITO,6
"PUEYRREDON, HONORIO, DR. 600",560000,35280000,4029,30,NO,63,PRIMER,CABALLITO,6
"PUEYRREDON, HONORIO, DR. 792",390000,24570000,1560,0,NO,63,PRIMER,CABALLITO,6
RIGLOS 750,299200,18849600,2720,0,SI,63,PRIMER,CABALLITO,6
RIVADAVIA 4900,195000,12285000,6290,0,NO,63,PRIMER,CABALLITO,6
RIVADAVIA 5000,250000,15750000,9615,40,NO,63,PRIMER,CABALLITO,6
RIVADAVIA 5500,19500,1228500,2438,50,NO,63,PRIMER,CABALLITO,6
RIVADAVIA 5601,45000,2835000,1800,10,NO,63,PRIMER,CABALLITO,6
RIVADAVIA 6100,360000,22680000,2195,0,NO,63,PRIMER,CABALLITO,6
RIVADAVIA 6100,765000,48195000,5000,30,NO,63,PRIMER,CABALLITO,6
ROJAS 410,139000,8757000,4633,30,NO,63,PRIMER,CABALLITO,6
SENILLOSA 400,83000,5229000,4611,20,NO,63,PRIMER,CABALLITO,6
TRES ARROYOS 1500,120000,7560000,2400,40,NO,63,PRIMER,CABALLITO,6
VIEL 500,150000,9450000,1304,50,NO,63,PRIMER,CABALLITO,6
YERBAL 800,232000,14616000,4070,0,NO,63,PRIMER,CABALLITO,6
BONPLAND 821,54000,3402000,2700,50,NO,63,PRIMER,CHACARITA,15
CALDAS 300,210000,13230000,1055,70,NO,63,PRIMER,CHACARITA,15
CASTILLO 1500,55000,3465000,2391,7,NO,63,PRIMER,CHACARITA,15
CORDOBA 5700,225000,14175000,2250,5,NO,63,PRIMER,CHACARITA,15
CORDOBA 6275,800000,50400000,6250,0,NO,63,PRIMER,CHACARITA,15
CORRIENTES 6300,190000,11970000,1919,15,NO,63,PRIMER,CHACARITA,15
CORRIENTES 6400,189900,11963700,2532,0,NO,63,PRIMER,CHACARITA,15
DORREGO 1600,400000,25200000,3125,6,NO,63,PRIMER,CHACARITA,15
FOREST 1100,255000,16065000,2125,0,NO,63,PRIMER,CHACARITA,15
FOREST 300,780000,49140000,1458,40,NO,63,PRIMER,CHACARITA,15
FOREST 300,125000,7875000,2841,0,NO,63,PRIMER,CHACARITA,15
FOREST 300,186000,11718000,930,40,NO,63,PRIMER,CHACARITA,15
FOREST 317,350000,22050000,1750,80,NO,63,PRIMER,CHACARITA,15
GUEVARA 500,139900,8813700,3498,0,NO,63,PRIMER,CHACARITA,15
"LACROZE, FEDERICO 3600",35000,2205000,1591,50,NO,63,PRIMER,CHACARITA,15
"LACROZE, FEDERICO 3600",250000,15750000,2778,0,NO,63,PRIMER,CHACARITA,15
"LACROZE, FEDERICO 4000",1350000,85050000,1006,0,NO,63,PRIMER,CHACARITA,15
LEIVA 4400,68000,4284000,1511,42,NO,63,PRIMER,CHACARITA,15
"LEMOS, JUAN GREGORIO, Gral. 200",79900,5033700,3196,2,NO,63,PRIMER,CHACARITA,15
OLLEROS 4144,390000,24570000,4149,0,SI,63,PRIMER,CHACARITA,15
"RAMIREZ DE VELAZCO, JUAN 1500",75000,4725000,2885,30,SI,63,PRIMER,CHACARITA,15
ROSETI 900,349000,21987000,1473,35,NO,63,PRIMER,CHACARITA,15
VERA 1400,210000,13230000,2386,0,NO,63,PRIMER,CHACARITA,15
ASAMBLEA 1500,65000,4095000,3250,6,NO,63,PRIMER,PARQUE CHACABUCO,7
BALBASTRO 1600,295000,18585000,686,80,NO,63,PRIMER,PARQUE CHACABUCO,7
BARCO CENTENERA del 1651,265000,16695000,656,10,NO,63,PRIMER,PARQUE CHACABUCO,7
BARCO CENTENERA del 1700,74500,4693500,1774,0,NO,63,PRIMER,PARQUE CHACABUCO,7
BARCO CENTENERA del 1900,220000,13860000,728,0,NO,63,PRIMER,PARQUE CHACABUCO,7
BARCO CENTENERA del 2100,99000,6237000,1193,60,NO,63,PRIMER,PARQUE CHACABUCO,7
BARCO CENTENERA del 2200,59000,3717000,894,0,NO,63,PRIMER,PARQUE CHACABUCO,7
COBO 1300,179000,11277000,762,45,NO,63,PRIMER,PARQUE CHACABUCO,7
COBO 676,390000,24570000,975,25,NO,63,PRIMER,PARQUE CHACABUCO,7
DIRECTORIO 1000,420000,26460000,3500,6,NO,63,PRIMER,PARQUE CHACABUCO,7
DIRECTORIO 1200,560000,35280000,5833,5,NO,63,PRIMER,PARQUE CHACABUCO,7
DIRECTORIO 471,450000,28350000,2778,0,NO,63,PRIMER,PARQUE CHACABUCO,7
DIRECTORIO 571,401200,25275600,4720,0,NO,63,PRIMER,PARQUE CHACABUCO,7
LA PLATA 1200,320000,20160000,3077,0,NO,63,PRIMER,PARQUE CHACABUCO,7
LA PLATA 1200,280000,17640000,3256,45,NO,63,PRIMER,PARQUE CHACABUCO,7
LA PLATA 1300,720000,45360000,1268,50,NO,63,PRIMER,PARQUE CHACABUCO,7
LA PLATA 1600,220000,13860000,1111,70,NO,63,PRIMER,PARQUE CHACABUCO,7
LA PLATA 1600,1690000,106470000,1163,70,NO,63,PRIMER,PARQUE CHACABUCO,7
LA PLATA 1880,200000,12600000,1481,50,NO,63,PRIMER,PARQUE CHACABUCO,7
LA PLATA 2100,160000,10080000,1176,60,NO,63,PRIMER,PARQUE CHACABUCO,7
"MORENO, JOSE MARIA 1727",285000,17955000,805,50,NO,63,PRIMER,PARQUE CHACABUCO,7
"PERON, EVA 2000",190000,11970000,1407,50,NO,63,PRIMER,PARQUE CHACABUCO,7
PUAN 2080,295000,18585000,1341,60,NO,63,PRIMER,PARQUE CHACABUCO,7
SAN JOSE DE CALASANZ 817,89000,5607000,2225,0,NO,63,PRIMER,PARQUE CHACABUCO,7
THORNE 1356,50000,3150000,1667,20,NO,63,PRIMER,PARQUE CHACABUCO,7
"VEDIA, AGUSTIN DE 2100",700000,44100000,778,0,NO,63,PRIMER,PARQUE CHACABUCO,7
VERNET 109,115000,7245000,1949,0,NO,63,PRIMER,PARQUE CHACABUCO,7
VERNET 196,360000,22680000,2250,15,NO,63,PRIMER,PARQUE CHACABUCO,7
VERNET 300,57000,3591000,2375,0,NO,63,PRIMER,PARQUE CHACABUCO,7
ZELARRAYAN 500,320000,20160000,741,59,NO,63,PRIMER,PARQUE CHACABUCO,7
ZUVIRIA 1100,380000,23940000,3304,87,NO,63,PRIMER,PARQUE CHACABUCO,7
ZUVIRIA 200,110000,6930000,1833,40,NO,63,PRIMER,PARQUE CHACABUCO,7
COMBATIENTES DE MALVINAS 3000,8000000,504000000,2162,25,NO,63,PRIMER,PARQUE CHAS,15
DE LOS CONSTITUYENTES 3600,120000,7560000,2143,40,NO,63,PRIMER,PARQUE CHAS,15
ALVAREZ JONTE 2200,400000,25200000,2000,0,NO,63,PRIMER,PATERNAL,15
CHORROARIN 700,145000,9135000,1648,55,NO,63,PRIMER,PATERNAL,15
CHORROARIN 701,145000,9135000,1648,55,NO,63,PRIMER,PATERNAL,15
CUCHA CUCHA 2500,62500,3937500,1786,35,NO,63,PRIMER,PATERNAL,15
CUCHA CUCHA 2791,65000,4095000,844,40,NO,63,PRIMER,PATERNAL,15
"LAMAS, ANDRES 2400",495000,31185000,1130,50,NO,63,PRIMER,PATERNAL,15
MATURIN 2300,600000,37800000,1099,35,NO,63,PRIMER,PATERNAL,15
"RODRIGUEZ, MANUEL A., GRAL 2749",450000,28350000,2045,20,NO,63,PRIMER,PATERNAL,15
SAN MARTIN 2600,39000,2457000,1625,30,SI,63,PRIMER,PATERNAL,15
"TRELLES, MANUEL R. 2600",275000,17325000,1100,40,NO,63,PRIMER,PATERNAL,15
WARNES 1600,300000,18900000,1724,0,NO,63,PRIMER,PATERNAL,15
WARNES 1600,340000,21420000,2833,40,NO,63,PRIMER,PATERNAL,15
WARNES 1700,330000,20790000,1833,0,NO,63,PRIMER,PATERNAL,15
YERUA 5000,160000,10080000,4571,0,NO,63,PRIMER,PATERNAL,15
"ACHA, MARIANO, Gral. 3900",69000,4347000,1533,47,NO,63,PRIMER,SAAVEDRA,12
"ACHA, MARIANO, Gral. 4500",115000,7245000,1917,40,NO,63,PRIMER,SAAVEDRA,12
"BALBIN, RICARDO, DR. 3695",450000,28350000,5625,1,NO,63,PRIMER,SAAVEDRA,12
"BALBIN, RICARDO, DR. 3700",400000,25200000,3226,0,NO,63,PRIMER,SAAVEDRA,12
"BALBIN, RICARDO, DR. 3741",372000,23436000,2548,0,NO,63,PRIMER,SAAVEDRA,12
"BALBIN, RICARDO, DR. 4342",124000,7812000,3351,3,NO,63,PRIMER,SAAVEDRA,12
CABILDO 4400,1200000,75600000,2400,0,NO,63,PRIMER,SAAVEDRA,12
CIUDAD DE LA PAZ 3700,540000,34020000,2647,0,SI,63,PRIMER,SAAVEDRA,12
"LARRALDE, CRISOLOGO 3600",390000,24570000,4588,5,NO,63,PRIMER,SAAVEDRA,12
MILLER 4200,200000,12600000,2564,0,SI,63,PRIMER,SAAVEDRA,12
PAROISSIEN 4100,75000,4725000,750,0,NO,63,PRIMER,SAAVEDRA,12
PAROISSIEN 4400,135000,8505000,3375,0,NO,63,PRIMER,SAAVEDRA,12
PLAZA 3977,150000,9450000,1667,50,NO,63,PRIMER,SAAVEDRA,12
PLAZA 4171,71000,4473000,1449,39,NO,63,PRIMER,SAAVEDRA,12
RUIZ HUIDOBRO 3054,210000,13230000,3000,50,NO,63,PRIMER,SAAVEDRA,12
RUIZ HUIDOBRO 3200,299000,18837000,1031,40,NO,63,PRIMER,SAAVEDRA,12
RUIZ HUIDOBRO 4000,89000,5607000,1561,35,NO,63,PRIMER,SAAVEDRA,12
SAN ISIDRO LABRADOR 4600,115000,7245000,5750,37,NO,63,PRIMER,SAAVEDRA,12
TRONADOR 3800,265000,16695000,2038,60,NO,63,PRIMER,SAAVEDRA,12
TRONADOR 3900,145000,9135000,1790,35,NO,63,PRIMER,SAAVEDRA,12
VEDIA 2400,650000,40950000,5417,0,NO,63,PRIMER,SAAVEDRA,12
ACEVEDO 1000,650000,40950000,1625,0,NO,63,PRIMER,VILLA CRESPO,15
ACEVEDO 700,125000,7875000,4167,35,NO,63,PRIMER,VILLA CRESPO,15
AGUIRRE 500,200000,12600000,8333,30,NO,63,PRIMER,VILLA CRESPO,15
AGUIRRE 600,420000,26460000,4375,0,NO,63,PRIMER,VILLA CRESPO,15
AGUIRRE 600,790000,49770000,5267,10,NO,63,PRIMER,VILLA CRESPO,15
AGUIRRE 700,450000,28350000,5769,0,NO,63,PRIMER,VILLA CRESPO,15
AGUIRRE 852,1850000,116550000,5286,6,NO,63,PRIMER,VILLA CRESPO,15
"ALVAREZ, JULIAN 500",200000,12600000,2041,40,NO,63,PRIMER,VILLA CRESPO,15
"ALVAREZ, JULIAN 500",213000,13419000,2173,40,NO,63,PRIMER,VILLA CRESPO,15
"ALVAREZ, JULIAN 600",168000,10584000,1244,35,NO,63,PRIMER,VILLA CRESPO,15
"ALVAREZ, JULIAN 600",300000,18900000,1911,0,NO,63,PRIMER,VILLA CRESPO,15
"ALVAREZ, JULIAN 678",160000,10080000,3556,35,NO,63,PRIMER,VILLA CRESPO,15
"ALVAREZ, JULIAN 700",170000,10710000,1069,49,NO,63,PRIMER,VILLA CRESPO,15
"ALVAREZ, JULIAN 800",215000,13545000,2150,0,NO,63,PRIMER,VILLA CRESPO,15
ARAOZ 105,162000,10206000,1421,30,NO,63,PRIMER,VILLA CRESPO,15
ARAOZ 200,200000,12600000,2500,30,NO,63,PRIMER,VILLA CRESPO,15
ARAOZ 600,170000,10710000,1889,30,SI,63,PRIMER,VILLA CRESPO,15
"BELAUSTEGUI, LUIS, Dr. 900",950000,59850000,1919,0,NO,63,PRIMER,VILLA CRESPO,15
CAMARGO 300,128000,8064000,2286,0,NO,63,PRIMER,VILLA CRESPO,15
CAMARGO 400,97000,6111000,3880,30,NO,63,PRIMER,VILLA CRESPO,15
CAMARGO 700,150000,9450000,2143,40,NO,63,PRIMER,VILLA CRESPO,15
CASTILLO 100,125000,7875000,4167,35,SI,63,PRIMER,VILLA CRESPO,15
CASTILLO 200,153000,9639000,3060,30,SI,63,PRIMER,VILLA CRESPO,15
CASTILLO 600,350000,22050000,3500,8,NO,63,PRIMER,VILLA CRESPO,15
CASTILLO 600,520000,32760000,5778,10,NO,63,PRIMER,VILLA CRESPO,15
CASTILLO 600,135000,8505000,7105,22,NO,63,PRIMER,VILLA CRESPO,15
CORDOBA 4301,1800000,113400000,4091,30,NO,63,PRIMER,VILLA CRESPO,15
CORDOBA 5022,1150000,72450000,5808,20,NO,63,PRIMER,VILLA CRESPO,15
CORDOBA 5100,1500000,94500000,2104,0,NO,63,PRIMER,VILLA CRESPO,15
CORDOBA 5160,2700000,170100000,1608,1,NO,63,PRIMER,VILLA CRESPO,15
CORRIENTES 4900,640000,40320000,1350,40,NO,63,PRIMER,VILLA CRESPO,15
CORRIENTES 4900,399000,25137000,1814,60,NO,63,PRIMER,VILLA CRESPO,15
CORRIENTES 5000,299000,18837000,2903,40,NO,63,PRIMER,VILLA CRESPO,15
CORRIENTES 5200,34900,2198700,1662,0,NO,63,PRIMER,VILLA CRESPO,15
CORRIENTES 5200,40000,2520000,2667,53,NO,63,PRIMER,VILLA CRESPO,15
CORRIENTES 5200,95000,5985000,3167,50,NO,63,PRIMER,VILLA CRESPO,15
CORRIENTES 5200,95000,5985000,3654,40,SI,63,PRIMER,VILLA CRESPO,15
CORRIENTES 5400,2800000,176400000,10769,20,NO,63,PRIMER,VILLA CRESPO,15
CORRIENTES 5500,269000,16947000,1494,0,NO,63,PRIMER,VILLA CRESPO,15
CORRIENTES 5600,279000,17577000,8719,45,NO,63,PRIMER,VILLA CRESPO,15
CORRIENTES 5700,600000,37800000,1064,45,NO,63,PRIMER,VILLA CRESPO,15
DORREGO 223,330000,20790000,1784,0,NO,63,PRIMER,VILLA CRESPO,15
DORREGO 300,160000,10080000,1067,65,NO,63,PRIMER,VILLA CRESPO,15
DORREGO 311,160000,10080000,1067,65,NO,63,PRIMER,VILLA CRESPO,15
"DRAGO, LUIS MARIA 100",410000,25830000,1139,55,NO,63,PRIMER,VILLA CRESPO,15
"DRAGO, LUIS MARIA 300",149000,9387000,3725,45,NO,63,PRIMER,VILLA CRESPO,15
"FIGUEROA, APOLINARIO, Cnel. 100",440000,27720000,1257,0,NO,63,PRIMER,VILLA CRESPO,15
FITZ ROY 0,285000,17955000,2192,40,NO,63,PRIMER,VILLA CRESPO,15
FITZ ROY 100,265000,16695000,2038,0,NO,63,PRIMER,VILLA CRESPO,15
FITZ ROY 100,285000,17955000,2192,40,NO,63,PRIMER,VILLA CRESPO,15
"FRIAS,  EUSTAQUIO, TTE. GRAL. 200",210000,13230000,1826,3,NO,63,PRIMER,VILLA CRESPO,15
GODOY CRUZ 1200,690000,43470000,1612,40,NO,63,PRIMER,VILLA CRESPO,15
GURRUCHAGA 1000,750000,47250000,6250,0,NO,63,PRIMER,VILLA CRESPO,15
GURRUCHAGA 1001,690000,43470000,7667,0,NO,63,PRIMER,VILLA CRESPO,15
GURRUCHAGA 100,225999,14237937,2690,40,NO,63,PRIMER,VILLA CRESPO,15
GURRUCHAGA 300,150000,9450000,2500,0,NO,63,PRIMER,VILLA CRESPO,15
GURRUCHAGA 785,1300000,81900000,9028,0,NO,63,PRIMER,VILLA CRESPO,15
GURRUCHAGA 800,980000,61740000,10538,8,NO,63,PRIMER,VILLA CRESPO,15
GURRUCHAGA 800,900000,56700000,11250,4,NO,63,PRIMER,VILLA CRESPO,15
GURRUCHAGA 800,865000,54495000,5406,20,NO,63,PRIMER,VILLA CRESPO,15
GURRUCHAGA 900,980000,61740000,4261,5,NO,63,PRIMER,VILLA CRESPO,15
GURRUCHAGA 900,1700000,107100000,5667,3,NO,63,PRIMER,VILLA CRESPO,15
GURRUCHAGA 950,1700000,107100000,5136,0,SI,63,PRIMER,VILLA CRESPO,15
GURRUCHAGA 974,1100000,69300000,6111,5,SI,63,PRIMER,VILLA CRESPO,15
JUFRE 400,1200000,75600000,1500,30,NO,63,PRIMER,VILLA CRESPO,15
JUFRE 900,70000,4410000,3043,0,NO,63,PRIMER,VILLA CRESPO,15
"JUSTO, JUAN B. 2000",590000,37170000,2622,0,NO,63,PRIMER,VILLA CRESPO,15
"JUSTO, JUAN B. 2200",195000,12285000,1393,35,NO,63,PRIMER,VILLA CRESPO,15
"JUSTO, JUAN B. 2200",200000,12600000,1429,35,NO,63,PRIMER,VILLA CRESPO,15
"JUSTO, JUAN B. 2300",115000,7245000,2738,0,NO,63,PRIMER,VILLA CRESPO,15
"JUSTO, JUAN B. 2400",300000,18900000,2609,20,NO,63,PRIMER,VILLA CRESPO,15
"JUSTO, JUAN B. 2500",115000,7245000,3833,0,NO,63,PRIMER,VILLA CRESPO,15
"JUSTO, JUAN B. 2600",135000,8505000,2411,0,NO,63,PRIMER,VILLA CRESPO,15
"JUSTO, JUAN B. 2600",240000,15120000,4286,0,NO,63,PRIMER,VILLA CRESPO,15
"JUSTO, JUAN B. 2800",600000,37800000,1796,10,NO,63,PRIMER,VILLA CRESPO,15
"JUSTO, JUAN B. 2932",550000,34650000,1482,0,SI,63,PRIMER,VILLA CRESPO,15
"JUSTO, JUAN B. 3200",390000,24570000,4875,0,NO,63,PRIMER,VILLA CRESPO,15
"JUSTO, JUAN B. 3300",850000,53550000,3617,0,NO,63,PRIMER,VILLA CRESPO,15
"JUSTO, JUAN B. 3900",75000,4725000,4688,50,NO,63,PRIMER,VILLA CRESPO,15
LAVALLEJA 1100,290000,18270000,2000,20,NO,63,PRIMER,VILLA CRESPO,15
LAVALLEJA 400,230000,14490000,3194,50,NO,63,PRIMER,VILLA CRESPO,15
LAVALLEJA 600,92000,5796000,2875,1,NO,63,PRIMER,VILLA CRESPO,15
LERMA 400,120000,7560000,3636,30,NO,63,PRIMER,VILLA CRESPO,15
LOYOLA 600,490000,30870000,2634,20,NO,63,PRIMER,VILLA CRESPO,15
LOYOLA 600,950000,59850000,4338,10,NO,63,PRIMER,VILLA CRESPO,15
LOYOLA 620,420000,26460000,4667,0,NO,63,PRIMER,VILLA CRESPO,15
LOYOLA 700,350000,22050000,2059,5,NO,63,PRIMER,VILLA CRESPO,15
LOYOLA 700,399000,25137000,3470,0,NO,63,PRIMER,VILLA CRESPO,15
LOYOLA 700,420000,26460000,5250,4,NO,63,PRIMER,VILLA CRESPO,15
LOYOLA 700,365000,22995000,6083,11,NO,63,PRIMER,VILLA CRESPO,15
LOYOLA 800,500000,31500000,2500,5,NO,63,PRIMER,VILLA CRESPO,15
LOYOLA 850,92000,5796000,5412,20,NO,63,PRIMER,VILLA CRESPO,15
MALABIA 338,420000,26460000,4200,5,NO,63,PRIMER,VILLA CRESPO,15
MALABIA 500,790000,49770000,2225,23,NO,63,PRIMER,VILLA CRESPO,15
MALABIA 624,140000,8820000,3333,32,NO,63,PRIMER,VILLA CRESPO,15
MALABIA 800,630000,39690000,1575,0,NO,63,PRIMER,VILLA CRESPO,15
MARTINEZ ROSAS 1100,320000,20160000,2000,0,SI,63,PRIMER,VILLA CRESPO,15
MUÑECAS 800,77000,4851000,1375,25,NO,63,PRIMER,VILLA CRESPO,15
MURILLO 200,70000,4410000,2333,0,NO,63,PRIMER,VILLA CRESPO,15
MURILLO 600,219000,13797000,4867,0,NO,63,PRIMER,VILLA CRESPO,15
MURILLO 600,299000,18837000,4983,0,NO,63,PRIMER,VILLA CRESPO,15
MURILLO 900,80000,5040000,2667,0,NO,63,PRIMER,VILLA CRESPO,15
OLAYA 1700,420000,26460000,1556,35,NO,63,PRIMER,VILLA CRESPO,15
PADILLA 300,149000,9387000,2483,0,NO,63,PRIMER,VILLA CRESPO,15
PADILLA 300,250000,15750000,3049,30,NO,63,PRIMER,VILLA CRESPO,15
PADILLA 500,295000,18585000,778,50,NO,63,PRIMER,VILLA CRESPO,15
PADILLA 600,130000,8190000,2321,50,NO,63,PRIMER,VILLA CRESPO,15
PADILLA 600,130000,8190000,3250,60,NO,63,PRIMER,VILLA CRESPO,15
PADILLA 700,84000,5292000,2897,60,NO,63,PRIMER,VILLA CRESPO,15
"PUEYRREDON, HONORIO, DR. 1100",138900,8750700,3472,0,SI,63,PRIMER,VILLA CRESPO,15
"PUEYRREDON, HONORIO, DR. 1100",149800,9437400,3745,0,SI,63,PRIMER,VILLA CRESPO,15
"PUEYRREDON, HONORIO, DR. 1200",165000,10395000,2062,30,NO,63,PRIMER,VILLA CRESPO,15
"PUEYRREDON, HONORIO, DR. 1900",690000,43470000,2875,0,NO,63,PRIMER,VILLA CRESPO,15
"PUEYRREDON, HONORIO, DR. 2000",450000,28350000,9000,0,NO,63,PRIMER,VILLA CRESPO,15
"RAMIREZ DE VELAZCO, JUAN 100",250000,15750000,2155,40,SI,63,PRIMER,VILLA CRESPO,15
"RAMIREZ DE VELAZCO, JUAN 500",189000,11907000,5108,20,NO,63,PRIMER,VILLA CRESPO,15
"RAMIREZ DE VELAZCO, JUAN 600",230000,14490000,2875,80,NO,63,PRIMER,VILLA CRESPO,15
"RAMIREZ DE VELAZCO, JUAN 600",220000,13860000,3667,0,NO,63,PRIMER,VILLA CRESPO,15
"RAMIREZ DE VELAZCO, JUAN 880",320000,20160000,3556,10,SI,63,PRIMER,VILLA CRESPO,15
"SCALABRINI ORTIZ, RAUL 0",375000,23625000,1829,60,NO,63,PRIMER,VILLA CRESPO,15
"SCALABRINI ORTIZ, RAUL 1000",2800000,176400000,5185,30,NO,63,PRIMER,VILLA CRESPO,15
"SCALABRINI ORTIZ, RAUL 260",180000,11340000,449,26,NO,63,PRIMER,VILLA CRESPO,15
"SCALABRINI ORTIZ, RAUL 400",530000,33390000,876,30,NO,63,PRIMER,VILLA CRESPO,15
"SCALABRINI ORTIZ, RAUL 500",400000,25200000,1739,50,NO,63,PRIMER,VILLA CRESPO,15
SERRANO 300,150000,9450000,6522,35,NO,63,PRIMER,VILLA CRESPO,15
SERRANO 400,680000,42840000,1206,0,NO,63,PRIMER,VILLA CRESPO,15
SERRANO 400,185000,11655000,2434,60,NO,63,PRIMER,VILLA CRESPO,15
SERRANO 400,250000,15750000,3846,40,NO,63,PRIMER,VILLA CRESPO,15
SERRANO 500,285000,17955000,1140,40,NO,63,PRIMER,VILLA CRESPO,15
SERRANO 916,200000,12600000,5714,0,NO,63,PRIMER,VILLA CRESPO,15
"SUSINI, ANTONIO, Cnel. 2300",120000,7560000,2667,50,NO,63,PRIMER,VILLA CRESPO,15
THAMES 1200,230000,14490000,2212,30,NO,63,PRIMER,VILLA CRESPO,15
THAMES 600,350000,22050000,2800,0,NO,63,PRIMER,VILLA CRESPO,15
TRES LOMAS 500,298000,18774000,1898,50,NO,63,PRIMER,VILLA CRESPO,15
URIARTE 1100,80000,5040000,6667,50,NO,63,PRIMER,VILLA CRESPO,15
URIARTE 900,460000,28980000,1438,50,NO,63,PRIMER,VILLA CRESPO,15
VERA 1150,110000,6930000,1158,30,NO,63,PRIMER,VILLA CRESPO,15
VERA 301,290000,18270000,1422,0,NO,63,PRIMER,VILLA CRESPO,15
VERA 900,250000,15750000,1613,0,NO,63,PRIMER,VILLA CRESPO,15
"VIALE, LUIS 200",75000,4725000,1210,40,NO,63,PRIMER,VILLA CRESPO,15
"VIALE, LUIS 261",150000,9450000,1875,50,NO,63,PRIMER,VILLA CRESPO,15
WARNES 100,90000,5670000,2045,0,NO,63,PRIMER,VILLA CRESPO,15
WARNES 1051,1300000,81900000,2167,60,NO,63,PRIMER,VILLA CRESPO,15
WARNES 400,490000,30870000,2227,0,NO,63,PRIMER,VILLA CRESPO,15
WARNES 499,420000,26460000,1944,30,NO,63,PRIMER,VILLA CRESPO,15
WARNES 500,770000,48510000,1540,40,NO,63,PRIMER,VILLA CRESPO,15
WARNES 548,385000,24255000,1122,50,NO,63,PRIMER,VILLA CRESPO,15
WARNES 900,1400000,88200000,1958,8,NO,63,PRIMER,VILLA CRESPO,15
WARNES 900,2800000,176400000,3873,70,NO,63,PRIMER,VILLA CRESPO,15
ALVAREZ JONTE 3700,820000,51660000,695,0,NO,63,PRIMER,VILLA DEL PARQUE,11
ALVAREZ JONTE 3700,1340000,84420000,696,0,NO,63,PRIMER,VILLA DEL PARQUE,11
ALVAREZ JONTE 3700,520000,32760000,699,0,NO,63,PRIMER,VILLA DEL PARQUE,11
ARREGUI 3699,195000,12285000,1625,42,NO,63,PRIMER,VILLA DEL PARQUE,11
"ARTIGAS, JOSE GERVASIO DE, 2600",90000,5670000,2812,37,NO,63,PRIMER,VILLA DEL PARQUE,11
BOLIVIA 0,85000,5355000,1700,40,NO,63,PRIMER,VILLA DEL PARQUE,11
"CARRANZA, ADOLFO P. 2800",59000,3717000,2269,50,NO,63,PRIMER,VILLA DEL PARQUE,11
CUENCA 2687,650000,40950000,5159,40,NO,63,PRIMER,VILLA DEL PARQUE,11
CUENCA 3117,800000,50400000,2000,40,NO,63,PRIMER,VILLA DEL PARQUE,11
CUENCA 3428,690000,43470000,2300,0,NO,63,PRIMER,VILLA DEL PARQUE,11
GAVILAN 2380,129000,8127000,571,43,NO,63,PRIMER,VILLA DEL PARQUE,11
"GUTIERREZ, RICARDO 3200",295000,18585000,2305,20,NO,63,PRIMER,VILLA DEL PARQUE,11
MELINCUE 3200,550000,34650000,2022,0,NO,63,PRIMER,VILLA DEL PARQUE,11
NAZCA 2753,180000,11340000,2466,8,NO,63,PRIMER,VILLA DEL PARQUE,11
SAN MARTIN 4500,136000,8568000,1402,50,SI,63,PRIMER,VILLA DEL PARQUE,11
TINOGASTA 3100,230000,14490000,920,0,NO,63,PRIMER,VILLA DEL PARQUE,11
TINOGASTA 3200,335000,21105000,2233,30,NO,63,PRIMER,VILLA DEL PARQUE,11
TINOGASTA 3600,110000,6930000,880,45,NO,63,PRIMER,VILLA DEL PARQUE,11
ASUNCION 5300,99000,6237000,1980,30,NO,63,PRIMER,VILLA DEVOTO SUR,11
"BEIRO, FRANCISCO 4300",510000,32130000,1635,35,NO,63,PRIMER,VILLA DEVOTO SUR,11
"BEIRO, FRANCISCO 4500",750000,47250000,2500,50,NO,63,PRIMER,VILLA DEVOTO SUR,11
"BEIRO, FRANCISCO 4670",260000,16380000,4906,45,NO,63,PRIMER,VILLA DEVOTO SUR,11
"BEIRO, FRANCISCO 5100",39500,2488500,329,0,NO,63,PRIMER,VILLA DEVOTO SUR,11
"CALDERON DE LA BARCA, PEDRO 3013",55000,3465000,2750,40,NO,63,PRIMER,VILLA DEVOTO SUR,11
CANTILO 5100,80000,5040000,2500,40,NO,63,PRIMER,VILLA DEVOTO SUR,11
"LISTA, RAMON, CNEL. 5020",1200000,75600000,4124,20,NO,63,PRIMER,VILLA DEVOTO SUR,11
"LISTA, RAMON, CNEL. 5200",310000,19530000,1879,0,NO,63,PRIMER,VILLA DEVOTO SUR,11
NOGOYA 5000,120000,7560000,1622,38,SI,63,PRIMER,VILLA DEVOTO SUR,11
SIMBRON 4600,130000,8190000,2167,50,NO,63,PRIMER,VILLA DEVOTO SUR,11
DE LOS INCAS 4000,99999,6299937,1020,0,NO,63,PRIMER,VILLA ORTUZAR,15
DE LOS INCAS 4100,145000,9135000,5370,10,NO,63,PRIMER,VILLA ORTUZAR,15
FOREST 1600,260000,16380000,1300,1,NO,63,PRIMER,VILLA ORTUZAR,15
LA PAMPA 4315,746000,46998000,4099,0,NO,63,PRIMER,VILLA ORTUZAR,15
LA PAMPA 4315,746000,46998000,4144,0,SI,63,PRIMER,VILLA ORTUZAR,15
"ARTIGAS, JOSE GERVASIO DE, 5709",350000,22050000,1750,50,NO,63,PRIMER,VILLA PUEYRREDON,12
CAMPANA 4400,89000,5607000,2543,0,NO,63,PRIMER,VILLA PUEYRREDON,12
"CARRIL, SALVADOR MARIA DEL 2100",189000,11907000,3436,0,NO,63,PRIMER,VILLA PUEYRREDON,12
CHARCAS 4900,90000,5670000,3462,40,NO,63,PRIMER,VILLA PUEYRREDON,12
"CUBAS, JOSE 2600",420000,26460000,1183,0,NO,63,PRIMER,VILLA PUEYRREDON,12
FRANCO 3200,45000,2835000,2812,2,NO,63,PRIMER,VILLA PUEYRREDON,12
HELGUERA 4800,270000,17010000,1244,0,NO,63,PRIMER,VILLA PUEYRREDON,12
"MOSCONI, GRAL. 2300",650000,40950000,3846,0,NO,63,PRIMER,VILLA PUEYRREDON,12
"MOSCONI, GRAL. 3200",32000,2016000,2667,55,NO,63,PRIMER,VILLA PUEYRREDON,12
NAZCA 4285,75000,4725000,3000,8,NO,63,PRIMER,VILLA PUEYRREDON,12
NAZCA 4356,295000,18585000,939,0,NO,63,PRIMER,VILLA PUEYRREDON,12
NAZCA 4500,400000,25200000,4444,0,NO,63,PRIMER,VILLA PUEYRREDON,12
NAZCA 5200,165000,10395000,2143,50,NO,63,PRIMER,VILLA PUEYRREDON,12
ZAMUDIO 4700,87000,5481000,1318,40,NO,63,PRIMER,VILLA PUEYRREDON,12
"ACHA, MARIANO, Gral. 2500",19000,1197000,2375,0,NO,63,PRIMER,VILLA URQUIZA,12
HOLMBERG 2400,2500000,157500000,2778,0,NO,63,PRIMER,VILLA URQUIZA,12
MONROE 3800,42000,2646000,1909,30,NO,63,PRIMER,VILLA URQUIZA,12
MONROE 3854,85000,5355000,2125,30,NO,63,PRIMER,VILLA URQUIZA,12
MONROE 4000,195000,12285000,2566,35,NO,63,PRIMER,VILLA URQUIZA,12
NAHUEL HUAPI 4246,179900,11333700,2570,0,NO,63,PRIMER,VILLA URQUIZA,12
"NAON, ROMULO 2400",160000,10080000,2667,0,NO,63,PRIMER,VILLA URQUIZA,12
"CUBAS, JOSE 3400",250000,15750000,1437,0,NO,63,PRIMER,VILLA DEVOTO NORTE,11
"CUBAS, JOSE 3418",250000,15750000,1437,35,NO,63,PRIMER,VILLA DEVOTO NORTE,11
"CUBAS, JOSE 3783",99000,6237000,4950,45,NO,63,PRIMER,VILLA DEVOTO NORTE,11
CUENCA 3600,375000,23625000,3125,50,NO,63,PRIMER,VILLA DEVOTO NORTE,11
FERNANDEZ DE ENCISO 4671,89000,5607000,3423,35,NO,63,PRIMER,VILLA DEVOTO NORTE,11
GUTENBERG 3700,95000,5985000,1583,60,NO,63,PRIMER,VILLA DEVOTO NORTE,11
HABANA 3710,49000,3087000,2450,35,NO,63,PRIMER,VILLA DEVOTO NORTE,11
"LOPEZ, CARLOS ANTONIO 3500",370000,23310000,3246,0,NO,63,PRIMER,VILLA DEVOTO NORTE,11
MERCEDES 4431,90000,5670000,3000,35,NO,63,PRIMER,VILLA DEVOTO NORTE,11
"MOSCONI, GRAL. 3500",589000,37107000,3005,0,NO,63,PRIMER,VILLA DEVOTO NORTE,11
NUEVA YORK 3300,498000,31374000,1992,50,NO,63,PRIMER,VILLA DEVOTO NORTE,11
NUEVA YORK 3307,130000,8190000,2407,0,NO,63,PRIMER,VILLA DEVOTO NORTE,11
SAN MARTIN 6500,140000,8820000,2917,0,SI,63,PRIMER,VILLA DEVOTO NORTE,11
SAN MARTIN 6930,130000,8190000,3824,50,SI,63,PRIMER,VILLA DEVOTO NORTE,11
SAN MARTIN 6948,1000000,63000000,1323,20,SI,63,PRIMER,VILLA DEVOTO NORTE,11
SAN MARTIN 7200,209000,13167000,2679,1,SI,63,PRIMER,VILLA DEVOTO NORTE,11
SAN MARTIN 7200,85000,5355000,4250,1,NO,63,PRIMER,VILLA DEVOTO NORTE,11
"ARAOZ DE LAMADRID, G., GRAL. 300",78000,4914000,1114,0,SI,63,PRIMER,BOCA,4
"ARAOZ DE LAMADRID, G., GRAL. 800",380000,23940000,1462,0,SI,63,PRIMER,BOCA,4
"ARAOZ DE LAMADRID, G., GRAL. 928",250000,15750000,658,70,NO,63,PRIMER,BOCA,4
"ARAOZ DE LAMADRID, G., GRAL. 990",330000,20790000,1000,80,NO,63,PRIMER,BOCA,4
ARZOBISPO ESPINOSA 300,68000,4284000,1283,40,NO,63,PRIMER,BOCA,4
"BROWN, ALTE. 1400",99000,6237000,660,50,NO,63,PRIMER,BOCA,4
CABOTO 400,186000,11718000,2138,0,NO,63,PRIMER,BOCA,4
HERNANDARIAS 1000,1200000,75600000,1228,0,NO,63,PRIMER,BOCA,4
NECOCHEA 1100,179000,11277000,511,70,NO,63,PRIMER,BOCA,4
OLAVARRIA 500,18000,1134000,1800,40,NO,63,PRIMER,BOCA,4
REGIMIENTO DE PATRICIOS 330,120000,7560000,3429,1,SI,63,PRIMER,BOCA,4
REGIMIENTO DE PATRICIOS 400,500000,31500000,1250,0,NO,63,PRIMER,BOCA,4
ROCHA 1000,500000,31500000,888,0,NO,63,PRIMER,BOCA,4
"RODRIGUEZ, MARTIN 400",40000,2520000,1739,24,NO,63,PRIMER,BOCA,4
"VALLE, ARISTOBULO DEL 300",55000,3465000,1375,60,NO,63,PRIMER,BOCA,4
"VILLAFAÑE, WENCESLAO 100",750000,47250000,3036,0,NO,63,PRIMER,BOCA,4
"CALVO, CARLOS 4121",660000,41580000,1100,42,NO,63,PRIMER,BOEDO,5
"CALVO, CARLOS 4201",270000,17010000,3000,0,NO,63,PRIMER,BOEDO,5
CASEROS 3900,292000,18396000,1187,50,NO,63,PRIMER,BOEDO,5
COLOMBRES 1600,420000,26460000,1818,80,NO,63,PRIMER,BOEDO,5
"GARAY, JUAN DE 4200",420000,26460000,1288,0,NO,63,PRIMER,BOEDO,5
INCLAN 4100,265000,16695000,1031,50,NO,63,PRIMER,BOEDO,5
INDEPENDENCIA 3600,398000,25074000,1021,43,NO,63,PRIMER,BOEDO,5
INDEPENDENCIA 3700,480000,30240000,2462,0,NO,63,PRIMER,BOEDO,5
INDEPENDENCIA 3851,1500000,94500000,3676,45,NO,63,PRIMER,BOEDO,5
LA PLATA 1100,399999,25199937,1481,0,SI,63,PRIMER,BOEDO,5
LA PLATA 1100,265000,16695000,2732,0,NO,63,PRIMER,BOEDO,5
LA PLATA 1115,325000,20475000,1204,70,NO,63,PRIMER,BOEDO,5
SAN JUAN 3400,205000,12915000,1041,40,SI,63,PRIMER,BOEDO,5
SAN JUAN 3400,240000,15120000,1600,0,SI,63,PRIMER,BOEDO,5
SAN JUAN 3400,185000,11655000,925,40,SI,63,PRIMER,BOEDO,5
SAN JUAN 3419,190000,11970000,960,45,SI,63,PRIMER,BOEDO,5
SAN JUAN 3600,36900,2324700,1054,0,SI,63,PRIMER,BOEDO,5
SAN JUAN 3600,49000,3087000,1815,23,SI,63,PRIMER,BOEDO,5
SAN JUAN 4200,255000,16065000,2056,65,SI,63,PRIMER,BOEDO,5
SANCHEZ DE LORIA 1500,87700,5525100,1415,51,NO,63,PRIMER,BOEDO,5
CARABOBO 1200,320000,20160000,1006,40,NO,63,PRIMER,FLORES SUR,7
CARABOBO 1689,190000,11970000,475,40,NO,63,PRIMER,FLORES SUR,7
CARABOBO 500,207000,13041000,1353,45,NO,63,PRIMER,FLORES SUR,7
CARABOBO 500,315000,19845000,722,45,NO,63,PRIMER,FLORES SUR,7
CASTAÑARES 2200,100000,6300000,1250,30,NO,63,PRIMER,FLORES SUR,7
CULPINA 819,350000,22050000,1311,25,NO,63,PRIMER,FLORES SUR,7
DIRECTORIO 2515,290000,18270000,1480,43,NO,63,PRIMER,FLORES SUR,7
DIRECTORIO 3200,169000,10647000,2112,0,NO,63,PRIMER,FLORES SUR,7
LAFUENTE 1500,35000,2205000,1458,1,NO,63,PRIMER,FLORES SUR,7
"PERON, EVA 2300",200000,12600000,3571,0,NO,63,PRIMER,FLORES SUR,7
VARELA 1100,65000,4095000,1016,50,NO,63,PRIMER,FLORES SUR,7
VARELA 1262,490000,30870000,1633,15,NO,63,PRIMER,FLORES SUR,7
VARELA 700,149000,9387000,1406,37,NO,63,PRIMER,FLORES SUR,7
VARELA 700,119000,7497000,2479,37,NO,63,PRIMER,FLORES SUR,7
"ALBERDI, JUAN BAUTISTA 0",260000,16380000,2167,30,NO,63,PRIMER,FLORESTA,10
"ARANGUREN, JUAN F., Dr. 3704",350000,22050000,3889,4,SI,63,PRIMER,FLORESTA,10
BAHIA BLANCA 66,55000,3465000,1447,50,NO,63,PRIMER,FLORESTA,10
BAHIA BLANCA 700,12000,756000,375,35,NO,63,PRIMER,FLORESTA,10
BAHIA BLANCA 700,14000,882000,467,35,NO,63,PRIMER,FLORESTA,10
CHIVILCOY 452,800000,50400000,2623,80,NO,63,PRIMER,FLORESTA,10
"LAMARCA, EMILIO 100",1150000,72450000,5808,60,NO,63,PRIMER,FLORESTA,10
RIVADAVIA 8100,248000,15624000,1771,0,NO,63,PRIMER,FLORESTA,10
RIVADAVIA 8100,270000,17010000,2126,0,NO,63,PRIMER,FLORESTA,10
RIVADAVIA 8200,2000000,126000000,1481,0,NO,63,PRIMER,FLORESTA,10
RIVADAVIA 8300,215000,13545000,1617,30,NO,63,PRIMER,FLORESTA,10
RIVADAVIA 8363,25000,1575000,1250,20,NO,63,PRIMER,FLORESTA,10
RIVADAVIA 8363,20000,1260000,1538,11,NO,63,PRIMER,FLORESTA,10
SAN NICOLAS 200,56300,3546900,1340,0,NO,63,PRIMER,FLORESTA,10
SEGUROLA 200,80000,5040000,3636,0,NO,63,PRIMER,FLORESTA,10
SEGUROLA 800,270000,17010000,1000,11,NO,63,PRIMER,FLORESTA,10
"VALLESE, FELIPE 3600",88000,5544000,2514,46,NO,63,PRIMER,FLORESTA,10
"VALLESE, FELIPE 3700",16000,1008000,381,35,NO,63,PRIMER,FLORESTA,10
CARHUE 20,550000,34650000,2500,0,NO,63,PRIMER,LINIERS,9
CARHUE 55,25000,1575000,1786,30,NO,63,PRIMER,LINIERS,9
"CASTRO, EMILIO 6400",325000,20475000,1240,10,NO,63,PRIMER,LINIERS,9
"CASTRO, EMILIO 6400",400000,25200000,1538,1,NO,63,PRIMER,LINIERS,9
"CASTRO, EMILIO 6400",400000,25200000,2667,5,NO,63,PRIMER,LINIERS,9
"FALCON, RAMON L.,CNEL. 6775",235000,14805000,3264,0,NO,63,PRIMER,LINIERS,9
"FALCON, RAMON L.,CNEL. 6800",450000,28350000,1111,30,NO,63,PRIMER,LINIERS,9
"FALCON, RAMON L.,CNEL. 7000",29000,1827000,1933,60,NO,63,PRIMER,LINIERS,9
"FALCON, RAMON L.,CNEL. 7200",240000,15120000,5000,0,NO,63,PRIMER,LINIERS,9
FONROUGE 45,350000,22050000,2500,50,NO,63,PRIMER,LINIERS,9
GANA 100,130000,8190000,425,0,NO,63,PRIMER,LINIERS,9
GANA 100,50000,3150000,704,0,NO,63,PRIMER,LINIERS,9
MIRALLA 400,1150000,72450000,1631,20,NO,63,PRIMER,LINIERS,9
MONTIEL 1300,250000,15750000,1923,40,NO,63,PRIMER,LINIERS,9
MONTIEL 30,118500,7465500,1975,0,NO,63,PRIMER,LINIERS,9
PERIBEBUY 6700,260000,16380000,1769,50,NO,63,PRIMER,LINIERS,9
PILAR 800,82000,5166000,3037,0,NO,63,PRIMER,LINIERS,9
POLA 188,78000,4914000,2229,15,NO,63,PRIMER,LINIERS,9
RESERVISTAS ARGENTINOS 300,80000,5040000,1905,50,SI,63,PRIMER,LINIERS,9
RESERVISTAS ARGENTINOS 390,85000,5355000,2024,45,SI,63,PRIMER,LINIERS,9
RIVADAVIA 11037,250000,15750000,940,50,NO,63,PRIMER,LINIERS,9
RIVADAVIA 11300,2100000,132300000,2558,90,NO,63,PRIMER,LINIERS,9
RIVADAVIA 11300,799000,50337000,6146,0,NO,63,PRIMER,LINIERS,9
RIVADAVIA 11400,19000,1197000,1188,39,NO,63,PRIMER,LINIERS,9
RIVADAVIA 11400,15000,945000,375,0,NO,63,PRIMER,LINIERS,9
RIVADAVIA 11600,2300000,144900000,5111,0,NO,63,PRIMER,LINIERS,9
SANTIAGO DE CHILE 6475,520000,32760000,840,8,NO,63,PRIMER,LINIERS,9
"VIEDMA, FRANCISCO de 6500",500000,31500000,1136,24,NO,63,PRIMER,LINIERS,9
"VIEDMA, FRANCISCO de 6839",229000,14427000,1832,50,NO,63,PRIMER,LINIERS,9
"ALBERDI, JUAN BAUTISTA 5000",122000,7686000,2033,60,NO,63,PRIMER,MATADEROS,9
"ALBERDI, JUAN BAUTISTA 7200",435000,27405000,1088,20,NO,63,PRIMER,MATADEROS,9
CARHUE 2600,250000,15750000,877,50,NO,63,PRIMER,MATADEROS,9
DE LOS CORRALES 7192,200000,12600000,1242,0,NO,63,PRIMER,MATADEROS,9
ESCALADA 800,110000,6930000,2750,0,NO,63,PRIMER,MATADEROS,9
ESCALADA 913,50000,3150000,1515,30,NO,63,PRIMER,MATADEROS,9
MONTIEL 1800,80000,5040000,3636,0,NO,63,PRIMER,MATADEROS,9
"PERON, EVA 5700",140000,8820000,1707,35,NO,63,PRIMER,MATADEROS,9
"PERON, EVA 7200",750000,47250000,824,30,NO,63,PRIMER,MATADEROS,9
"RODO, JOSE E. 5600",98000,6174000,1361,0,NO,63,PRIMER,MATADEROS,9
ALVAREZ JONTE 4000,330000,20790000,3976,0,NO,63,PRIMER,MONTE CASTRO,10
ALVAREZ JONTE 4900,2200000,138600000,2857,40,NO,63,PRIMER,MONTE CASTRO,10
BAHIA BLANCA 2170,80000,5040000,2000,40,NO,63,PRIMER,MONTE CASTRO,10
BAHIA BLANCA 2300,89000,5607000,2697,40,SI,63,PRIMER,MONTE CASTRO,10
BERMUDEZ 1615,240000,15120000,2667,1,NO,63,PRIMER,MONTE CASTRO,10
BERMUDEZ 2400,410000,25830000,1864,25,NO,63,PRIMER,MONTE CASTRO,10
LASCANO 5000,540000,34020000,1038,20,NO,63,PRIMER,MONTE CASTRO,10
LASCANO 5100,100000,6300000,2703,0,NO,63,PRIMER,MONTE CASTRO,10
MARTIN FIERRO 5300,185000,11655000,2176,0,NO,63,PRIMER,MONTE CASTRO,10
MIRANDA 4500,70000,4410000,2917,40,NO,63,PRIMER,MONTE CASTRO,10
MIRANDA 4500,103000,6489000,3552,0,NO,63,PRIMER,MONTE CASTRO,10
SANABRIA 2400,195000,12285000,1560,50,SI,63,PRIMER,MONTE CASTRO,10
SANTO TOME 4200,235000,14805000,904,60,NO,63,PRIMER,MONTE CASTRO,10
"ALCORTA, AMANCIO 3600",640000,40320000,1067,30,NO,63,PRIMER,NUEVA POMPEYA,4
"ALCORTA, AMANCIO 3700",190000,11970000,950,0,NO,63,PRIMER,NUEVA POMPEYA,4
BARCO CENTENERA del 2478,159500,10048500,760,0,NO,63,PRIMER,NUEVA POMPEYA,4
BARCO CENTENERA del 3500,85000,5355000,810,0,NO,63,PRIMER,NUEVA POMPEYA,4
CASEROS 3400,650000,40950000,4643,2,NO,63,PRIMER,NUEVA POMPEYA,4
CHICLANA 4100,65000,4095000,1444,0,NO,63,PRIMER,NUEVA POMPEYA,4
ESQUIU 1300,55000,3465000,1571,15,NO,63,PRIMER,NUEVA POMPEYA,4
"FERNANDEZ DE LA CRUZ, F., GRAL. 1500",135000,8505000,957,40,NO,63,PRIMER,NUEVA POMPEYA,4
LA PLATA 2300,250000,15750000,2632,0,NO,63,PRIMER,NUEVA POMPEYA,4
LA PLATA 2400,85000,5355000,1771,0,NO,63,PRIMER,NUEVA POMPEYA,4
LYNCH 3700,80000,5040000,2667,0,NO,63,PRIMER,NUEVA POMPEYA,4
"POMAR, GREGORIO Tte. Cnel. 4100",250000,15750000,4167,50,NO,63,PRIMER,NUEVA POMPEYA,4
"RABANAL, FRANCISCO, INTENDENTE 1300",175000,11025000,875,20,NO,63,PRIMER,NUEVA POMPEYA,4
"RABANAL, FRANCISCO, INTENDENTE 1982",75000,4725000,1000,0,NO,63,PRIMER,NUEVA POMPEYA,4
SAENZ 1200,195000,12285000,1393,25,NO,63,PRIMER,NUEVA POMPEYA,4
SAENZ 1215,1200000,75600000,3352,1,NO,63,PRIMER,NUEVA POMPEYA,4
SAENZ 1251,150000,9450000,882,40,NO,63,PRIMER,NUEVA POMPEYA,4
SAENZ 1391,220000,13860000,824,70,NO,63,PRIMER,NUEVA POMPEYA,4
SAENZ 1400,230000,14490000,767,30,NO,63,PRIMER,NUEVA POMPEYA,4
SAENZ 400,230000,14490000,1314,40,NO,63,PRIMER,NUEVA POMPEYA,4
SAENZ 600,65000,4095000,1912,0,NO,63,PRIMER,NUEVA POMPEYA,4
SOMELLERA 999,115000,7245000,1292,30,NO,63,PRIMER,NUEVA POMPEYA,4
TRAFUL 3700,345000,21735000,1150,0,NO,63,PRIMER,NUEVA POMPEYA,4
"ALCORTA, AMANCIO 2573",149000,9387000,745,40,NO,63,PRIMER,PARQUE PATRICIOS,4
BRASIL 3098,265000,16695000,510,50,NO,63,PRIMER,PARQUE PATRICIOS,4
CASEROS 2459,550000,34650000,3526,0,NO,63,PRIMER,PARQUE PATRICIOS,4
"CASTILLO, CATULO 2500",65000,4095000,985,0,NO,63,PRIMER,PARQUE PATRICIOS,4
DEAN FUNES 1700,84000,5292000,1377,0,NO,63,PRIMER,PARQUE PATRICIOS,4
"GARAY, JUAN DE 2500",270000,17010000,871,50,NO,63,PRIMER,PARQUE PATRICIOS,4
"GARAY, JUAN DE 2900",340000,21420000,1133,40,NO,63,PRIMER,PARQUE PATRICIOS,4
"GARAY, JUAN DE 3046",99000,6237000,861,60,NO,63,PRIMER,PARQUE PATRICIOS,4
JUJUY 1700,115000,7245000,1554,7,NO,63,PRIMER,PARQUE PATRICIOS,4
LA RIOJA 1700,492000,30996000,1892,0,NO,63,PRIMER,PARQUE PATRICIOS,4
LA RIOJA 2000,500000,31500000,3448,33,NO,63,PRIMER,PARQUE PATRICIOS,4
LA RIOJA 2100,300000,18900000,10000,0,NO,63,PRIMER,PARQUE PATRICIOS,4
LUNA 100,210000,13230000,3000,1,NO,63,PRIMER,PARQUE PATRICIOS,4
LUNA 562,420000,26460000,2049,1,NO,63,PRIMER,PARQUE PATRICIOS,4
MONTEAGUDO 192,150000,9450000,5000,25,NO,63,PRIMER,PARQUE PATRICIOS,4
MONTEAGUDO 200,740000,46620000,1018,0,NO,63,PRIMER,PARQUE PATRICIOS,4
MONTEAGUDO 400,250000,15750000,1678,0,NO,63,PRIMER,PARQUE PATRICIOS,4
RONDEAU 2800,289000,18207000,1156,70,NO,63,PRIMER,PARQUE PATRICIOS,4
"ARANGUREN, JUAN F., Dr. 4500",349900,22043700,1955,90,SI,63,PRIMER,VELEZ SARSFIELD,10
"ARANGUREN, JUAN F., Dr. 4599",349900,22043700,1955,70,SI,63,PRIMER,VELEZ SARSFIELD,10
"BELAUSTEGUI, LUIS, Dr. 4800",580000,36540000,1450,40,NO,63,PRIMER,VELEZ SARSFIELD,10
CARRASCO 900,339000,21357000,2260,0,NO,63,PRIMER,VELEZ SARSFIELD,10
"JUSTO, JUAN B. 7154",150000,9450000,920,0,NO,63,PRIMER,VELEZ SARSFIELD,10
"JUSTO, JUAN B. 7226",120000,7560000,828,20,NO,63,PRIMER,VELEZ SARSFIELD,10
"JUSTO, JUAN B. 7451",150000,9450000,2000,50,NO,63,PRIMER,VELEZ SARSFIELD,10
"JUSTO, JUAN B. 7500",250000,15750000,1969,15,NO,63,PRIMER,VELEZ SARSFIELD,10
"JUSTO, JUAN B. 7800",395000,24885000,823,0,NO,63,PRIMER,VELEZ SARSFIELD,10
MORETO 12,78000,4914000,2600,30,NO,63,PRIMER,VELEZ SARSFIELD,10
OLIVERA 100,350000,22050000,3182,10,NO,63,PRIMER,VELEZ SARSFIELD,10
RIVADAVIA 8517,615000,38745000,1464,40,NO,63,PRIMER,VELEZ SARSFIELD,10
RIVADAVIA 8615,260000,16380000,2281,20,NO,63,PRIMER,VELEZ SARSFIELD,10
SAN BLAS 4797,37000,2331000,1542,30,NO,63,PRIMER,VELEZ SARSFIELD,10
SARACHAGA 4200,240000,15120000,727,45,NO,63,PRIMER,VELEZ SARSFIELD,10
ALVAREZ JONTE 6200,125000,7875000,1838,0,NO,63,PRIMER,VERSALLES,10
ARREGUI 6127,180000,11340000,1800,35,NO,63,PRIMER,VERSALLES,10
ARREGUI 6167,295000,18585000,3278,0,NO,63,PRIMER,VERSALLES,10
GALLARDO 600,550000,34650000,426,50,NO,63,PRIMER,VERSALLES,10
"JUSTO, JUAN B. 9300",520000,32760000,881,50,NO,63,PRIMER,VERSALLES,10
"JUSTO, JUAN B. 9390",500000,31500000,1082,40,NO,63,PRIMER,VERSALLES,10
ROMA 600,140000,8820000,1077,30,NO,63,PRIMER,VERSALLES,10
RUIZ DE LOS LLANOS 1500,79000,4977000,3950,30,NO,63,PRIMER,VERSALLES,10
ALVAREZ JONTE 1915,58000,3654000,1568,40,NO,63,PRIMER,VILLA GRAL. MITRE,11
"ALVAREZ, DONATO, Tte. Gral. 1500",150000,9450000,1829,0,NO,63,PRIMER,VILLA GRAL. MITRE,11
"ALVAREZ, DONATO, Tte. Gral. 2000",355000,22365000,6017,0,NO,63,PRIMER,VILLA GRAL. MITRE,11
BOLIVIA 1444,79000,4977000,2026,38,NO,63,PRIMER,VILLA GRAL. MITRE,11
BOYACA 2200,75000,4725000,1667,30,NO,63,PRIMER,VILLA GRAL. MITRE,11
"BUFANO, ALFREDO R. 1900",250000,15750000,1168,25,NO,63,PRIMER,VILLA GRAL. MITRE,11
CAMARONES 2111,155000,9765000,1047,50,NO,63,PRIMER,VILLA GRAL. MITRE,11
CARACAS 2300,200000,12600000,1351,40,NO,63,PRIMER,VILLA GRAL. MITRE,11
"DIAZ, CESAR, GRAL. 2200",370000,23310000,712,30,NO,63,PRIMER,VILLA GRAL. MITRE,11
GAONA 2700,118000,7434000,1135,0,NO,63,PRIMER,VILLA GRAL. MITRE,11
GAONA 2700,115000,7245000,1223,0,NO,63,PRIMER,VILLA GRAL. MITRE,11
GAONA 2704,198000,12474000,1800,50,NO,63,PRIMER,VILLA GRAL. MITRE,11
GAONA 2800,900000,56700000,2217,0,NO,63,PRIMER,VILLA GRAL. MITRE,11
GAVILAN 1698,282000,17766000,1410,40,NO,63,PRIMER,VILLA GRAL. MITRE,11
"INGENIEROS, JOSE 2700",49000,3087000,2042,41,NO,63,PRIMER,VILLA GRAL. MITRE,11
"JUSTO, JUAN B. 5200",150000,9450000,1376,64,NO,63,PRIMER,VILLA GRAL. MITRE,11
"JUSTO, JUAN B. 5400",650000,40950000,1477,25,NO,63,PRIMER,VILLA GRAL. MITRE,11
"MAGARIÑOS CERVANTES, A. 1334",95000,5985000,3276,10,NO,63,PRIMER,VILLA GRAL. MITRE,11
"MAGARIÑOS CERVANTES, A. 1500",219000,13797000,1395,2,NO,63,PRIMER,VILLA GRAL. MITRE,11
"MAGARIÑOS CERVANTES, A. 2500",88000,5544000,2256,40,NO,63,PRIMER,VILLA GRAL. MITRE,11
SAN BLAS 1600,108000,6804000,4000,70,NO,63,PRIMER,VILLA GRAL. MITRE,11
"ALBERDI, JUAN BAUTISTA 4600",146000,9198000,1460,0,NO,63,PRIMER,VILLA LURO,10
HOMERO 559,65000,4095000,2167,5,NO,63,PRIMER,VILLA LURO,10
"JUSTO, JUAN B. 8500",250000,15750000,1042,10,NO,63,PRIMER,VILLA LURO,10
LEOPARDI 100,135000,8505000,3214,0,NO,63,PRIMER,VILLA LURO,10
LOPE DE VEGA 1700,490000,30870000,2450,0,NO,63,PRIMER,VILLA LURO,10
RIVADAVIA 10100,130000,8190000,1494,60,NO,63,PRIMER,VILLA LURO,10
RIVADAVIA 10100,360000,22680000,3600,10,SI,63,PRIMER,VILLA LURO,10
RIVADAVIA 9218,420000,26460000,382,60,NO,63,PRIMER,VILLA LURO,10
RIVADAVIA 9400,200000,12600000,1770,0,NO,63,PRIMER,VILLA LURO,10
RIVADAVIA 9521,595000,37485000,2902,3,NO,63,PRIMER,VILLA LURO,10
"SAENZ VALIENTE, ANSELMO 21",52000,3276000,2476,34,NO,63,PRIMER,VILLA LURO,10
"BEIRO, FRANCISCO 5500",195000,12285000,2786,3,NO,63,PRIMER,VILLA REAL,10
LOPE DE VEGA 2600,470000,29610000,959,40,NO,63,PRIMER,VILLA REAL,10
LOPE DE VEGA 2700,1200000,75600000,1552,40,NO,63,PRIMER,VILLA REAL,10
LOPE DE VEGA 3200,490000,30870000,9800,25,NO,63,PRIMER,VILLA REAL,10
NAZARRE 6100,75000,4725000,1500,0,NO,63,PRIMER,VILLA REAL,10
NAZARRE 6102,80000,5040000,400,8,NO,63,PRIMER,VILLA REAL,10
NOGOYA 5700,120000,7560000,3000,0,NO,63,PRIMER,VILLA REAL,10
"VARELA, JOSE PEDRO 5324",190000,11970000,792,40,NO,63,PRIMER,VILLA REAL,10
"CHILAVERT, MARTINIANO, Cnel. 6714",35000,2205000,1944,31,NO,63,PRIMER,VILLA RIACHUELO,8
"CHILAVERT, MARTINIANO, Cnel. 6807",120000,7560000,3000,60,NO,63,PRIMER,VILLA RIACHUELO,8
"FERNANDEZ DE LA CRUZ, F., GRAL. 6688",400000,25200000,2500,50,NO,63,PRIMER,VILLA RIACHUELO,8
GUAMINI 4800,300000,18900000,1017,18,NO,63,PRIMER,VILLA RIACHUELO,8
GUAMINI 4843,300000,18900000,1408,10,NO,63,PRIMER,VILLA RIACHUELO,8
PIEDRA BUENA 4666,350000,22050000,946,35,NO,63,PRIMER,VILLA RIACHUELO,8
ALVAREZ JONTE 2700,99000,6237000,3194,0,NO,63,PRIMER,VILLA SANTA RITA,11
ARGERICH 1500,660000,41580000,2245,40,NO,63,PRIMER,VILLA SANTA RITA,11
GAONA 3700,350000,22050000,3070,0,NO,63,PRIMER,VILLA SANTA RITA,11
"MAGARIÑOS CERVANTES, A. 3000",207000,13041000,4059,0,NO,63,PRIMER,VILLA SANTA RITA,11
"MAGARIÑOS CERVANTES, A. 3000",166800,10508400,4508,0,NO,63,PRIMER,VILLA SANTA RITA,11
NAZCA 1300,230000,14490000,1353,0,NO,63,PRIMER,VILLA SANTA RITA,11
NAZCA 2300,85000,5355000,2500,0,NO,63,PRIMER,VILLA SANTA RITA,11
SAN BLAS 3300,65000,4095000,1413,35,NO,63,PRIMER,VILLA SANTA RITA,11
TRES ARROYOS 2805,299000,18837000,3646,35,NO,63,PRIMER,VILLA SANTA RITA,11
O'GORMAN 400,2000000,126000000,4988,0,NO,63,PRIMER,VILLA SOLDATI,8
O'GORMAN 400,1500000,94500000,8824,0,NO,63,PRIMER,VILLA SOLDATI,8
AZARA 200,180000,11340000,900,29,NO,63,PRIMER,BARRACAS ESTE,4
BOLIVAR 1800,650000,40950000,1444,0,NO,63,PRIMER,BARRACAS ESTE,4
BRANDSEN 1700,400000,25200000,4000,25,NO,63,PRIMER,BARRACAS ESTE,4
CALIFORNIA 1800,239900,15113700,2666,40,NO,63,PRIMER,BARRACAS ESTE,4
CALIFORNIA 2200,480000,30240000,759,0,NO,63,PRIMER,BARRACAS ESTE,4
"CARRILLO, RAMON, DR. 200",155000,9765000,1183,60,NO,63,PRIMER,BARRACAS ESTE,4
HERRERA 1700,379000,23877000,3008,0,NO,63,PRIMER,BARRACAS ESTE,4
HERRERA 1700,439000,27657000,3658,0,NO,63,PRIMER,BARRACAS ESTE,4
HERRERA 1700,379000,23877000,4032,0,NO,63,PRIMER,BARRACAS ESTE,4
ITUZAINGO 500,65000,4095000,2167,0,NO,63,PRIMER,BARRACAS ESTE,4
LAFAYETTE 500,200000,12600000,952,0,NO,63,PRIMER,BARRACAS ESTE,4
LUZURIAGA 300,80000,5040000,611,0,NO,63,PRIMER,BARRACAS ESTE,4
MIRAVE 2700,260000,16380000,1020,50,NO,63,PRIMER,BARRACAS ESTE,4
"MONTES DE OCA, MANUEL 1100",8300000,522900000,1660,0,NO,63,PRIMER,BARRACAS ESTE,4
"MONTES DE OCA, MANUEL 1200",690000,43470000,3194,50,NO,63,PRIMER,BARRACAS ESTE,4
"MONTES DE OCA, MANUEL 1413",70000,4410000,2258,35,NO,63,PRIMER,BARRACAS ESTE,4
"MONTES DE OCA, MANUEL 251",320000,20160000,3168,9,NO,63,PRIMER,BARRACAS ESTE,4
"MONTES DE OCA, MANUEL 427",1000000,63000000,5000,0,NO,63,PRIMER,BARRACAS ESTE,4
"QUINQUELA MARTIN, BENITO 1700",260000,16380000,3059,0,NO,63,PRIMER,BARRACAS ESTE,4
REGIMIENTO DE PATRICIOS 1600,600000,37800000,1453,40,NO,63,PRIMER,BARRACAS ESTE,4
REGIMIENTO DE PATRICIOS 700,270000,17010000,2571,0,SI,63,PRIMER,BARRACAS ESTE,4
REGIMIENTO DE PATRICIOS 900,400000,25200000,1594,0,SI,63,PRIMER,BARRACAS ESTE,4
RUY DIAZ DE GUZMAN 600,68000,4284000,1889,45,NO,63,PRIMER,BARRACAS ESTE,4
SANTA MAGDALENA 500,85000,5355000,1062,50,SI,63,PRIMER,BARRACAS ESTE,4
SUAREZ 1500,845000,53235000,1616,30,SI,63,PRIMER,BARRACAS ESTE,4
SUAREZ 1500,970000,61110000,4755,40,NO,63,PRIMER,BARRACAS ESTE,4
USPALLATA 700,85000,5355000,2237,4,NO,63,PRIMER,BARRACAS ESTE,4
"VALLE, ARISTOBULO DEL 1400",1200000,75600000,2058,20,NO,63,PRIMER,BARRACAS ESTE,4
"VALLE, ARISTOBULO DEL 1400",150000,9450000,2273,30,NO,63,PRIMER,BARRACAS ESTE,4
VELEZ SARSFIELD 700,55000,3465000,1833,0,NO,63,PRIMER,BARRACAS ESTE,4
VIEYTES 1200,79000,4977000,1129,50,NO,63,PRIMER,BARRACAS ESTE,4
VIEYTES 1246,58000,3654000,829,40,NO,63,PRIMER,BARRACAS ESTE,4
VIEYTES 1300,70000,4410000,2333,0,NO,63,PRIMER,BARRACAS ESTE,4
"ALBERDI, JUAN BAUTISTA 4099",5753000,362439000,1305,0,NO,63,PRIMER,PARQUE AVELLANEDA,9
"ALBERDI, JUAN BAUTISTA 4099",5753000,362439000,821,15,SI,63,PRIMER,PARQUE AVELLANEDA,9
"ALBERDI, JUAN BAUTISTA 4100",520000,32760000,956,0,SI,63,PRIMER,PARQUE AVELLANEDA,9
"ALBERDI, JUAN BAUTISTA 4300",220000,13860000,1692,80,NO,63,PRIMER,PARQUE AVELLANEDA,9
"AMEGHINO, FLORENTINO, Dr. 1700",125000,7875000,1866,50,NO,63,PRIMER,PARQUE AVELLANEDA,9
"AMEGHINO, FLORENTINO, Dr. 1914",250000,15750000,556,10,NO,63,PRIMER,PARQUE AVELLANEDA,9
DIRECTORIO 3225,70000,4410000,3889,10,NO,63,PRIMER,PARQUE AVELLANEDA,9
DIRECTORIO 3500,95000,5985000,1056,30,NO,63,PRIMER,PARQUE AVELLANEDA,9
DIRECTORIO 3500,215000,13545000,3028,1,NO,63,PRIMER,PARQUE AVELLANEDA,9
DIRECTORIO 3945,140000,8820000,2154,30,NO,63,PRIMER,PARQUE AVELLANEDA,9
DIRECTORIO 4490,95000,5985000,3167,40,NO,63,PRIMER,PARQUE AVELLANEDA,9
ESCALADA 1900,1900000,119700000,826,0,NO,63,PRIMER,PARQUE AVELLANEDA,9
HOMERO 752,530000,33390000,770,45,NO,63,PRIMER,PARQUE AVELLANEDA,9
"LARRAÑAGA, DAMASO 600",50000,3150000,1389,0,NO,63,PRIMER,PARQUE AVELLANEDA,9
MOZART 1000,150000,9450000,1034,80,NO,63,PRIMER,PARQUE AVELLANEDA,9
OLIVERA 1400,40000,2520000,1905,0,NO,63,PRIMER,PARQUE AVELLANEDA,9
"PERON, EVA 4300",249000,15687000,2041,0,NO,63,PRIMER,PARQUE AVELLANEDA,9
OLIVERA 1061,67000,4221000,1457,39,NO,63,PRIMER,PARQUE AVELLANEDA,9
2 DE ABRIL DE 1982 6900,65000,4095000,422,30,NO,63,PRIMER,VILLA LUGANO,8
"ALVAREZ, CRISOSTOMO 5000",349000,21987000,582,43,NO,63,PRIMER,VILLA LUGANO,8
ARAUJO 2408,40000,2520000,1600,40,SI,63,PRIMER,VILLA LUGANO,8
"CHILAVERT, MARTINIANO, Cnel. 5677",54000,3402000,857,0,NO,63,PRIMER,VILLA LUGANO,8
ESCALADA 2225,120000,7560000,2727,0,NO,63,PRIMER,VILLA LUGANO,8
MURGUIONDO 3687,89000,5607000,1171,60,NO,63,PRIMER,VILLA LUGANO,8
"PERON, EVA 5900",600000,37800000,960,60,NO,63,PRIMER,VILLA LUGANO,8
"PERON, EVA 6100",127000,8001000,1789,61,NO,63,PRIMER,VILLA LUGANO,8
RIESTRA 5999,410000,25830000,3417,0,SI,63,PRIMER,VILLA LUGANO,8
SOLDADO DE LA FRONTERA 5100,60000,3780000,1200,30,NO,63,PRIMER,VILLA LUGANO,8
SOLDADO DE LA FRONTERA 5400,88000,5544000,1294,0,NO,63,PRIMER,VILLA LUGANO,8
SOLDADO DE LA FRONTERA 5550,85000,5355000,1700,40,NO,63,PRIMER,VILLA LUGANO,8
"VILLEGAS, CONRADO, Gral. 5400",60000,3780000,500,45,NO,63,PRIMER,VILLA LUGANO,8
"VILLEGAS, CONRADO, Gral. 5400",42000,2646000,525,45,NO,63,PRIMER,VILLA LUGANO,8
"VILLEGAS, CONRADO, Gral. 5400",22000,1386000,550,45,NO,63,PRIMER,VILLA LUGANO,8
"ALBERDI, JUAN BAUTISTA 2200",335000,21105000,1650,55,NO,63,PRIMER,FLORES NORTE,7
"ALBERDI, JUAN BAUTISTA 2200",59000,3717000,2269,40,NO,63,PRIMER,FLORES NORTE,7
"ALBERDI, JUAN BAUTISTA 2200",460000,28980000,2930,50,NO,63,PRIMER,FLORES NORTE,7
"ALBERDI, JUAN BAUTISTA 2300",750000,47250000,1500,0,NO,63,PRIMER,FLORES NORTE,7
"ALBERDI, JUAN BAUTISTA 2500",3600000,226800000,424,20,NO,63,PRIMER,FLORES NORTE,7
"ALVAREZ, DONATO, Tte. Gral. 400",650000,40950000,2218,15,NO,63,PRIMER,FLORES NORTE,7
ARGERICH 200,1700000,107100000,6464,10,NO,63,PRIMER,FLORES NORTE,7
ARGERICH 700,980000,61740000,2882,0,NO,63,PRIMER,FLORES NORTE,7
ARGERICH 895,400000,25200000,4000,0,NO,63,PRIMER,FLORES NORTE,7
"ARTIGAS, JOSE GERVASIO DE, 300",125000,7875000,2841,30,NO,63,PRIMER,FLORES NORTE,7
BACACAY 2605,110000,6930000,3056,50,NO,63,PRIMER,FLORES NORTE,7
BOLIVIA 100,1600000,100800000,2888,0,NO,63,PRIMER,FLORES NORTE,7
BOLIVIA 42,44000,2772000,1467,15,SI,63,PRIMER,FLORES NORTE,7
"BONIFACIO, JOSE 1876",495000,31185000,4160,0,NO,63,PRIMER,FLORES NORTE,7
"BONIFACIO, JOSE 2813",80000,5040000,1481,30,NO,63,PRIMER,FLORES NORTE,7
BOYACA 37,520000,32760000,5200,1,NO,63,PRIMER,FLORES NORTE,7
BOYACA 500,20000,1260000,571,0,NO,63,PRIMER,FLORES NORTE,7
BOYACA 577,160000,10080000,6667,0,NO,63,PRIMER,FLORES NORTE,7
BOYACA 600,245000,15435000,1213,0,NO,63,PRIMER,FLORES NORTE,7
CARABOBO 100,720000,45360000,5538,0,NO,63,PRIMER,FLORES NORTE,7
CARACAS 1000,440000,27720000,848,0,NO,63,PRIMER,FLORES NORTE,7
CARACAS 63,18000,1134000,1800,0,NO,63,PRIMER,FLORES NORTE,7
CUENCA 800,400000,25200000,4444,1,NO,63,PRIMER,FLORES NORTE,7
DIRECTORIO 2900,800000,50400000,947,0,NO,63,PRIMER,FLORES NORTE,7
"FALCON, RAMON L.,CNEL. 2347",190000,11970000,3878,32,NO,63,PRIMER,FLORES NORTE,7
"FALCON, RAMON L.,CNEL. 2391",135000,8505000,2500,38,NO,63,PRIMER,FLORES NORTE,7
"FALCON, RAMON L.,CNEL. 2577",265000,16695000,3786,30,NO,63,PRIMER,FLORES NORTE,7
GAONA 3500,289000,18207000,5780,40,NO,63,PRIMER,FLORES NORTE,7
LAFUENTE 100,55000,3465000,2500,0,NO,63,PRIMER,FLORES NORTE,7
LAFUENTE 300,58000,3654000,3412,0,NO,63,PRIMER,FLORES NORTE,7
MEMBRILLAR 100,100000,6300000,2941,50,NO,63,PRIMER,FLORES NORTE,7
MEMBRILLAR 51,25000,1575000,735,50,NO,63,PRIMER,FLORES NORTE,7
PEDERNERA 400,130000,8190000,1413,0,NO,63,PRIMER,FLORES NORTE,7
RIVADAVIA 6400,260000,16380000,1300,30,NO,63,PRIMER,FLORES NORTE,7
RIVADAVIA 6662,2000000,126000000,1885,45,NO,63,PRIMER,FLORES NORTE,7
RIVADAVIA 6700,500000,31500000,1613,0,NO,63,PRIMER,FLORES NORTE,7
RIVADAVIA 6700,14000,882000,2333,51,NO,63,PRIMER,FLORES NORTE,7
RIVADAVIA 6743,20000,1260000,2222,0,NO,63,PRIMER,FLORES NORTE,7
RIVADAVIA 6743,37000,2331000,3083,0,NO,63,PRIMER,FLORES NORTE,7
RIVADAVIA 6743,42000,2646000,3818,0,NO,63,PRIMER,FLORES NORTE,7
RIVADAVIA 6800,150000,9450000,1172,0,NO,63,PRIMER,FLORES NORTE,7
RIVADAVIA 6800,50000,3150000,893,0,NO,63,PRIMER,FLORES NORTE,7
RIVADAVIA 7000,39900,2513700,1050,0,NO,63,PRIMER,FLORES NORTE,7
RIVADAVIA 7000,416000,26208000,1053,0,NO,63,PRIMER,FLORES NORTE,7
RIVADAVIA 7000,24500,1543500,1167,0,NO,63,PRIMER,FLORES NORTE,7
RIVADAVIA 7000,33000,2079000,1179,0,NO,63,PRIMER,FLORES NORTE,7
RIVADAVIA 7000,26500,1669500,1205,0,NO,63,PRIMER,FLORES NORTE,7
RIVADAVIA 7000,42500,2677500,1214,0,NO,63,PRIMER,FLORES NORTE,7
RIVADAVIA 7000,85500,5386500,1336,0,NO,63,PRIMER,FLORES NORTE,7
RIVADAVIA 7000,498000,31374000,3773,20,NO,63,PRIMER,FLORES NORTE,7
RIVADAVIA 7000,715000,45045000,7150,0,NO,63,PRIMER,FLORES NORTE,7
RIVADAVIA 7100,1100000,69300000,4044,0,NO,63,PRIMER,FLORES NORTE,7
RIVADAVIA 7241,479000,30177000,3713,6,NO,63,PRIMER,FLORES NORTE,7
"VALLESE, FELIPE 2893",200000,12600000,5000,35,NO,63,PRIMER,FLORES NORTE,7
"VALLESE, FELIPE 2900",450000,28350000,6338,0,NO,63,PRIMER,FLORES NORTE,7
YERBAL 2100,245000,15435000,2149,0,SI,63,PRIMER,FLORES NORTE,7
YERBAL 2200,20000,1260000,2000,0,SI,63,PRIMER,FLORES NORTE,7
YERBAL 2248,20000,1260000,2222,50,SI,63,PRIMER,FLORES NORTE,7
YERBAL 2248,54000,3402000,3600,25,SI,63,PRIMER,FLORES NORTE,7
YERBAL 2248,10000,630000,667,25,NO,63,PRIMER,FLORES NORTE,7
YERBAL 2500,62000,3906000,1879,65,NO,63,PRIMER,FLORES NORTE,7
Mario Bravo 800,73800,4723200,2171,0,NO,64,SEGUNDO,ALMAGRO,5
Av. Belgrano 3300,500000,32000000,1786,0,NO,64,SEGUNDO,ALMAGRO,5
Quito,55000,3520000,2750,0,NO,64,SEGUNDO,ALMAGRO,5
PRINGLES,100000,6400000,2857,0,NO,64,SEGUNDO,ALMAGRO,5
Corrientes 4200,1022000,65408000,2523,0,NO,64,SEGUNDO,ALMAGRO,5
Lezica,83000,5312000,1169,0,NO,64,SEGUNDO,ALMAGRO,5
CORRIENTES,1200000,76800000,2143,0,NO,64,SEGUNDO,ALMAGRO,5
Colombres,103542,6626688,5450,0,NO,64,SEGUNDO,ALMAGRO,5
FRANCISCO ACUÑA FIGUEROA 900,110000,7040000,1833,0,NO,64,SEGUNDO,ALMAGRO,5
ACUÑA DE FIGUEROA FRANCISCO,45000,2880000,1552,0,NO,64,SEGUNDO,ALMAGRO,5
Lavalle al 3400,750000,48000000,1440,0,NO,64,SEGUNDO,ALMAGRO,5
Maza 300,690000,44160000,1683,0,NO,64,SEGUNDO,ALMAGRO,5
Bulnes,350000,22400000,1528,0,NO,64,SEGUNDO,ALMAGRO,5
Sanchez DE Bustamante 500,80000,5120000,3478,0,NO,64,SEGUNDO,ALMAGRO,5
HUMAHUACA 3700,145000,9280000,2417,0,NO,64,SEGUNDO,ALMAGRO,5
Gallo al 1100,120000,7680000,3000,0,NO,64,SEGUNDO,ALMAGRO,5
Corrientes al 4200,700000,44800000,2642,0,NO,64,SEGUNDO,ALMAGRO,5
Yatay,140000,8960000,3182,0,NO,64,SEGUNDO,ALMAGRO,5
Jean Jaures 332,99000,6336000,943,0,NO,64,SEGUNDO,BALVANERA,3
Zelaya 3006,430000,27520000,819,0,NO,64,SEGUNDO,BALVANERA,3
Alsina 2701,155000,9920000,1092,0,NO,64,SEGUNDO,BALVANERA,3
GENERAL URQUIZA al 100,84000,5376000,1500,0,NO,64,SEGUNDO,BALVANERA,3
Hipólito Yrigoyen,130000,8320000,2097,0,NO,64,SEGUNDO,BALVANERA,3
"Anchorena, Tomas Manuel De, Dr.",148700,9516800,1304,0,NO,64,SEGUNDO,BALVANERA,3
Valentin Gomez al 3200,176500,11296000,1038,0,NO,64,SEGUNDO,BALVANERA,3
Urquiza al 300,90000,5760000,1607,0,NO,64,SEGUNDO,BALVANERA,3
Bartolomé Mitre 2100,125000,8000000,1524,0,NO,64,SEGUNDO,BALVANERA,3
Av. Corrientes 2000,770000,49280000,2750,0,NO,64,SEGUNDO,BALVANERA,3
Ayacucho al 500,1100000,70400000,1800,0,NO,64,SEGUNDO,BALVANERA,3
Av. Independencia 2000,55000,3520000,2500,0,NO,64,SEGUNDO,BALVANERA,3
Ecuador 500,250000,16000000,1397,0,NO,64,SEGUNDO,BALVANERA,3
Avenida Pueyrredon 700,600000,38400000,3429,0,NO,64,SEGUNDO,BALVANERA,3
Viamonte al 2100,450000,28800000,2922,0,NO,64,SEGUNDO,BALVANERA,3
Tucuman,320000,20480000,3200,0,NO,64,SEGUNDO,BALVANERA,3
Riobamba,249000,15936000,4016,0,NO,64,SEGUNDO,BALVANERA,3
Hipolito Yrigoyen,250000,16000000,1250,0,NO,64,SEGUNDO,BALVANERA,3
Hipolito Yrigoyen,280000,17920000,1458,0,NO,64,SEGUNDO,BALVANERA,3
Bartolomé Mitre 1800,790000,50560000,673,0,NO,64,SEGUNDO,BALVANERA,3
Pres Jose E Uriburu,500000,32000000,1623,0,NO,64,SEGUNDO,BALVANERA,3
Pres Jose E Uriburu,250000,16000000,5319,0,NO,64,SEGUNDO,BALVANERA,3
SARANDI 314,110000,7040000,1467,0,NO,64,SEGUNDO,BALVANERA,3
Sarmiento 3067,69000,4416000,2091,0,NO,64,SEGUNDO,BALVANERA,3
Ecuador,100000,6400000,4167,0,NO,64,SEGUNDO,BALVANERA,3
Avenida Corrientes 2500,160000,10240000,2712,0,NO,64,SEGUNDO,BALVANERA,3
Valentin Gomez,85000,5440000,1417,0,NO,64,SEGUNDO,BALVANERA,3
Anchorena,165000,10560000,1941,0,NO,64,SEGUNDO,BALVANERA,3
Tucuman 2300,580000,37120000,2802,0,NO,64,SEGUNDO,BALVANERA,3
Junín y Lavalle,930000,59520000,1388,0,NO,64,SEGUNDO,BALVANERA,3
Gral M De Azcuenaga,1100000,70400000,4000,0,NO,64,SEGUNDO,BALVANERA,3
Aldolfo Alsina 2700,155000,9920000,1107,0,NO,64,SEGUNDO,BALVANERA,3
CASTELLI 234,100000,6400000,8333,0,NO,64,SEGUNDO,BALVANERA,3
CORRIENTES,120000,7680000,3636,0,NO,64,SEGUNDO,BALVANERA,3
Junin 400,1800000,115200000,2466,0,NO,64,SEGUNDO,BALVANERA,3
Pichincha al 800,140000,8960000,1647,0,NO,64,SEGUNDO,BALVANERA,3
San José 800,68000,4352000,1236,0,NO,64,SEGUNDO,CONSTITUCION,1
Avda.Entre Ríos 1056,1440000,92160000,2857,0,NO,64,SEGUNDO,CONSTITUCION,1
Av San Juan al 1300,110000,7040000,1222,0,NO,64,SEGUNDO,CONSTITUCION,1
Avenida Juan de Garay 900,330000,21120000,2481,0,NO,64,SEGUNDO,CONSTITUCION,1
Salta 1100,59900,3833600,689,0,NO,64,SEGUNDO,CONSTITUCION,1
Salta al 1100,83000,5312000,1186,0,NO,64,SEGUNDO,CONSTITUCION,1
Constitucion,70000,4480000,1667,0,NO,64,SEGUNDO,CONSTITUCION,1
Av. Entre Rios,230000,14720000,2190,0,NO,64,SEGUNDO,CONSTITUCION,1
Av. Bernardo De Irigoyen,450000,28800000,468,0,NO,64,SEGUNDO,CONSTITUCION,1
Humberto 1º,293646,18793344,1945,0,NO,64,SEGUNDO,CONSTITUCION,1
Tacuari,130000,8320000,2653,0,NO,64,SEGUNDO,CONSTITUCION,1
Tacuari al 1100,179000,11456000,2557,0,NO,64,SEGUNDO,CONSTITUCION,1
venezuela al 400,130000,8320000,2131,0,NO,64,SEGUNDO,MONTSERRAT,1
Entre Rios al 0,990000,63360000,1238,0,NO,64,SEGUNDO,MONTSERRAT,1
PIEDRAS,248000,15872000,1851,0,NO,64,SEGUNDO,MONTSERRAT,1
Adolfo Alsina al 700,1800000,115200000,952,0,NO,64,SEGUNDO,MONTSERRAT,1
Hipolito Yrigoyen al 600,320000,20480000,1739,0,NO,64,SEGUNDO,MONTSERRAT,1
Mexico 1700,276000,17664000,1232,0,NO,64,SEGUNDO,MONTSERRAT,1
Rivadavia 548,480000,30720000,3200,0,NO,64,SEGUNDO,MONTSERRAT,1
Salta 100,199000,12736000,2073,0,NO,64,SEGUNDO,MONTSERRAT,1
Mexico 1288,120700,7724800,2195,0,NO,64,SEGUNDO,MONTSERRAT,1
H. Irigoyen,430000,27520000,1162,0,NO,64,SEGUNDO,MONTSERRAT,1
Adolfo Alsina al 1500,850000,54400000,1228,0,NO,64,SEGUNDO,MONTSERRAT,1
Piedras 99,1125000,72000000,1264,0,NO,64,SEGUNDO,MONTSERRAT,1
Solis,135000,8640000,1250,0,NO,64,SEGUNDO,MONTSERRAT,1
Av Rivadavia,159000,10176000,636,0,NO,64,SEGUNDO,MONTSERRAT,1
Chile,50000,3200000,1316,0,NO,64,SEGUNDO,MONTSERRAT,1
Alsina,1000000,64000000,653,0,NO,64,SEGUNDO,MONTSERRAT,1
Venezuela,312000,19968000,1268,0,NO,64,SEGUNDO,MONTSERRAT,1
CHILE,174000,11136000,870,0,NO,64,SEGUNDO,MONTSERRAT,1
PASCO 1178,67000,4288000,1914,0,NO,64,SEGUNDO,SAN CRISTOBAL,3
Pavón Al 2600,104000,6656000,1040,0,NO,64,SEGUNDO,SAN CRISTOBAL,3
La Rioja al 1200,85000,5440000,895,0,NO,64,SEGUNDO,SAN CRISTOBAL,3
Carlos Calvo 2900,87000,5568000,1706,0,NO,64,SEGUNDO,SAN CRISTOBAL,3
Alberti 1200,1300000,83200000,792,0,NO,64,SEGUNDO,SAN CRISTOBAL,3
Pavon,125000,8000000,1276,0,NO,64,SEGUNDO,SAN CRISTOBAL,3
Mario Bravo al 800,190000,12160000,1979,0,NO,64,SEGUNDO,SAN NICOLAS,1
Cerrito,25000,1600000,1786,0,NO,64,SEGUNDO,SAN NICOLAS,1
Presidente Peron al 1200,1600000,102400000,5246,0,NO,64,SEGUNDO,SAN NICOLAS,1
Presidente Peron al 1200,650000,41600000,6190,0,NO,64,SEGUNDO,SAN NICOLAS,1
Avenida Cordoba al 600,990000,63360000,3808,0,NO,64,SEGUNDO,SAN NICOLAS,1
"PELLEGRINI, CARLOS 755",280000,17920000,1986,0,NO,64,SEGUNDO,SAN NICOLAS,1
LAVALLE,1200000,76800000,6316,0,NO,64,SEGUNDO,SAN NICOLAS,1
B Mitre,650000,41600000,1444,0,NO,64,SEGUNDO,SAN NICOLAS,1
Rodriguez Peña,220000,14080000,2000,0,NO,64,SEGUNDO,SAN NICOLAS,1
Tte Gral Juan D Peron,160000,10240000,2000,0,NO,64,SEGUNDO,SAN NICOLAS,1
LAVALLE,320000,20480000,3678,0,NO,64,SEGUNDO,SAN NICOLAS,1
LAVALLE,40000,2560000,741,0,NO,64,SEGUNDO,SAN NICOLAS,1
FLORIDA,150000,9600000,6250,0,NO,64,SEGUNDO,SAN NICOLAS,1
Florida,97000,6208000,3129,0,NO,64,SEGUNDO,SAN NICOLAS,1
Rodríguez Peña 300,310000,19840000,1550,0,NO,64,SEGUNDO,SAN NICOLAS,1
Lavalle,680000,43520000,10968,0,NO,64,SEGUNDO,SAN NICOLAS,1
LAVALLE,570000,36480000,12667,0,NO,64,SEGUNDO,SAN NICOLAS,1
sarmiento,214500,13728000,3021,0,NO,64,SEGUNDO,SAN NICOLAS,1
Lavalle 700,4000000,256000000,1667,0,NO,64,SEGUNDO,SAN NICOLAS,1
Florida al 400,87000,5568000,1933,0,NO,64,SEGUNDO,SAN NICOLAS,1
Florida al 500,275000,17600000,8871,0,NO,64,SEGUNDO,SAN NICOLAS,1
25 de Mayo al 500,450000,28800000,1731,0,NO,64,SEGUNDO,SAN NICOLAS,1
Nicolas Rodriguez Peña,164000,10496000,2412,0,NO,64,SEGUNDO,SAN NICOLAS,1
Sarmiento,750000,48000000,7353,0,NO,64,SEGUNDO,SAN NICOLAS,1
Florida al 500,340000,21760000,9714,0,NO,64,SEGUNDO,SAN NICOLAS,1
Av. Cordoba 1600,220000,14080000,1864,0,NO,64,SEGUNDO,SAN NICOLAS,1
Avenida Roque Saenz Peña 950,5400000,345600000,1533,0,NO,64,SEGUNDO,SAN NICOLAS,1
Peron 1100,1199000,76736000,790,0,NO,64,SEGUNDO,SAN NICOLAS,1
Viamonte al 600,449000,28736000,879,0,NO,64,SEGUNDO,SAN NICOLAS,1
J D PERON 1200,290000,18560000,1160,0,NO,64,SEGUNDO,SAN NICOLAS,1
Montevideo,165000,10560000,1500,0,NO,64,SEGUNDO,SAN NICOLAS,1
Libertad 700,850000,54400000,1318,0,NO,64,SEGUNDO,SAN NICOLAS,1
Uruguay al 100,59900,3833600,1152,0,NO,64,SEGUNDO,SAN NICOLAS,1
Nicolas Rodriguez Peña,92000,5888000,1296,0,NO,64,SEGUNDO,SAN NICOLAS,1
Lavalle y Parana,2600000,166400000,929,0,NO,64,SEGUNDO,SAN NICOLAS,1
Av. Corrientes 561,30000,1920000,732,0,NO,64,SEGUNDO,SAN NICOLAS,1
DIAGONAL NORTE,400000,25600000,7692,0,NO,64,SEGUNDO,SAN NICOLAS,1
Talcahuano 314,36000,2304000,450,0,NO,64,SEGUNDO,SAN NICOLAS,1
Libertad,45000,2880000,5625,0,NO,64,SEGUNDO,SAN NICOLAS,1
BOLIVAR,600000,38400000,1190,0,NO,64,SEGUNDO,SAN TELMO,1
Balcarce 1300,122000,7808000,1694,0,NO,64,SEGUNDO,SAN TELMO,1
BOLIVAR 1500,885000,56640000,1264,0,NO,64,SEGUNDO,SAN TELMO,1
Cochabamba 770,790000,50560000,1274,0,NO,64,SEGUNDO,SAN TELMO,1
Av. Paseo Colon 1000,295000,18880000,1152,0,NO,64,SEGUNDO,SAN TELMO,1
Carlos calvo,770000,49280000,2567,0,NO,64,SEGUNDO,SAN TELMO,1
Av J De Garay,79500,5088000,3786,0,NO,64,SEGUNDO,SAN TELMO,1
Chile al 300,870000,55680000,1582,0,NO,64,SEGUNDO,SAN TELMO,1
Azopardo,637388,40792801,7588,0,NO,64,SEGUNDO,SAN TELMO,1
Defensa 1100,1150000,73600000,2674,0,NO,64,SEGUNDO,SAN TELMO,1
Carlos Calvo al 600,198000,12672000,1571,0,NO,64,SEGUNDO,SAN TELMO,1
Piedras,260000,16640000,1857,0,NO,64,SEGUNDO,SAN TELMO,1
Azopardo,898467,57501881,7614,0,NO,64,SEGUNDO,SAN TELMO,1
Bolivar 1000,199000,12736000,2073,0,NO,64,SEGUNDO,SAN TELMO,1
Ciudad De La Paz,120000,7680000,4356,0,NO,64,SEGUNDO,BELGRANO,13
CIUDAD DE LA PAZ,246000,15744000,8200,0,NO,64,SEGUNDO,BELGRANO,13
Congreso al 1600,400000,25600000,3571,0,NO,64,SEGUNDO,BELGRANO,13
Av. Cabildo 2422,54900,3513600,1830,0,NO,64,SEGUNDO,BELGRANO,13
BLANCO ENCALADA,130000,8320000,3611,0,NO,64,SEGUNDO,BELGRANO,13
Monroe,280000,17920000,4179,0,NO,64,SEGUNDO,BELGRANO,13
Libertador al 6300,1200000,76800000,15584,0,NO,64,SEGUNDO,BELGRANO,13
ARCOS al 2400,298000,19072000,3239,0,NO,64,SEGUNDO,BELGRANO,13
Av Cabildo al 2300,78000,4992000,3900,0,NO,64,SEGUNDO,BELGRANO,13
Jose Hernandez 2724,385000,24640000,3850,0,NO,64,SEGUNDO,BELGRANO,13
ECHEVERRIA,43000,2752000,2688,0,NO,64,SEGUNDO,BELGRANO,13
Cnel J Moldes,630000,40320000,7875,0,NO,64,SEGUNDO,BELGRANO,13
Juramento,3800000,243200000,2266,0,NO,64,SEGUNDO,BELGRANO,13
Franklin D Roosevelt,70000,4480000,4667,0,NO,64,SEGUNDO,BELGRANO,13
Montañeses 1862,119900,7673600,2351,0,NO,64,SEGUNDO,BELGRANO,13
Washington 3300,82000,5248000,2562,0,NO,64,SEGUNDO,COGHLAN,12
Cap. Gral. Ramón Freire,145000,9280000,2900,0,NO,64,SEGUNDO,COGHLAN,12
Amenabar 800,170000,10880000,2656,0,NO,64,SEGUNDO,COLEGIALES,13
CONDE,95000,6080000,2021,0,NO,64,SEGUNDO,COLEGIALES,13
palpa 2450,134900,8633600,1729,0,NO,64,SEGUNDO,COLEGIALES,13
Teodoro Garcia,150000,9600000,4054,0,NO,64,SEGUNDO,COLEGIALES,13
Ciudad de la Paz 1069,198000,12672000,2444,0,NO,64,SEGUNDO,COLEGIALES,13
Av. Cabildo y Maure,360000,23040000,5538,0,NO,64,SEGUNDO,COLEGIALES,13
PALPA,390000,24960000,3000,0,NO,64,SEGUNDO,COLEGIALES,13
Avenida Cabildo 4769,1296000,82944000,3138,0,NO,64,SEGUNDO,NUÑEZ,13
Cabello al 3400,354000,22656000,4784,0,NO,64,SEGUNDO,PALERMO,14
Avenida Las Heras al 3600,4000000,256000000,5714,0,NO,64,SEGUNDO,PALERMO,14
Ortega y Gasset 1800,530000,33920000,2865,0,NO,64,SEGUNDO,PALERMO,14
Huergo,500000,32000000,3356,0,NO,64,SEGUNDO,PALERMO,14
Arévalo 3000,350000,22400000,2917,0,NO,64,SEGUNDO,PALERMO,14
Beruti 3334,590000,37760000,3933,0,NO,64,SEGUNDO,PALERMO,14
Humboldt al 1500,450000,28800000,3333,0,NO,64,SEGUNDO,PALERMO,14
HONDURAS,179500,11488000,1777,0,NO,64,SEGUNDO,PALERMO,14
Bonpland,409000,26176000,3557,0,NO,64,SEGUNDO,PALERMO,14
SOLER 3800,1300000,83200000,3403,0,NO,64,SEGUNDO,PALERMO,14
Av. Santa Fe,1100000,70400000,3716,0,NO,64,SEGUNDO,PALERMO,14
Jose I Gorriti,290000,18560000,2900,0,NO,64,SEGUNDO,PALERMO,14
Av. Santa Fe al 4400,750000,48000000,12500,0,NO,64,SEGUNDO,PALERMO,14
CORDOBA,5500000,352000000,3501,0,NO,64,SEGUNDO,PALERMO,14
Uriarte y Paraguay,155000,9920000,3100,0,NO,64,SEGUNDO,PALERMO,14
JERONOMO SALGUERO 1800,200000,12800000,3846,0,NO,64,SEGUNDO,PALERMO,14
Charcas 4719,699000,44736000,3393,0,NO,64,SEGUNDO,PALERMO,14
ORO Y JUNCAL,450000,28800000,3814,0,NO,64,SEGUNDO,PALERMO,14
Córdoba 5700,225000,14400000,2009,0,NO,64,SEGUNDO,PALERMO,14
Fitz Roy al 2100,239000,15296000,3319,0,NO,64,SEGUNDO,PALERMO,14
Guemes 4500,95000,6080000,3654,0,NO,64,SEGUNDO,PALERMO,14
Av. Raul Scalabrini Ortiz,1000000,64000000,4717,0,NO,64,SEGUNDO,PALERMO,14
BONPLAND,200000,12800000,2410,0,NO,64,SEGUNDO,PALERMO,14
Fitz Roy,120000,7680000,4444,0,NO,64,SEGUNDO,PALERMO,14
Bulnes al 2500,175000,11200000,8750,0,NO,64,SEGUNDO,PALERMO,14
Humboldt 2337,490000,31360000,1944,0,NO,64,SEGUNDO,PALERMO,14
Fitz Roy 2400,700000,44800000,4636,0,NO,64,SEGUNDO,PALERMO,14
Bonpland al 1600,190000,12160000,3016,0,NO,64,SEGUNDO,PALERMO,14
El Salvador al 6000,369600,23654400,4200,0,NO,64,SEGUNDO,PALERMO,14
BONPLAND,225000,14400000,2419,0,NO,64,SEGUNDO,PALERMO,14
Salguero,580000,37120000,4173,0,NO,64,SEGUNDO,PALERMO,14
Jose I Gorriti,1100000,70400000,3438,0,NO,64,SEGUNDO,PALERMO,14
Gorriti al 4400,180000,11520000,2769,0,NO,64,SEGUNDO,PALERMO,14
Chacabuco al 100,71000,4544000,1420,0,NO,64,SEGUNDO,PUERTO MADERO,1
Pierina Dealessi,770000,49280000,9277,0,NO,64,SEGUNDO,PUERTO MADERO,1
Larrea,265000,16960000,2454,0,NO,64,SEGUNDO,RECOLETA,2
AV. SANTA FE 1441,19500,1248000,886,0,NO,64,SEGUNDO,RECOLETA,2
Paraguay,420000,26880000,1892,0,NO,64,SEGUNDO,RECOLETA,2
Av. Santa Fe 2450,35000,2240000,1944,0,NO,64,SEGUNDO,RECOLETA,2
Pacheco De Melo,129000,8256000,1985,0,NO,64,SEGUNDO,RECOLETA,2
P. de Melo al 2900,263000,16832000,3329,0,NO,64,SEGUNDO,RECOLETA,2
Av Gral Las Heras,550000,35200000,4661,0,NO,64,SEGUNDO,RECOLETA,2
Aguero,295000,18880000,1686,0,NO,64,SEGUNDO,RECOLETA,2
Avenida Santa Fe 1700,25000,1600000,1389,0,NO,64,SEGUNDO,RECOLETA,2
Av. Santa Fe 2400,50000,3200000,2273,0,NO,64,SEGUNDO,RECOLETA,2
Paraguay 2041,364739,23343296,1940,0,NO,64,SEGUNDO,RECOLETA,2
Paraguay al 1500,1900000,121600000,2557,0,NO,64,SEGUNDO,RECOLETA,2
VICENTE LOPEZ 1900,240000,15360000,3750,0,NO,64,SEGUNDO,RECOLETA,2
Soler 3200,188000,12032000,1414,0,NO,64,SEGUNDO,RECOLETA,2
Laprida al 1700,415000,26560000,3705,0,NO,64,SEGUNDO,RECOLETA,2
AV. CÓRDOBA 3100,300000,19200000,2655,0,NO,64,SEGUNDO,RECOLETA,2
Arenales al 2000,260000,16640000,1806,0,NO,64,SEGUNDO,RECOLETA,2
Rodriguez Peña,120000,7680000,1034,0,NO,64,SEGUNDO,RECOLETA,2
Paraguay 2041,290317,18580288,2569,0,NO,64,SEGUNDO,RECOLETA,2
Arenales al 2600,300000,19200000,3333,0,NO,64,SEGUNDO,RECOLETA,2
CHARCAS,230000,14720000,3067,0,NO,64,SEGUNDO,RECOLETA,2
Paraguay 2041,182172,11659008,2566,0,NO,64,SEGUNDO,RECOLETA,2
Paraguay 2041,222181,14219584,2554,0,NO,64,SEGUNDO,RECOLETA,2
Avenida del Libertador al 1700,790000,50560000,9753,0,NO,64,SEGUNDO,RECOLETA,2
Dr. Tomas De Anchorena 1775,175000,11200000,3241,0,NO,64,SEGUNDO,RECOLETA,2
Av Santa Fe,15000,960000,652,0,NO,64,SEGUNDO,RECOLETA,2
Avenida Santa Fe 1500,24000,1536000,1333,0,NO,64,SEGUNDO,RECOLETA,2
Laprida al 1400,225000,14400000,9000,0,NO,64,SEGUNDO,RECOLETA,2
Paraguay 2041,343995,22015680,1943,0,NO,64,SEGUNDO,RECOLETA,2
Avenida Pueyrredon al 2400,390000,24960000,6500,0,NO,64,SEGUNDO,RECOLETA,2
Av. Coronel Diaz al 2100,690000,44160000,11129,0,NO,64,SEGUNDO,RECOLETA,2
Paraguay,119900,7673600,3997,0,NO,64,SEGUNDO,RECOLETA,2
ARENALES,230000,14720000,7667,0,NO,64,SEGUNDO,RETIRO,1
Arenales 963,200000,12800000,2985,0,NO,64,SEGUNDO,RETIRO,1
Avenida Santa Fe 1100,550000,35200000,8462,0,NO,64,SEGUNDO,RETIRO,1
Juncal,240000,15360000,6857,0,NO,64,SEGUNDO,RETIRO,1
PARAGUAY,250000,16000000,4464,0,NO,64,SEGUNDO,RETIRO,1
Av. Cordoba al 600,420000,26880000,1429,0,NO,64,SEGUNDO,RETIRO,1
Av. Córdoba al 800,530000,33920000,5699,0,NO,64,SEGUNDO,RETIRO,1
Av. Córdoba al 600,1600000,102400000,6226,0,NO,64,SEGUNDO,RETIRO,1
Cerrito  1000,420000,26880000,6000,0,NO,64,SEGUNDO,RETIRO,1
ARENALES,650000,41600000,3250,0,NO,64,SEGUNDO,RETIRO,1
Av. Córdoba 456,40000,2560000,1250,0,NO,64,SEGUNDO,RETIRO,1
Juncal al 600,175000,11200000,3571,0,NO,64,SEGUNDO,RETIRO,1
Arenales,220000,14080000,6286,0,NO,64,SEGUNDO,RETIRO,1
"ALBERDI, JUAN B., AV.",110000,7040000,2444,0,NO,64,SEGUNDO,CABALLITO,6
Av Curapaligue,330000,21120000,1755,0,NO,64,SEGUNDO,CABALLITO,6
"ALBERDI, JUAN B., AV.",480000,30720000,2667,0,NO,64,SEGUNDO,CABALLITO,6
PAYSANDU 1100,140000,8960000,1207,0,NO,64,SEGUNDO,CABALLITO,6
NEUQUEN 944,339000,21696000,1695,0,NO,64,SEGUNDO,CABALLITO,6
AV. PEDRO GOYENA,2700000,172800000,4500,0,NO,64,SEGUNDO,CABALLITO,6
Campichuelo,59000,3776000,2565,0,NO,64,SEGUNDO,CABALLITO,6
Pujol,50000,3200000,2778,0,NO,64,SEGUNDO,CABALLITO,6
Cnel A Figueroa,75000,4800000,3125,0,NO,64,SEGUNDO,CABALLITO,6
Cucha Cucha Al 1000,85000,5440000,1889,0,NO,64,SEGUNDO,CABALLITO,6
Bonifacio 500,159500,10208000,1994,0,NO,64,SEGUNDO,CABALLITO,6
Av Gaona 1900,80000,5120000,1509,0,NO,64,SEGUNDO,CABALLITO,6
"RIVADAVIA, AV.",195000,12480000,6290,0,NO,64,SEGUNDO,CABALLITO,6
Angel Gallardo 1000,295000,18880000,3430,0,NO,64,SEGUNDO,CABALLITO,6
AVELLANEDA,108900,6969600,2722,0,NO,64,SEGUNDO,CABALLITO,6
Campichuelo al 600,320000,20480000,663,0,NO,64,SEGUNDO,CABALLITO,6
Palpa al 3500,645000,41280000,675,0,NO,64,SEGUNDO,CHACARITA,15
"Corrientes, Avda.",400000,25600000,3200,0,NO,64,SEGUNDO,CHACARITA,15
Av. Corrientes al 6300,190000,12160000,1919,0,NO,64,SEGUNDO,CHACARITA,15
Federico Lacroze,110000,7040000,791,0,NO,64,SEGUNDO,CHACARITA,15
CARRANZA ANGEL,195000,12480000,1757,0,NO,64,SEGUNDO,CHACARITA,15
CARRANZA ANGEL,140000,8960000,2222,0,NO,64,SEGUNDO,CHACARITA,15
Alvarez Thomas al 300,180000,11520000,4865,0,NO,64,SEGUNDO,CHACARITA,15
Av. Cordoba 5500,270000,17280000,2812,0,NO,64,SEGUNDO,CHACARITA,15
Av La Plata,325000,20800000,1204,0,NO,64,SEGUNDO,PARQUE CHACABUCO,7
Av Carabobo 500,207000,13248000,1353,0,NO,64,SEGUNDO,PARQUE CHACABUCO,7
Av Carabobo 500,315000,20160000,722,0,NO,64,SEGUNDO,PARQUE CHACABUCO,7
Avenida Jose Maria Moreno,239000,15296000,675,0,NO,64,SEGUNDO,PARQUE CHACABUCO,7
Av Gdor L Vernet,58900,3769600,2454,0,NO,64,SEGUNDO,PARQUE CHACABUCO,7
Vernet 300,49900,3193600,2079,0,NO,64,SEGUNDO,PARQUE CHACABUCO,7
Zelarrayan  500,320000,20480000,741,0,NO,64,SEGUNDO,PARQUE CHACABUCO,7
Av La Plata al 1600,1690000,108160000,1163,0,NO,64,SEGUNDO,PARQUE CHACABUCO,7
Del Barco de Centenera 1651,240000,15360000,596,0,NO,64,SEGUNDO,PARQUE CHACABUCO,7
Vernet 109,115000,7360000,1949,0,NO,64,SEGUNDO,PARQUE CHACABUCO,7
Ciudad de la Paz al 3700,540000,34560000,2647,0,NO,64,SEGUNDO,SAAVEDRA,12
Melian al 3900,395000,25280000,4817,0,NO,64,SEGUNDO,SAAVEDRA,12
Plaza 4171,71000,4544000,1449,0,NO,64,SEGUNDO,SAAVEDRA,12
Antezana al 500,750000,48000000,2294,0,NO,64,SEGUNDO,VILLA CRESPO,15
Av Dr Juan Bautista Justo,255000,16320000,2217,0,NO,64,SEGUNDO,VILLA CRESPO,15
Av Cordoba,450000,28800000,1957,0,NO,64,SEGUNDO,VILLA CRESPO,15
PRINGLES,504700,32300800,2326,0,NO,64,SEGUNDO,VILLA CRESPO,15
Velasco 800,320000,20480000,2406,0,NO,64,SEGUNDO,VILLA CRESPO,15
corrientes al 5500,269000,17216000,1494,0,NO,64,SEGUNDO,VILLA CRESPO,15
Av. Córdoba 4300,700000,44800000,2397,0,NO,64,SEGUNDO,VILLA CRESPO,15
Julian Alvarez 500,200000,12800000,1887,0,NO,64,SEGUNDO,VILLA CRESPO,15
Juan B Justo 2800,600000,38400000,1796,0,NO,64,SEGUNDO,VILLA CRESPO,15
Darwin al 500,245000,15680000,1361,0,NO,64,SEGUNDO,VILLA CRESPO,15
Av. Scalabrini Ortiz al 1000,2800000,179200000,5185,0,NO,64,SEGUNDO,VILLA CRESPO,15
"BERNASCONI, PJE. al 2200",270000,17280000,2288,0,NO,64,SEGUNDO,VILLA CRESPO,15
Juan B Justo 3200,390000,24960000,4875,0,NO,64,SEGUNDO,VILLA CRESPO,15
Av. Corrientes al 5600,300000,19200000,4762,0,NO,64,SEGUNDO,VILLA CRESPO,15
P Del Castillo,53000,3392000,1359,0,NO,64,SEGUNDO,VILLA CRESPO,15
Padilla y Scalabrini Ortiz,295000,18880000,778,0,NO,64,SEGUNDO,VILLA CRESPO,15
Paysandu al 2200,145000,9280000,3295,0,NO,64,SEGUNDO,VILLA CRESPO,15
Av. Estado de Israel 4600,490000,31360000,527,0,NO,64,SEGUNDO,VILLA CRESPO,15
Honorio Pueyrredón,690000,44160000,2875,0,NO,64,SEGUNDO,VILLA CRESPO,15
Scalabrini Ortiz al 400,499000,31936000,825,0,NO,64,SEGUNDO,VILLA CRESPO,15
"DRAGO, LUIS MARÍA",180000,11520000,3600,0,NO,64,SEGUNDO,VILLA CRESPO,15
Murillo 900,70000,4480000,2333,0,NO,64,SEGUNDO,VILLA CRESPO,15
Corrientes al 5200,34900,2233600,1662,0,NO,64,SEGUNDO,VILLA CRESPO,15
Honorio Pueyrredón 2000,450000,28800000,9000,0,NO,64,SEGUNDO,VILLA CRESPO,15
Julian Alvarez 831,195000,12480000,1950,0,NO,64,SEGUNDO,VILLA CRESPO,15
Honorio Pueyrredon al 1100,138900,8889600,3472,0,NO,64,SEGUNDO,VILLA CRESPO,15
Paysandu al 2289,95000,6080000,3276,0,NO,64,SEGUNDO,VILLA CRESPO,15
Lavalleja,150000,9600000,2727,0,NO,64,SEGUNDO,VILLA CRESPO,15
Araoz  al 200,175000,11200000,2160,0,NO,64,SEGUNDO,VILLA CRESPO,15
JosÉ Cubas,99000,6336000,4950,0,NO,64,SEGUNDO,VILLA CRESPO,15
Nogoya 3500,89000,5696000,3179,0,NO,64,SEGUNDO,VILLA DEL PARQUE,11
Adolfo P Carranza,59000,3776000,2185,0,NO,64,SEGUNDO,VILLA DEL PARQUE,11
"ALVAREZ JONTE, AV. al 2700",99000,6336000,3194,0,NO,64,SEGUNDO,VILLA DEL PARQUE,11
Nogoyá 4123,75000,4800000,3000,0,NO,64,SEGUNDO,VILLA DEVOTO SUR,11
RAMON LISTA 5200,310000,19840000,1879,0,NO,64,SEGUNDO,VILLA DEVOTO SUR,11
Zamudio al 4700,87000,5568000,1318,0,NO,64,SEGUNDO,VILLA PUEYRREDON,12
Nazca 4356,280000,17920000,892,0,NO,64,SEGUNDO,VILLA PUEYRREDON,12
Avenida de los Constituyentes al 4200,88000,5632000,1796,0,NO,64,SEGUNDO,VILLA PUEYRREDON,12
La Pampa  4315,790000,50560000,4647,0,NO,64,SEGUNDO,VILLA URQUIZA,12
Holmberg al 2400,2500000,160000000,2778,0,NO,64,SEGUNDO,VILLA URQUIZA,12
Mendoza,780000,49920000,4239,0,NO,64,SEGUNDO,VILLA URQUIZA,12
Andonaegui,140500,8992000,2867,0,NO,64,SEGUNDO,VILLA URQUIZA,12
Diaz Colodrero,880000,56320000,4000,0,NO,64,SEGUNDO,VILLA URQUIZA,12
AV. OLAZABAL 5036,108000,6912000,3600,0,NO,64,SEGUNDO,VILLA URQUIZA,12
Blanco Encalada 4600,115000,7360000,6765,0,NO,64,SEGUNDO,VILLA URQUIZA,12
Nahuel Huapi 5708,94000,6016000,2350,0,NO,64,SEGUNDO,VILLA URQUIZA,12
Nahuel Huapí 4000,1200000,76800000,1633,0,NO,64,SEGUNDO,VILLA URQUIZA,12
Ceretti 2794,79999,5119936,2424,0,NO,64,SEGUNDO,VILLA URQUIZA,12
Bucarelli,1100000,70400000,6875,0,NO,64,SEGUNDO,VILLA URQUIZA,12
Diaz Colodrero,880000,56320000,4272,0,NO,64,SEGUNDO,VILLA URQUIZA,12
Gutenberg 3700,120000,7680000,2000,0,NO,64,SEGUNDO,VILLA DEVOTO NORTE,11
San Nicolas,750000,48000000,6250,0,NO,64,SEGUNDO,VILLA DEVOTO NORTE,11
CALDERON DE LA BARCA,55000,3520000,2750,0,NO,64,SEGUNDO,VILLA DEVOTO NORTE,11
Gualeguaychu y Asunción,75000,4800000,4167,0,NO,64,SEGUNDO,VILLA DEVOTO NORTE,11
Brandsen,85000,5440000,1700,0,NO,64,SEGUNDO,BOCA,4
Araoz De Lamadrid,250000,16000000,656,0,NO,64,SEGUNDO,BOCA,4
Avenida Almirante Brown,170000,10880000,1049,0,NO,64,SEGUNDO,BOCA,4
Olavarria,130000,8320000,1494,0,NO,64,SEGUNDO,BOCA,4
Av. Pedro de Mendoza,360000,23040000,1254,0,NO,64,SEGUNDO,BOCA,4
Avenida Almirante Brown,140000,8960000,1157,0,NO,64,SEGUNDO,BOCA,4
Gral Mariano Necochea,40000,2560000,571,0,NO,64,SEGUNDO,BOCA,4
Olavarria,92000,5888000,2629,0,NO,64,SEGUNDO,BOCA,4
Martin Rodriguez,120000,7680000,909,0,NO,64,SEGUNDO,BOCA,4
Gral Mariano Necochea,280000,17920000,800,0,NO,64,SEGUNDO,BOCA,4
Aristóbulo del Valle al 300,250000,16000000,1136,0,NO,64,SEGUNDO,BOCA,4
Gral Mariano Necochea,180000,11520000,360,0,NO,64,SEGUNDO,BOCA,4
Garibaldi,340000,21760000,2208,0,NO,64,SEGUNDO,BOCA,4
Wenceslao Villafañe,65000,4160000,1857,0,NO,64,SEGUNDO,BOCA,4
Puerto De Palos,40000,2560000,1818,0,NO,64,SEGUNDO,BOCA,4
Alte Brown,200000,12800000,1220,0,NO,64,SEGUNDO,BOCA,4
Av. Pavon,540000,34560000,1395,0,NO,64,SEGUNDO,BOEDO,5
Avenida La Plata,200000,12800000,1482,0,NO,64,SEGUNDO,BOEDO,5
San Juan al 3400,184000,11776000,920,0,NO,64,SEGUNDO,BOEDO,5
Saraza al 2400,59000,3776000,596,0,NO,64,SEGUNDO,FLORES SUR,7
Av Gaona,135000,8640000,2250,0,NO,64,SEGUNDO,FLORESTA,10
"SEGUROLA, AV.",132500,8480000,2500,0,NO,64,SEGUNDO,FLORESTA,10
Chivilcoy,800000,51200000,1778,0,NO,64,SEGUNDO,FLORESTA,10
PATRON,90000,5760000,2000,0,NO,64,SEGUNDO,LINIERS,9
Ibarrola,450000,28800000,2296,0,NO,64,SEGUNDO,LINIERS,9
Ramon Falcon al 6800,530000,33920000,1309,0,NO,64,SEGUNDO,LINIERS,9
L De La Torre,500000,32000000,3289,0,NO,64,SEGUNDO,LINIERS,9
Av Rivadavia,2600000,166400000,3467,0,NO,64,SEGUNDO,LINIERS,9
MIRALLA,205000,13120000,1952,0,NO,64,SEGUNDO,MATADEROS,9
"Alvarez Jonte, Av. al 4000",299000,19136000,3215,0,NO,64,SEGUNDO,MONTE CASTRO,10
Pje Raulet,68000,4352000,1744,0,NO,64,SEGUNDO,NUEVA POMPEYA,4
Avenida Amancio Alcorta al 3600,650000,41600000,1083,0,NO,64,SEGUNDO,NUEVA POMPEYA,4
CENTENERA 2478,158900,10169600,757,0,NO,64,SEGUNDO,NUEVA POMPEYA,4
Avda. La Plata,250000,16000000,2427,0,NO,64,SEGUNDO,NUEVA POMPEYA,4
Brasil 3098,265000,16960000,510,0,NO,64,SEGUNDO,PARQUE PATRICIOS,4
Alberti,249000,15936000,2204,0,NO,64,SEGUNDO,PARQUE PATRICIOS,4
D Matheu,300000,19200000,987,0,NO,64,SEGUNDO,PARQUE PATRICIOS,4
Av. Velez Sarsfield,400000,25600000,2353,0,NO,64,SEGUNDO,PARQUE PATRICIOS,4
Pbto M Alberti,60000,3840000,2000,0,NO,64,SEGUNDO,PARQUE PATRICIOS,4
Av. Lope de Vega,290000,18560000,1295,0,NO,64,SEGUNDO,VELEZ SARSFIELD,10
Av. Alvarez Jonte 6200,125000,8000000,1838,0,NO,64,SEGUNDO,VERSALLES,10
Av Dr Juan Bautista Justo,250000,16000000,1250,0,NO,64,SEGUNDO,VERSALLES,10
Magariños Cervantes,219000,14016000,1395,0,NO,64,SEGUNDO,VILLA GRAL. MITRE,11
Bolivia 1444,79000,5056000,2026,0,NO,64,SEGUNDO,VILLA GRAL. MITRE,11
Av. J. B.Justo 5200,150000,9600000,1376,0,NO,64,SEGUNDO,VILLA GRAL. MITRE,11
Av Gaona al 2700,118000,7552000,1135,0,NO,64,SEGUNDO,VILLA GRAL. MITRE,11
Lope de Vega al 1500,350000,22400000,3431,0,NO,64,SEGUNDO,VILLA LURO,10
Av B Rivadavia,95000,6080000,2794,0,NO,64,SEGUNDO,VILLA LURO,10
Av Rivadavia  9400,200000,12800000,1770,0,NO,64,SEGUNDO,VILLA LURO,10
Poeta Leopardi,122000,7808000,2905,0,NO,64,SEGUNDO,VILLA LURO,10
Av. Lope de Vega 1200,108000,6912000,2512,0,NO,64,SEGUNDO,VILLA LURO,10
Acassuso 5185,400000,25600000,3571,0,NO,64,SEGUNDO,VILLA LURO,10
ACASSUSO,400000,25600000,3390,0,NO,64,SEGUNDO,VILLA LURO,10
AV RIVADAVIA,235000,15040000,4052,0,NO,64,SEGUNDO,VILLA LURO,10
Av. Lope De Vega,280000,17920000,3043,0,NO,64,SEGUNDO,VILLA REAL,10
Tinogasta,70000,4480000,1167,0,NO,64,SEGUNDO,VILLA REAL,10
Av Nazca,180000,11520000,5455,0,NO,64,SEGUNDO,VILLA SANTA RITA,11
Emilio Lamarca al 1400,75000,4800000,2027,0,NO,64,SEGUNDO,VILLA SANTA RITA,11
Psje. Jose Ingenieros 2700,39000,2496000,1625,0,NO,64,SEGUNDO,VILLA SANTA RITA,11
Ituzaingo al 600,45000,2880000,1125,0,NO,64,SEGUNDO,BARRACAS ESTE,4
Gral. Gregorio Araoz de Lamadrid,60000,3840000,870,0,NO,64,SEGUNDO,BARRACAS ESTE,4
BARRACAS,135000,8640000,2455,0,NO,64,SEGUNDO,BARRACAS ESTE,4
Pi Y Margall 1200,165000,10560000,2292,0,NO,64,SEGUNDO,BARRACAS ESTE,4
Av. Regimiento De Patricios,230000,14720000,3785,0,NO,64,SEGUNDO,BARRACAS ESTE,4
California al 2200,480000,30720000,759,0,NO,64,SEGUNDO,BARRACAS ESTE,4
Av Montes De Oca,210000,13440000,4468,0,NO,64,SEGUNDO,BARRACAS ESTE,4
Herrera,379000,24256000,4032,0,NO,64,SEGUNDO,BARRACAS ESTE,4
Av. Regimiento de los Patricios,400000,25600000,1594,0,NO,64,SEGUNDO,BARRACAS ESTE,4
Mirave al 2700,240000,15360000,787,0,NO,64,SEGUNDO,BARRACAS ESTE,4
Luzuriaga 300,80000,5120000,611,0,NO,64,SEGUNDO,BARRACAS ESTE,4
Av. Directorio al al 3500,195000,12480000,2600,0,NO,64,SEGUNDO,PARQUE AVELLANEDA,9
Directorio al 3700,1200000,76800000,1292,0,NO,64,SEGUNDO,PARQUE AVELLANEDA,9
LAGUNA,250000,16000000,543,0,NO,64,SEGUNDO,PARQUE AVELLANEDA,9
Martinez  Castro al 300,500000,32000000,1126,0,NO,64,SEGUNDO,PARQUE AVELLANEDA,9
Chilavert 5677,54000,3456000,857,0,NO,64,SEGUNDO,VILLA LUGANO,8
Av. Peron al 5900,220000,14080000,1048,0,NO,64,SEGUNDO,VILLA LUGANO,8
Pedernera,1470000,94080000,1968,0,NO,64,SEGUNDO,FLORES NORTE,7
RIVERA INDARTE 182,220000,14080000,1528,0,NO,64,SEGUNDO,FLORES NORTE,7
J.B. Alberdi 3100,950000,60800000,2262,0,NO,64,SEGUNDO,FLORES NORTE,7
Av Nazca,196800,12595200,3785,0,NO,64,SEGUNDO,FLORES NORTE,7
Boyaca,350000,22400000,7368,0,NO,64,SEGUNDO,FLORES NORTE,7
Boyaca,300000,19200000,4615,0,NO,64,SEGUNDO,FLORES NORTE,7
Pedernera,300000,19200000,2439,0,NO,64,SEGUNDO,FLORES NORTE,7
Pedernera,260000,16640000,2301,0,NO,64,SEGUNDO,FLORES NORTE,7
Pedernera,270000,17280000,2432,0,NO,64,SEGUNDO,FLORES NORTE,7
Rivadavia 6800,52000,3328000,1576,0,NO,64,SEGUNDO,FLORES NORTE,7
Av Rivadavia,149900,9593600,1250,0,NO,64,SEGUNDO,FLORES NORTE,7
Pedernera,680000,43520000,3049,0,NO,64,SEGUNDO,FLORES NORTE,7
Membrillar,23500,1504000,691,0,NO,64,SEGUNDO,FLORES NORTE,7
Av. Rivadavia 6800,150000,9600000,1172,0,NO,64,SEGUNDO,FLORES NORTE,7
Directorio al 2900,800000,51200000,847,0,NO,64,SEGUNDO,FLORES NORTE,7
Pedernera,115000,7360000,2212,0,NO,64,SEGUNDO,FLORES NORTE,7
Alberdi,270000,17280000,2500,0,NO,64,SEGUNDO,FLORES NORTE,7
Pedernera,330000,21120000,2640,0,NO,64,SEGUNDO,FLORES NORTE,7
Boyaca,500000,32000000,4425,0,NO,64,SEGUNDO,FLORES NORTE,7
Bacacay,110000,7040000,3056,0,NO,64,SEGUNDO,FLORES NORTE,7
Mario Bravo 800,73800,5129100,2171,0,NO,67,SEGUNDO,ALMAGRO,5
"SALGUERO, JERONIMO 500",280000,19460000,3333,0,NO,67,SEGUNDO,ALMAGRO,5
PALESTINA 700,350000,24325000,2893,0,NO,67,SEGUNDO,ALMAGRO,5
Jose E Colombres,135000,9382500,3000,0,NO,67,SEGUNDO,ALMAGRO,5
Av B Rivadavia,25000,1737500,2083,0,NO,67,SEGUNDO,ALMAGRO,5
Bulnes,350000,24325000,1528,0,NO,67,SEGUNDO,ALMAGRO,5
Yapeyu,69000,4795500,2156,0,NO,67,SEGUNDO,ALMAGRO,5
GALLO,148000,10286000,3289,0,NO,67,SEGUNDO,ALMAGRO,5
Maza 300,690000,47955000,1683,0,NO,67,SEGUNDO,ALMAGRO,5
GALLO 400,1100000,76450000,2045,0,NO,67,SEGUNDO,ALMAGRO,5
Gascon,590000,41005000,3010,0,NO,67,SEGUNDO,ALMAGRO,5
HUMAHUACA 3700,145000,10077500,2417,0,NO,67,SEGUNDO,ALMAGRO,5
Potosi 4400,180000,12510000,2308,0,NO,67,SEGUNDO,ALMAGRO,5
Rawson 27,16000,1112000,3200,0,NO,67,SEGUNDO,ALMAGRO,5
Rawson 345,291200,20238400,4853,0,NO,67,SEGUNDO,ALMAGRO,5
Lavalle al 3400,750000,52125000,1440,0,NO,67,SEGUNDO,ALMAGRO,5
Sanchez DE Bustamante 500,75000,5212500,3261,0,NO,67,SEGUNDO,ALMAGRO,5
Av Gral Diaz Velez,68900,4788550,3828,0,NO,67,SEGUNDO,ALMAGRO,5
Esteban A Gascon,65000,4517500,2321,0,NO,67,SEGUNDO,ALMAGRO,5
Yatay,189000,13135500,1734,0,NO,67,SEGUNDO,ALMAGRO,5
BILLINGHURST,350000,24325000,3070,0,NO,67,SEGUNDO,ALMAGRO,5
Av. Medrano 500,427500,29711250,3214,0,NO,67,SEGUNDO,ALMAGRO,5
Sarmiento 4335,120000,8340000,1538,0,NO,67,SEGUNDO,ALMAGRO,5
Mario Bravo,85000,5907500,2833,0,NO,67,SEGUNDO,ALMAGRO,5
Jose Marmol 159,115000,7992500,1106,0,NO,67,SEGUNDO,ALMAGRO,5
Rivadavia 4100,194000,13483000,1658,0,NO,67,SEGUNDO,ALMAGRO,5
CORRIENTES,1200000,83400000,2143,0,NO,67,SEGUNDO,ALMAGRO,5
Colombres,97542,6779169,5134,0,NO,67,SEGUNDO,ALMAGRO,5
FRANCISCO ACUÑA FIGUEROA 900,110000,7645000,1833,0,NO,67,SEGUNDO,ALMAGRO,5
Lezica,83000,5768500,1169,0,NO,67,SEGUNDO,ALMAGRO,5
Esteban A Gascon,1450000,100775000,1933,0,NO,67,SEGUNDO,ALMAGRO,5
DON BOSCO 3800,950000,66025000,819,0,NO,67,SEGUNDO,ALMAGRO,5
Avenida Corrientes al 3800,1750000,121625000,5147,0,NO,67,SEGUNDO,ALMAGRO,5
Lezica  al 4300,70000,4865000,2188,0,NO,67,SEGUNDO,ALMAGRO,5
PRINGLES,100000,6950000,2857,0,NO,67,SEGUNDO,ALMAGRO,5
Corrientes 4200,980000,68110000,2420,0,NO,67,SEGUNDO,ALMAGRO,5
CASTRO BARROS,155000,10772500,2279,0,NO,67,SEGUNDO,ALMAGRO,5
Medrano 400,685000,47607500,1752,0,NO,67,SEGUNDO,ALMAGRO,5
Av. Díaz Vélez al 4100,99000,6880500,1678,0,NO,67,SEGUNDO,ALMAGRO,5
Medrano 600,285000,19807500,846,0,NO,67,SEGUNDO,ALMAGRO,5
Quito,55000,3822500,2750,0,NO,67,SEGUNDO,ALMAGRO,5
Acuña De Figueroa,60000,4170000,2000,0,NO,67,SEGUNDO,ALMAGRO,5
Gallo al 1100,120000,8340000,3000,0,NO,67,SEGUNDO,ALMAGRO,5
Av Independencia,340000,23630000,1965,0,NO,67,SEGUNDO,ALMAGRO,5
MAZA 200,49000,3405500,2042,0,NO,67,SEGUNDO,ALMAGRO,5
Corrientes al 4200,700000,48650000,2642,0,NO,67,SEGUNDO,ALMAGRO,5
Yatay,140000,9730000,3182,0,NO,67,SEGUNDO,ALMAGRO,5
Ecuador al 500,210000,14595000,1167,0,NO,67,SEGUNDO,BALVANERA,3
Dr J Valentin Gomez,174500,12127750,1026,0,NO,67,SEGUNDO,BALVANERA,3
Urquiza 50,299000,20780500,1031,0,NO,67,SEGUNDO,BALVANERA,3
Dr T De Anchorena,115000,7992500,2212,0,NO,67,SEGUNDO,BALVANERA,3
SARMIENTO al 3100,690000,47955000,1725,0,NO,67,SEGUNDO,BALVANERA,3
Aguero al 800,270000,18765000,1698,0,NO,67,SEGUNDO,BALVANERA,3
Lavalle 3100,1350000,93825000,2700,0,NO,67,SEGUNDO,BALVANERA,3
Anchorena 300,600000,41700000,680,0,NO,67,SEGUNDO,BALVANERA,3
Jean Jaures 332,150000,10425000,1429,0,NO,67,SEGUNDO,BALVANERA,3
Av. Belgrano al 2300,690000,47955000,3209,0,NO,67,SEGUNDO,BALVANERA,3
Av B Rivadavia,229000,15915500,2290,0,NO,67,SEGUNDO,BALVANERA,3
Hipólito Yrigoyen,120000,8340000,1935,0,NO,67,SEGUNDO,BALVANERA,3
ADOLFO ALSINA al 2800,100000,6950000,2857,0,NO,67,SEGUNDO,BALVANERA,3
Dr A Alsina,165000,11467500,1557,0,NO,67,SEGUNDO,BALVANERA,3
Ecuador 500,209000,14525500,1168,0,NO,67,SEGUNDO,BALVANERA,3
Rivadavia al 3100,850000,59075000,1008,0,NO,67,SEGUNDO,BALVANERA,3
Jean Jaures al 400,150000,10425000,1230,0,NO,67,SEGUNDO,BALVANERA,3
Avenida Rivadavia 3000,390000,27105000,2786,0,NO,67,SEGUNDO,BALVANERA,3
HIPOLITO YRIGOYEN al 2100,230000,15985000,987,0,NO,67,SEGUNDO,BALVANERA,3
Moreno al 2600,79000,5490500,1317,0,NO,67,SEGUNDO,BALVANERA,3
Av. Independencia 2000,55000,3822500,2500,0,NO,67,SEGUNDO,BALVANERA,3
SAN LUIS,59500,4135250,1526,0,NO,67,SEGUNDO,BALVANERA,3
Rivadavia al 3100,920000,63940000,1091,0,NO,67,SEGUNDO,BALVANERA,3
Bartolome Mitre al 2200,650000,45175000,3611,0,NO,67,SEGUNDO,BALVANERA,3
Dr J Valentin Gomez,550000,38225000,1375,0,NO,67,SEGUNDO,BALVANERA,3
Av. Corrientes 2000,698000,48511000,2493,0,NO,67,SEGUNDO,BALVANERA,3
paso al 500,2400000,166800000,3774,0,NO,67,SEGUNDO,BALVANERA,3
Combate de los Pozos al 700,225000,15637500,1541,0,NO,67,SEGUNDO,BALVANERA,3
Ecuador al 900,110000,7645000,1528,0,NO,67,SEGUNDO,BALVANERA,3
SARMIENTO 3036,349000,24255500,711,0,NO,67,SEGUNDO,BALVANERA,3
Ecuador,105000,7297500,1981,0,NO,67,SEGUNDO,BALVANERA,3
Avenida Jujuy 300,230000,15985000,1901,0,NO,67,SEGUNDO,BALVANERA,3
Alberti al 300,90000,6255000,978,0,NO,67,SEGUNDO,BALVANERA,3
Uriburu al 500,99000,6880500,1980,0,NO,67,SEGUNDO,BALVANERA,3
"ALSINA, ADOLFO 2900",299000,20780500,1173,0,NO,67,SEGUNDO,BALVANERA,3
PASO,280000,19460000,3333,0,NO,67,SEGUNDO,BALVANERA,3
Avenida Jujuy al 100,750000,52125000,662,0,NO,67,SEGUNDO,BALVANERA,3
Domingo F Sarmiento,290000,20155000,2231,0,NO,67,SEGUNDO,BALVANERA,3
Av B Rivadavia,320000,22240000,1185,0,NO,67,SEGUNDO,BALVANERA,3
Av Corrientes,140000,9730000,2333,0,NO,67,SEGUNDO,BALVANERA,3
Urquiza al 300,90000,6255000,1607,0,NO,67,SEGUNDO,BALVANERA,3
Bartolomé Mitre 2100,110000,7645000,1341,0,NO,67,SEGUNDO,BALVANERA,3
"CORRIENTES, AVDA. al 2500",129000,8965500,1217,0,NO,67,SEGUNDO,BALVANERA,3
BOULOGNE SUR MER,355000,24672500,2886,0,NO,67,SEGUNDO,BALVANERA,3
GENERAL URQUIZA al 100,84000,5838000,1500,0,NO,67,SEGUNDO,BALVANERA,3
Tucuman 2200,550000,38225000,3929,0,NO,67,SEGUNDO,BALVANERA,3
Av Corrientes,76000,5282000,1333,0,NO,67,SEGUNDO,BALVANERA,3
Avenida Pueyrredon 700,600000,41700000,3429,0,NO,67,SEGUNDO,BALVANERA,3
Anchorena,220000,15290000,3143,0,NO,67,SEGUNDO,BALVANERA,3
Jean Jaures,229000,15915500,2827,0,NO,67,SEGUNDO,BALVANERA,3
Avenida Pueyrredon al 800,1000000,69500000,4167,0,NO,67,SEGUNDO,BALVANERA,3
Gral Juan Jose Viamonte,310000,21545000,2583,0,NO,67,SEGUNDO,BALVANERA,3
Entre Rios al 100,1200000,83400000,1500,0,NO,67,SEGUNDO,BALVANERA,3
AV. Hipolito Yrigoyen 1900,299000,20780500,2931,0,NO,67,SEGUNDO,BALVANERA,3
Combate de los Pozos al 300,75000,5212500,1500,0,NO,67,SEGUNDO,BALVANERA,3
Av De Mayo,270000,18765000,1517,0,NO,67,SEGUNDO,BALVANERA,3
Riobamba,249000,17305500,4016,0,NO,67,SEGUNDO,BALVANERA,3
Adolfo Alsina,290000,20155000,1318,0,NO,67,SEGUNDO,BALVANERA,3
Avda.Entre Ríos 1056,1380000,95910000,2738,0,NO,67,SEGUNDO,BALVANERA,3
Bartolomé Mitre 1800,790000,54905000,673,0,NO,67,SEGUNDO,BALVANERA,3
SARANDI 314,110000,7645000,1467,0,NO,67,SEGUNDO,BALVANERA,3
"ALSINA, ADOLFO",122200,8492900,2600,0,NO,67,SEGUNDO,BALVANERA,3
RIOBAMBA 183,300000,20850000,1754,0,NO,67,SEGUNDO,BALVANERA,3
Venezuela,80000,5560000,2759,0,NO,67,SEGUNDO,BALVANERA,3
Hipolito Yrigoyen,280000,19460000,1458,0,NO,67,SEGUNDO,BALVANERA,3
Moreno al 1900,88000,6116000,704,0,NO,67,SEGUNDO,BALVANERA,3
Mexico,78000,5421000,1814,0,NO,67,SEGUNDO,BALVANERA,3
Av. Belgrano,699000,48580500,1536,0,NO,67,SEGUNDO,BALVANERA,3
Aguero al 700,150000,10425000,1875,0,NO,67,SEGUNDO,BALVANERA,3
Sarmiento 3067,69000,4795500,2091,0,NO,67,SEGUNDO,BALVANERA,3
Dr L Pasteur,180000,12510000,1500,0,NO,67,SEGUNDO,BALVANERA,3
Av. Rivadavia 2900,650000,45175000,2731,0,NO,67,SEGUNDO,BALVANERA,3
Valentin Gomez,85000,5907500,1417,0,NO,67,SEGUNDO,BALVANERA,3
Ecuador,100000,6950000,4167,0,NO,67,SEGUNDO,BALVANERA,3
PASO,700000,48650000,2500,0,NO,67,SEGUNDO,BALVANERA,3
Dr T De Anchorena,84000,5838000,2100,0,NO,67,SEGUNDO,BALVANERA,3
Junín y Lavalle,930000,64635000,1388,0,NO,67,SEGUNDO,BALVANERA,3
Tucuman 2300,580000,40310000,2802,0,NO,67,SEGUNDO,BALVANERA,3
Gral M De Azcuenaga,1100000,76450000,4000,0,NO,67,SEGUNDO,BALVANERA,3
Anchorena,165000,11467500,1941,0,NO,67,SEGUNDO,BALVANERA,3
AZCUENAGA,220000,15290000,1630,0,NO,67,SEGUNDO,BALVANERA,3
Dr J Jose Paso,190000,13205000,3167,0,NO,67,SEGUNDO,BALVANERA,3
D Matheu,290000,20155000,1208,0,NO,67,SEGUNDO,BALVANERA,3
TUCUMAN,110000,7645000,2558,0,NO,67,SEGUNDO,BALVANERA,3
Aldolfo Alsina 2700,155000,10772500,1107,0,NO,67,SEGUNDO,BALVANERA,3
Aguero al 700,90000,6255000,1800,0,NO,67,SEGUNDO,BALVANERA,3
Paso al 600,495000,34402500,3808,0,NO,67,SEGUNDO,BALVANERA,3
VIAMONTE,200000,13900000,1010,0,NO,67,SEGUNDO,BALVANERA,3
Peron al 2200,390000,27105000,3000,0,NO,67,SEGUNDO,BALVANERA,3
Corrientes,545000,37877500,3785,0,NO,67,SEGUNDO,BALVANERA,3
BOULOGNE SUR MER 500,140000,9730000,2800,0,NO,67,SEGUNDO,BALVANERA,3
CORRIENTES,120000,8340000,3636,0,NO,67,SEGUNDO,BALVANERA,3
24 DE NOVIEMBRE 200,290000,20155000,1465,0,NO,67,SEGUNDO,BALVANERA,3
Valentin Gomez,120000,8340000,1818,0,NO,67,SEGUNDO,BALVANERA,3
Junin 400,1800000,125100000,2466,0,NO,67,SEGUNDO,BALVANERA,3
Av. Pueyrredon 631,560000,38920000,4148,0,NO,67,SEGUNDO,BALVANERA,3
Rivadavia,700000,48650000,2573,0,NO,67,SEGUNDO,BALVANERA,3
Av. Rivadavia,450000,31275000,4091,0,NO,67,SEGUNDO,BALVANERA,3
Pres Jose E Uriburu,195000,13552500,2826,0,NO,67,SEGUNDO,BALVANERA,3
venezuela al 3200,140000,9730000,2917,0,NO,67,SEGUNDO,BALVANERA,3
Entre Rios 800,590000,41005000,1146,0,NO,67,SEGUNDO,BALVANERA,3
Pichincha al 800,140000,9730000,1647,0,NO,67,SEGUNDO,BALVANERA,3
VENEZUELA,190000,13205000,1056,0,NO,67,SEGUNDO,BALVANERA,3
Av. Venezuela,70000,4865000,2333,0,NO,67,SEGUNDO,BALVANERA,3
Viamonte 2168,450000,31275000,2922,0,NO,67,SEGUNDO,BALVANERA,3
Caseros,245000,17027500,2526,0,NO,67,SEGUNDO,CONSTITUCION,1
Av Caseros,100000,6950000,1429,0,NO,67,SEGUNDO,CONSTITUCION,1
Santiago Del Estero,119000,8270500,850,0,NO,67,SEGUNDO,CONSTITUCION,1
Constitucion,70000,4865000,1667,0,NO,67,SEGUNDO,CONSTITUCION,1
"BRASIL, AV. 1300",1100000,76450000,4721,0,NO,67,SEGUNDO,CONSTITUCION,1
Av San Juan al 1300,110000,7645000,1222,0,NO,67,SEGUNDO,CONSTITUCION,1
Pres Luis Saenz Peña,120000,8340000,1000,0,NO,67,SEGUNDO,CONSTITUCION,1
Av. Garay al 900,258000,17931000,1940,0,NO,67,SEGUNDO,CONSTITUCION,1
Carlos Calvo,471000,32734500,3000,0,NO,67,SEGUNDO,CONSTITUCION,1
Salta al 800,170000,11815000,1339,0,NO,67,SEGUNDO,CONSTITUCION,1
CALLE SAN JOSE,82000,5699000,1093,0,NO,67,SEGUNDO,CONSTITUCION,1
Pres Luis Saenz Peña,50000,3475000,3125,0,NO,67,SEGUNDO,CONSTITUCION,1
Avenida Juan de Garay al 900,330000,22935000,2481,0,NO,67,SEGUNDO,CONSTITUCION,1
San Jose al 1500,55000,3822500,948,0,NO,67,SEGUNDO,CONSTITUCION,1
Salta 1100,59900,4163050,689,0,NO,67,SEGUNDO,CONSTITUCION,1
COCHABAMBA,180000,12510000,1385,0,NO,67,SEGUNDO,CONSTITUCION,1
Cochabamba al 900,44990,3126805,652,0,NO,67,SEGUNDO,CONSTITUCION,1
Constitución al 1200,39000,2710500,1300,0,NO,67,SEGUNDO,CONSTITUCION,1
Presidente Luis Saenz Peña 800,98000,6811000,990,0,NO,67,SEGUNDO,CONSTITUCION,1
Cochabamba al 1700,65000,4517500,1250,0,NO,67,SEGUNDO,CONSTITUCION,1
Humberto 1º,287171,19958384,1902,0,NO,67,SEGUNDO,CONSTITUCION,1
BRASIL,219000,15220500,1033,0,NO,67,SEGUNDO,CONSTITUCION,1
Bernardo de Irigoyen al 1300,300000,20850000,2479,0,NO,67,SEGUNDO,CONSTITUCION,1
Av. Juan de Garay al 900,185000,12857500,1391,0,NO,67,SEGUNDO,CONSTITUCION,1
Piedras,55000,3822500,2000,0,NO,67,SEGUNDO,CONSTITUCION,1
Salta al 1100,60000,4170000,619,0,NO,67,SEGUNDO,CONSTITUCION,1
"IRIGOYEN, BERNARDO DE",300000,20850000,2479,0,NO,67,SEGUNDO,CONSTITUCION,1
Piedras,260000,18070000,1857,0,NO,67,SEGUNDO,CONSTITUCION,1
Tacuari Al 1100,179000,12440500,2557,0,NO,67,SEGUNDO,CONSTITUCION,1
"Irigoyen, Bernardo DE 1300",170000,11815000,1532,0,NO,67,SEGUNDO,CONSTITUCION,1
Tacuari y Carlos Calvo,119900,8333050,2447,0,NO,67,SEGUNDO,CONSTITUCION,1
Estados Unidos al 800,75000,5212500,2885,0,NO,67,SEGUNDO,CONSTITUCION,1
Bernardo de Irigoyen,700000,48650000,2333,0,NO,67,SEGUNDO,MONTSERRAT,1
Adolfo Alsina 1500,1100000,76450000,1184,0,NO,67,SEGUNDO,MONTSERRAT,1
SAN JOSE,182000,12649000,3872,0,NO,67,SEGUNDO,MONTSERRAT,1
AVENIDA INDEPENDENCIA,135000,9382500,521,0,NO,67,SEGUNDO,MONTSERRAT,1
Balcarce,250000,17375000,2632,0,NO,67,SEGUNDO,MONTSERRAT,1
Avenida Belgrano al 1600,1000000,69500000,2000,0,NO,67,SEGUNDO,MONTSERRAT,1
MORENO 838,900000,62550000,1800,0,NO,67,SEGUNDO,MONTSERRAT,1
"YRIGOYEN, HIPOLITO",178000,12371000,1483,0,NO,67,SEGUNDO,MONTSERRAT,1
LIMA,490000,34055000,3630,0,NO,67,SEGUNDO,MONTSERRAT,1
Avenida de Mayo 700,600000,41700000,4615,0,NO,67,SEGUNDO,MONTSERRAT,1
PIEDRAS,248000,17236000,1851,0,NO,67,SEGUNDO,MONTSERRAT,1
Av B Rivadavia,490000,34055000,625,0,NO,67,SEGUNDO,MONTSERRAT,1
Hipolito Yrigoyen al 600,320000,22240000,1739,0,NO,67,SEGUNDO,MONTSERRAT,1
Alsina al 700,275000,19112500,1250,0,NO,67,SEGUNDO,MONTSERRAT,1
Adolfo Alsina al 700,1800000,125100000,952,0,NO,67,SEGUNDO,MONTSERRAT,1
Venezuela 1729,110000,7645000,1642,0,NO,67,SEGUNDO,MONTSERRAT,1
TACUARI 275,405000,28147500,805,0,NO,67,SEGUNDO,MONTSERRAT,1
Adolfo Alsina 1200,210000,14595000,1522,0,NO,67,SEGUNDO,MONTSERRAT,1
CHACABUCO,100000,6950000,2000,0,NO,67,SEGUNDO,MONTSERRAT,1
Piedras 99,1125000,78187500,1264,0,NO,67,SEGUNDO,MONTSERRAT,1
Virrey Cevallos 654,110000,7645000,1467,0,NO,67,SEGUNDO,MONTSERRAT,1
Hipóloto Yrigoyen,98000,6811000,980,0,NO,67,SEGUNDO,MONTSERRAT,1
Luis Sanez Peña al 700,45000,3127500,1286,0,NO,67,SEGUNDO,MONTSERRAT,1
"Yrigoyen, Hipolito al 1300",210000,14595000,1489,0,NO,67,SEGUNDO,MONTSERRAT,1
Av. Belgrano al 800,399000,27730500,1500,0,NO,67,SEGUNDO,MONTSERRAT,1
Adolfo Alsina al 1500,850000,59075000,1228,0,NO,67,SEGUNDO,MONTSERRAT,1
Salta,190000,13205000,979,0,NO,67,SEGUNDO,MONTSERRAT,1
ADOLFO ALSINA AL 900,220000,15290000,1789,0,NO,67,SEGUNDO,MONTSERRAT,1
Luis Saenz Peña  al 400,40000,2780000,1818,0,NO,67,SEGUNDO,MONTSERRAT,1
Venezuela,340000,23630000,1382,0,NO,67,SEGUNDO,MONTSERRAT,1
Virrey Cevallos 300,350000,24325000,2134,0,NO,67,SEGUNDO,MONTSERRAT,1
Peru  245,550000,38225000,1884,0,NO,67,SEGUNDO,MONTSERRAT,1
MEXICO,140000,9730000,1400,0,NO,67,SEGUNDO,MONTSERRAT,1
SALTA,300000,20850000,1667,0,NO,67,SEGUNDO,MONTSERRAT,1
Salta 215,765000,53167500,712,0,NO,67,SEGUNDO,MONTSERRAT,1
Mexico 1700,250000,17375000,1116,0,NO,67,SEGUNDO,MONTSERRAT,1
H. Irigoyen,430000,29885000,1162,0,NO,67,SEGUNDO,MONTSERRAT,1
San Jose 190,20000000,1390000000,1191,0,NO,67,SEGUNDO,MONTSERRAT,1
Tacuarí 214,410000,28495000,1367,0,NO,67,SEGUNDO,MONTSERRAT,1
Chile,50000,3475000,1316,0,NO,67,SEGUNDO,MONTSERRAT,1
SOLÍS,56000,3892000,1842,0,NO,67,SEGUNDO,MONTSERRAT,1
Moreno 1300,300000,20850000,534,0,NO,67,SEGUNDO,MONTSERRAT,1
Salta 500,3800000,264100000,1350,0,NO,67,SEGUNDO,MONTSERRAT,1
Mexico 1200,112800,7839600,2051,0,NO,67,SEGUNDO,MONTSERRAT,1
Salta y Belgrano,99000,6880500,1000,0,NO,67,SEGUNDO,MONTSERRAT,1
"Yrigoyen, Hipolito al 1300",180000,12510000,1277,0,NO,67,SEGUNDO,MONTSERRAT,1
Av de Mayo 1200,950000,66025000,2617,0,NO,67,SEGUNDO,MONTSERRAT,1
Av Belgrano 1400,447000,31066500,1668,0,NO,67,SEGUNDO,MONTSERRAT,1
Santiago del Estero al 300,135000,9382500,1350,0,NO,67,SEGUNDO,MONTSERRAT,1
MEXICO 1541,145000,10077500,1090,0,NO,67,SEGUNDO,MONTSERRAT,1
San Jose 140,6653528,462420196,1188,0,NO,67,SEGUNDO,MONTSERRAT,1
San José 800,68000,4726000,1236,0,NO,67,SEGUNDO,MONTSERRAT,1
Santiago del Estero,1100000,76450000,1109,0,NO,67,SEGUNDO,MONTSERRAT,1
Salta al 300,210000,14595000,1273,0,NO,67,SEGUNDO,MONTSERRAT,1
AV DE MAYO,60000,4170000,2000,0,NO,67,SEGUNDO,MONTSERRAT,1
Alsina y Entre Rios,1000000,69500000,653,0,NO,67,SEGUNDO,MONTSERRAT,1
Solis,135000,9382500,1250,0,NO,67,SEGUNDO,MONTSERRAT,1
Avenida de Mayo al 1400,1100000,76450000,4029,0,NO,67,SEGUNDO,MONTSERRAT,1
SANTIAGO DEL ESTERO,25000,1737500,1786,0,NO,67,SEGUNDO,MONTSERRAT,1
Pres Luis Saenz Peña,129000,8965500,1895,0,NO,67,SEGUNDO,MONTSERRAT,1
MORENO,160000,11120000,1026,0,NO,67,SEGUNDO,MONTSERRAT,1
SOLIS 100,770000,53515000,1565,0,NO,67,SEGUNDO,MONTSERRAT,1
PIEDRAS 700,2700000,187650000,1566,0,NO,67,SEGUNDO,MONTSERRAT,1
Venezuela 400,320000,22240000,1231,0,NO,67,SEGUNDO,MONTSERRAT,1
Venezuela al 400,89000,6185500,2967,0,NO,67,SEGUNDO,MONTSERRAT,1
Venezuela,312000,21684000,1268,0,NO,67,SEGUNDO,MONTSERRAT,1
CHILE,180000,12510000,900,0,NO,67,SEGUNDO,MONTSERRAT,1
México al 400,250000,17375000,1250,0,NO,67,SEGUNDO,MONTSERRAT,1
Chile al 300,868000,60326000,1578,0,NO,67,SEGUNDO,MONTSERRAT,1
CHILE,280000,19460000,2800,0,NO,67,SEGUNDO,MONTSERRAT,1
Chacabuco  al 400,150000,10425000,701,0,NO,67,SEGUNDO,MONTSERRAT,1
Chile al 900,280000,19460000,1647,0,NO,67,SEGUNDO,MONTSERRAT,1
La Rioja al 900,900000,62550000,2000,0,NO,67,SEGUNDO,SAN CRISTOBAL,3
ESTADOS UNIDOS,185000,12857500,849,0,NO,67,SEGUNDO,SAN CRISTOBAL,3
Estados Unidos 2824,1500000,104250000,638,0,NO,67,SEGUNDO,SAN CRISTOBAL,3
Catamarca 1000,135000,9382500,3068,0,NO,67,SEGUNDO,SAN CRISTOBAL,3
AVENIDA SAN JUAN,250000,17375000,4167,0,NO,67,SEGUNDO,SAN CRISTOBAL,3
Av Entre Rios,300000,20850000,1875,0,NO,67,SEGUNDO,SAN CRISTOBAL,3
Entre Rios,570000,39615000,2088,0,NO,67,SEGUNDO,SAN CRISTOBAL,3
Av. Entre Rios al 1600,105000,7297500,1591,0,NO,67,SEGUNDO,SAN CRISTOBAL,3
Dean Funes,32000,2224000,1778,0,NO,67,SEGUNDO,SAN CRISTOBAL,3
PASCO 1178,67000,4656500,1914,0,NO,67,SEGUNDO,SAN CRISTOBAL,3
Pavón Al 2600,104000,7228000,1040,0,NO,67,SEGUNDO,SAN CRISTOBAL,3
Av Entre Rios,58000,4031000,1160,0,NO,67,SEGUNDO,SAN CRISTOBAL,3
Combate de los Pozos al 1300,120000,8340000,1600,0,NO,67,SEGUNDO,SAN CRISTOBAL,3
Av.Garay al 2500,270000,18765000,871,0,NO,67,SEGUNDO,SAN CRISTOBAL,3
COMBATE DE LOS POZOS al 1200,65000,4517500,2031,0,NO,67,SEGUNDO,SAN CRISTOBAL,3
Carlos Calvo 2900,87000,6046500,1706,0,NO,67,SEGUNDO,SAN CRISTOBAL,3
Alberti 1200,1300000,90350000,792,0,NO,67,SEGUNDO,SAN CRISTOBAL,3
Av Jujuy,115000,7992500,1983,0,NO,67,SEGUNDO,SAN CRISTOBAL,3
Pavon,69000,4795500,862,0,NO,67,SEGUNDO,SAN CRISTOBAL,3
Pavon,125000,8687500,1276,0,NO,67,SEGUNDO,SAN CRISTOBAL,3
Av San Juan,148000,10286000,4000,0,NO,67,SEGUNDO,SAN CRISTOBAL,3
Cerrito,23000,1598500,1643,0,NO,67,SEGUNDO,SAN NICOLAS,1
Mario Bravo 800,190000,13205000,1979,0,NO,67,SEGUNDO,SAN NICOLAS,1
Gral Juan Lavalle,80000,5560000,4000,0,NO,67,SEGUNDO,SAN NICOLAS,1
Presidente Peron al 1200,650000,45175000,6190,0,NO,67,SEGUNDO,SAN NICOLAS,1
Peron al 1600,99000,6880500,1868,0,NO,67,SEGUNDO,SAN NICOLAS,1
Presidente Peron al 1200,1600000,111200000,5246,0,NO,67,SEGUNDO,SAN NICOLAS,1
Montevideo al 700,320000,22240000,2783,0,NO,67,SEGUNDO,SAN NICOLAS,1
Gral Juan Jose Viamonte,170000,11815000,2931,0,NO,67,SEGUNDO,SAN NICOLAS,1
LAVALLE,40000,2780000,741,0,NO,67,SEGUNDO,SAN NICOLAS,1
Maipu al 300,1900000,132050000,1118,0,NO,67,SEGUNDO,SAN NICOLAS,1
Avenida Corrientes al 1700,5000000,347500000,5000,0,NO,67,SEGUNDO,SAN NICOLAS,1
LAVALLE,320000,22240000,3678,0,NO,67,SEGUNDO,SAN NICOLAS,1
Lavalle al 700,1100000,76450000,6286,0,NO,67,SEGUNDO,SAN NICOLAS,1
"PELLEGRINI, CARLOS 755",280000,19460000,1986,0,NO,67,SEGUNDO,SAN NICOLAS,1
SARMIENTO 1500,650000,45175000,2826,0,NO,67,SEGUNDO,SAN NICOLAS,1
FLORIDA,150000,10425000,6250,0,NO,67,SEGUNDO,SAN NICOLAS,1
B Mitre,24000,1668000,923,0,NO,67,SEGUNDO,SAN NICOLAS,1
Montevideo,244000,16958000,1694,0,NO,67,SEGUNDO,SAN NICOLAS,1
Tucumán,250000,17375000,4098,0,NO,67,SEGUNDO,SAN NICOLAS,1
Maipu,700000,48650000,1392,0,NO,67,SEGUNDO,SAN NICOLAS,1
Av. Corrientes al 500,137000,9521500,5269,0,NO,67,SEGUNDO,SAN NICOLAS,1
Libertad al 400,750000,52125000,2500,0,NO,67,SEGUNDO,SAN NICOLAS,1
Maipu al 500,2500000,173750000,1667,0,NO,67,SEGUNDO,SAN NICOLAS,1
Suipacaha al 100,280000,19460000,2545,0,NO,67,SEGUNDO,SAN NICOLAS,1
LIBERTAD,300000,20850000,6667,0,NO,67,SEGUNDO,SAN NICOLAS,1
San Martin al 2300,350000,24325000,4023,0,NO,67,SEGUNDO,SAN NICOLAS,1
B Mitre,550000,38225000,1222,0,NO,67,SEGUNDO,SAN NICOLAS,1
Suipacha,65000,4517500,1912,0,NO,67,SEGUNDO,SAN NICOLAS,1
MONTEVIDEO,135000,9382500,1627,0,NO,67,SEGUNDO,SAN NICOLAS,1
Av Corrientes,98000,6811000,2722,0,NO,67,SEGUNDO,SAN NICOLAS,1
Tucuman,179000,12440500,1053,0,NO,67,SEGUNDO,SAN NICOLAS,1
Tte Gral Juan D Peron,160000,11120000,2000,0,NO,67,SEGUNDO,SAN NICOLAS,1
Carlos Pellegrini al 800,1500000,104250000,2143,0,NO,67,SEGUNDO,SAN NICOLAS,1
VIAMONTE al 500,349999,24324930,3889,0,NO,67,SEGUNDO,SAN NICOLAS,1
LAVALLE,1200000,83400000,6316,0,NO,67,SEGUNDO,SAN NICOLAS,1
TUCUMAN /00,390000,27105000,1875,0,NO,67,SEGUNDO,SAN NICOLAS,1
"RIVADAVIA, AVDA. al 1200",170000,11815000,1349,0,NO,67,SEGUNDO,SAN NICOLAS,1
URUGUAY al 300,590000,41005000,3688,0,NO,67,SEGUNDO,SAN NICOLAS,1
Suipacaha al 100,225000,15637500,2045,0,NO,67,SEGUNDO,SAN NICOLAS,1
TUCUMAN 900,200000,13900000,1429,0,NO,67,SEGUNDO,SAN NICOLAS,1
Suipacha 472,19900,1383050,1327,0,NO,67,SEGUNDO,SAN NICOLAS,1
RECONQUISTA al 100,15000000,1042500000,5769,0,NO,67,SEGUNDO,SAN NICOLAS,1
LIBERTAD al 100,499000,34680500,3564,0,NO,67,SEGUNDO,SAN NICOLAS,1
Tucuman 764,25000,1737500,781,0,NO,67,SEGUNDO,SAN NICOLAS,1
Talcahuano 74,99000,6880500,3300,0,NO,67,SEGUNDO,SAN NICOLAS,1
Suipacha,210000,14595000,1265,0,NO,67,SEGUNDO,SAN NICOLAS,1
25 de Mayo al 500,390000,27105000,1500,0,NO,67,SEGUNDO,SAN NICOLAS,1
Viamonte al 800,260000,18070000,1548,0,NO,67,SEGUNDO,SAN NICOLAS,1
Lavalle al 700,800000,55600000,1839,0,NO,67,SEGUNDO,SAN NICOLAS,1
Florida,79000,5490500,2633,0,NO,67,SEGUNDO,SAN NICOLAS,1
Tucuman 1400 y Parana,229000,15915500,1193,0,NO,67,SEGUNDO,SAN NICOLAS,1
"Florida, Galería Jardín",77000,5351500,2333,0,NO,67,SEGUNDO,SAN NICOLAS,1
Florida,220000,15290000,8148,0,NO,67,SEGUNDO,SAN NICOLAS,1
Mitre al 600,1600000,111200000,1848,0,NO,67,SEGUNDO,SAN NICOLAS,1
Viamonte 800,795000,55252500,1347,0,NO,67,SEGUNDO,SAN NICOLAS,1
Lavalle 700,4000000,278000000,1667,0,NO,67,SEGUNDO,SAN NICOLAS,1
Tucumán 600,150000,10425000,3947,0,NO,67,SEGUNDO,SAN NICOLAS,1
Florida al 500,275000,19112500,8871,0,NO,67,SEGUNDO,SAN NICOLAS,1
Florida al 400,87000,6046500,1933,0,NO,67,SEGUNDO,SAN NICOLAS,1
sarmiento,195500,13587250,2754,0,NO,67,SEGUNDO,SAN NICOLAS,1
San Martín al 100,1350000,93825000,2250,0,NO,67,SEGUNDO,SAN NICOLAS,1
Av. Corrientes al 500,45000,3127500,3000,0,NO,67,SEGUNDO,SAN NICOLAS,1
VIAMONTE al 500,620000,43090000,4000,0,NO,67,SEGUNDO,SAN NICOLAS,1
florida al 500,475000,33012500,9694,0,NO,67,SEGUNDO,SAN NICOLAS,1
Florida y Corrientes,40000,2780000,741,0,NO,67,SEGUNDO,SAN NICOLAS,1
Rivadavia 548,480000,33360000,3200,0,NO,67,SEGUNDO,SAN NICOLAS,1
Lavalle al 500,520000,36140000,4952,0,NO,67,SEGUNDO,SAN NICOLAS,1
Rivadavia al 1100,450000,31275000,692,0,NO,67,SEGUNDO,SAN NICOLAS,1
CERRITO al 100,500000,34750000,2326,0,NO,67,SEGUNDO,SAN NICOLAS,1
florida 400,45000,3127500,1000,0,NO,67,SEGUNDO,SAN NICOLAS,1
Montevideo,115000,7992500,3833,0,NO,67,SEGUNDO,SAN NICOLAS,1
Viamonte 1700,179000,12440500,3377,0,NO,67,SEGUNDO,SAN NICOLAS,1
Viamonte al 600,449000,31205500,879,0,NO,67,SEGUNDO,SAN NICOLAS,1
Avenida Roque Saenz Peña 950,5400000,375300000,1533,0,NO,67,SEGUNDO,SAN NICOLAS,1
J D PERON 1200,250000,17375000,1000,0,NO,67,SEGUNDO,SAN NICOLAS,1
Talcahuano,100000,6950000,1667,0,NO,67,SEGUNDO,SAN NICOLAS,1
Montevideo,165000,11467500,1500,0,NO,67,SEGUNDO,SAN NICOLAS,1
PERON 1400,190000,13205000,1810,0,NO,67,SEGUNDO,SAN NICOLAS,1
Nicolas Rodriguez Peña,92000,6394000,1296,0,NO,67,SEGUNDO,SAN NICOLAS,1
Libertad al 200,76000,5282000,3800,0,NO,67,SEGUNDO,SAN NICOLAS,1
Lavalle y Parana,2600000,180700000,929,0,NO,67,SEGUNDO,SAN NICOLAS,1
Florida y Lavalle,45000,3127500,1364,0,NO,67,SEGUNDO,SAN NICOLAS,1
SARMIENTO,490000,34055000,1907,0,NO,67,SEGUNDO,SAN NICOLAS,1
Nicolas Rodriguez Peña,164000,11398000,2412,0,NO,67,SEGUNDO,SAN NICOLAS,1
Sarmiento y Reconquista,750000,52125000,7353,0,NO,67,SEGUNDO,SAN NICOLAS,1
Local ideal gastronomia zona Tribunales,380000,26410000,2714,0,NO,67,SEGUNDO,SAN NICOLAS,1
Viamonte 1300,220000,15290000,1222,0,NO,67,SEGUNDO,SAN NICOLAS,1
Bartolomé Mitre al 1200 e/ Libertad y Talcahuano,152000,10564000,626,0,NO,67,SEGUNDO,SAN NICOLAS,1
Florida al 500,340000,23630000,9714,0,NO,67,SEGUNDO,SAN NICOLAS,1
Suipacha entre Perón y Sarmiento,285000,19807500,2111,0,NO,67,SEGUNDO,SAN NICOLAS,1
MONTEVIDEO,389000,27035500,3777,0,NO,67,SEGUNDO,SAN NICOLAS,1
Libertad,45000,3127500,5625,0,NO,67,SEGUNDO,SAN NICOLAS,1
DIAGONAL NORTE,400000,27800000,7692,0,NO,67,SEGUNDO,SAN NICOLAS,1
VIAMONTE,580000,40310000,3718,0,NO,67,SEGUNDO,SAN NICOLAS,1
viamonte,70000,4865000,4375,0,NO,67,SEGUNDO,SAN NICOLAS,1
TUCUMAN,750000,52125000,3571,0,NO,67,SEGUNDO,SAN NICOLAS,1
Domingo F Sarmiento,430000,29885000,1348,0,NO,67,SEGUNDO,SAN NICOLAS,1
Nicolas Rodriguez Peña,120000,8340000,1463,0,NO,67,SEGUNDO,SAN NICOLAS,1
"MITRE, BARTOLOME al 1400",198000,13761000,1015,0,NO,67,SEGUNDO,SAN NICOLAS,1
AV. DE MAYO,60000,4170000,1500,0,NO,67,SEGUNDO,SAN NICOLAS,1
Nicolas Rodriguez Peña,130000,9035000,1444,0,NO,67,SEGUNDO,SAN NICOLAS,1
RIVAROLA al 100,310000,21545000,1722,0,NO,67,SEGUNDO,SAN NICOLAS,1
Av Rivadavia,159000,11050500,636,0,NO,67,SEGUNDO,SAN NICOLAS,1
Alsina al 2700,170000,11815000,1197,0,NO,67,SEGUNDO,SAN NICOLAS,1
avenida san juan,350000,24325000,814,0,NO,67,SEGUNDO,SAN NICOLAS,1
Chacabuco,220000,15290000,1833,0,NO,67,SEGUNDO,SAN TELMO,1
Av Paseo Colon,820704,57038928,5004,0,NO,67,SEGUNDO,SAN TELMO,1
"avenida huergo 900,y esquina Carlos calvo de Pb15*",770000,53515000,2567,0,NO,67,SEGUNDO,SAN TELMO,1
BOLIVAR 1500,780000,54210000,1114,0,NO,67,SEGUNDO,SAN TELMO,1
Peru,99000,6880500,1904,0,NO,67,SEGUNDO,SAN TELMO,1
Av Paseo Colon,1022643,71073688,4989,0,NO,67,SEGUNDO,SAN TELMO,1
BOLIVAR,600000,41700000,1190,0,NO,67,SEGUNDO,SAN TELMO,1
Defensa 1300,1500000,104250000,1142,0,NO,67,SEGUNDO,SAN TELMO,1
CHACABUCO,140000,9730000,1321,0,NO,67,SEGUNDO,SAN TELMO,1
avHUERGO900 70+70 zotano,300000,20850000,2000,0,NO,67,SEGUNDO,SAN TELMO,1
San Juan 800,650000,45175000,3023,0,NO,67,SEGUNDO,SAN TELMO,1
BALCARCE 1375,100000,6950000,1282,0,NO,67,SEGUNDO,SAN TELMO,1
DEFENSA,155000,10772500,2246,0,NO,67,SEGUNDO,SAN TELMO,1
carlos calvo 13,600000,41700000,2000,0,NO,67,SEGUNDO,SAN TELMO,1
Av. Paseo Colon 1000,295000,20502500,1152,0,NO,67,SEGUNDO,SAN TELMO,1
Bolivar al 900,500000,34750000,1250,0,NO,67,SEGUNDO,SAN TELMO,1
Carlos calvo 1 esquina70 mts+z,350000,24325000,2333,0,NO,67,SEGUNDO,SAN TELMO,1
Defensa al 800,250000,17375000,4167,0,NO,67,SEGUNDO,SAN TELMO,1
PERU,85000,5907500,2671,0,NO,67,SEGUNDO,SAN TELMO,1
Chacabuco,240000,16680000,2038,0,NO,67,SEGUNDO,SAN TELMO,1
Cochabamba 500,390000,27105000,1083,0,NO,67,SEGUNDO,SAN TELMO,1
Perú al 800,175000,12162500,2160,0,NO,67,SEGUNDO,SAN TELMO,1
Balcarce al 700,390000,27105000,2690,0,NO,67,SEGUNDO,SAN TELMO,1
Pje San Lorenzo,300000,20850000,949,0,NO,67,SEGUNDO,SAN TELMO,1
Estados Unidos,95000,6602500,792,0,NO,67,SEGUNDO,SAN TELMO,1
Humberto 1° y Av. Paseo Colón,300000,20850000,1875,0,NO,67,SEGUNDO,SAN TELMO,1
Defensa,90000,6255000,1552,0,NO,67,SEGUNDO,SAN TELMO,1
Local - Av. Paseo Colón y Brasil,1100000,76450000,4074,0,NO,67,SEGUNDO,SAN TELMO,1
Franklin D Roosevelt,70000,4865000,4667,0,NO,67,SEGUNDO,BELGRANO,13
AV.CABILDO,45000,3127500,2143,0,NO,67,SEGUNDO,BELGRANO,13
Avda del Libertador 6200,600000,41700000,2353,0,NO,67,SEGUNDO,BELGRANO,13
Ciudad de la Paz entre Olazabal y Mendoza,852330,59236935,3001,0,NO,67,SEGUNDO,BELGRANO,13
La Pampa al 2000,129000,8965500,3225,0,NO,67,SEGUNDO,BELGRANO,13
Ciudad de la Paz 2239,25000,1737500,2083,0,NO,67,SEGUNDO,BELGRANO,13
Virrey del Pino,350000,24325000,1882,0,NO,67,SEGUNDO,BELGRANO,13
Ciudad de la Paz entre Olazabal y Mendoza,401340,27893130,3018,0,NO,67,SEGUNDO,BELGRANO,13
José Hernández 2700,300000,20850000,4762,0,NO,67,SEGUNDO,BELGRANO,13
Juramento,3500000,243250000,2087,0,NO,67,SEGUNDO,BELGRANO,13
Av. Cabildo al 1800,105000,7297500,5000,0,NO,67,SEGUNDO,BELGRANO,13
Ciudad De La Paz 1900,260000,18070000,5909,0,NO,67,SEGUNDO,BELGRANO,13
Soldado de la Independencia 970,850000,59075000,3080,0,NO,67,SEGUNDO,BELGRANO,13
Av. Cabildo al 2200,60000,4170000,1333,0,NO,67,SEGUNDO,BELGRANO,13
Blanco Encalada y Cuba,190000,13205000,2262,0,NO,67,SEGUNDO,BELGRANO,13
AV. CABILDO,37000,2571500,1947,0,NO,67,SEGUNDO,BELGRANO,13
Migueletes,1180000,82010000,4260,0,NO,67,SEGUNDO,BELGRANO,13
Ciudad de la Paz entre Olazabal y Mendoza,450990,31343805,3007,0,NO,67,SEGUNDO,BELGRANO,13
Rivera al 3000,590000,41005000,3598,0,NO,67,SEGUNDO,BELGRANO,13
Blanco Encalada y Av. Cabildo,290000,20155000,5472,0,NO,67,SEGUNDO,BELGRANO,13
CIUDAD DE LA PAZ al 2200,68000,4726000,819,0,NO,67,SEGUNDO,BELGRANO,13
La Pampa,370000,25715000,2824,0,NO,67,SEGUNDO,BELGRANO,13
ECHEVERRIA,43000,2988500,2688,0,NO,67,SEGUNDO,BELGRANO,13
AV. CABILDO al 2200 - Galería Las Vegas,29900,2078050,1300,0,NO,67,SEGUNDO,BELGRANO,13
Echeverria al 2900,398000,27661000,3345,0,NO,67,SEGUNDO,BELGRANO,13
Av. Cabildo 2422,51000,3544500,1700,0,NO,67,SEGUNDO,BELGRANO,13
Ciudad De La Paz,120000,8340000,4356,0,NO,67,SEGUNDO,BELGRANO,13
Luis Maria Campos al 1300,580000,40310000,4567,0,NO,67,SEGUNDO,BELGRANO,13
BLANCO ENCALADA,130000,9035000,3611,0,NO,67,SEGUNDO,BELGRANO,13
Blanco encalada al 2300,300000,20850000,5769,0,NO,67,SEGUNDO,BELGRANO,13
Av F De Olazabal,170000,11815000,5152,0,NO,67,SEGUNDO,BELGRANO,13
Echeverria,350000,24325000,3500,0,NO,67,SEGUNDO,BELGRANO,13
Ciudad de la Paz entre Olazabal y Mendoza,441474,30682443,3319,0,NO,67,SEGUNDO,BELGRANO,13
Ciudad de la Paz entre Olazabal y Mendoza,496089,34478186,3307,0,NO,67,SEGUNDO,BELGRANO,13
ARCOS al 2400,298000,20711000,3239,0,NO,67,SEGUNDO,BELGRANO,13
Migueletes entre Juramento y Echeverría,2250000,156375000,4182,0,NO,67,SEGUNDO,BELGRANO,13
Monroe y Ciudad de la Paz,199900,13893050,3075,0,NO,67,SEGUNDO,BELGRANO,13
Monroe al 3100,2200000,152900000,3333,0,NO,67,SEGUNDO,BELGRANO,13
Blanco encalada al 2300,300000,20850000,3333,0,NO,67,SEGUNDO,BELGRANO,13
Blanco Encalada,150000,10425000,4286,0,NO,67,SEGUNDO,BELGRANO,13
Av. Cramer 2448 -  Belgrano - Local a la  (calle),97500,6776250,4875,0,NO,67,SEGUNDO,BELGRANO,13
Ciudad de la Paz entre Olazabal y Mendoza,937563,65160628,3301,0,NO,67,SEGUNDO,BELGRANO,13
Av Cabildo al 2300,78000,5421000,3900,0,NO,67,SEGUNDO,BELGRANO,13
Monroe 1759 PB,608789,42310836,2159,0,NO,67,SEGUNDO,BELGRANO,13
Arcos 1800,600000,41700000,5455,0,NO,67,SEGUNDO,BELGRANO,13
Av. Cabildo,250000,17375000,926,0,NO,67,SEGUNDO,BELGRANO,13
Migueletes,1067000,74156500,4088,0,NO,67,SEGUNDO,BELGRANO,13
CUBA al 2200,408000,28356000,3517,0,NO,67,SEGUNDO,BELGRANO,13
Montañeses 1862 local,119900,8333050,2351,0,NO,67,SEGUNDO,BELGRANO,13
Montañeses,195000,13552500,5000,0,NO,67,SEGUNDO,BELGRANO,13
Av Cabildo,25000,1737500,1562,0,NO,67,SEGUNDO,BELGRANO,13
MONROE al 2400,290000,20155000,4143,0,NO,67,SEGUNDO,BELGRANO,13
Av Cabildo,30000,2085000,2500,0,NO,67,SEGUNDO,BELGRANO,13
Zapiola 2000,18000,1251000,1500,0,NO,67,SEGUNDO,BELGRANO,13
PEDRO IGNACIO RIVERA al 2900,79900,5553050,1737,0,NO,67,SEGUNDO,BELGRANO,13
Migueletes al 2200,943700,65587150,5362,0,NO,67,SEGUNDO,BELGRANO,13
Monroe,280000,19460000,4179,0,NO,67,SEGUNDO,COGHLAN,12
Cap. Gral. Ramón Freire,145000,10077500,2900,0,NO,67,SEGUNDO,COGHLAN,12
washington al 2700,80000,5560000,2667,0,NO,67,SEGUNDO,COGHLAN,12
Washington 3300 esq M Pedraza,80000,5560000,2500,0,NO,67,SEGUNDO,COGHLAN,12
Monroe 3854,85000,5907500,2125,0,NO,67,SEGUNDO,COGHLAN,12
WASHINGTON al 2700,125000,8687500,4310,0,NO,67,SEGUNDO,COGHLAN,12
Av. Cabildo al 400,390000,27105000,6000,0,NO,67,SEGUNDO,COLEGIALES,13
Virrey Olaguer y Feliu al 2500,215000,14942500,3525,0,NO,67,SEGUNDO,COLEGIALES,13
"Moldes esquina Virrey Avilés, Local, CABA",260000,18070000,2600,0,NO,67,SEGUNDO,COLEGIALES,13
Ciudad de la Paz 1069,178000,12371000,2198,0,NO,67,SEGUNDO,COLEGIALES,13
Teodoro Garcia,150000,10425000,4054,0,NO,67,SEGUNDO,COLEGIALES,13
palpa 2450,134900,9375550,1729,0,NO,67,SEGUNDO,COLEGIALES,13
Ciudad De La Paz,188000,13066000,1938,0,NO,67,SEGUNDO,COLEGIALES,13
Amenabar 800,170000,11815000,2656,0,NO,67,SEGUNDO,COLEGIALES,13
CONDE,95000,6602500,2021,0,NO,67,SEGUNDO,COLEGIALES,13
Santos Dumont al 3400,300000,20850000,4286,0,NO,67,SEGUNDO,COLEGIALES,13
Amenabar al 1200,195000,13552500,3980,0,NO,67,SEGUNDO,COLEGIALES,13
PALPA,390000,27105000,3000,0,NO,67,SEGUNDO,COLEGIALES,13
Av. Alvarez Thomas al 1000,220000,15290000,3729,0,NO,67,SEGUNDO,COLEGIALES,13
DORREGO 1711,345000,23977500,5308,0,NO,67,SEGUNDO,COLEGIALES,13
El Salvador,369600,25687200,4200,0,NO,67,SEGUNDO,COLEGIALES,13
Campos Salles 2350,135000,9382500,2935,0,NO,67,SEGUNDO,NUÑEZ,13
Congreso al 1500,2600000,180700000,4333,0,NO,67,SEGUNDO,NUÑEZ,13
VIDAL,75000,5212500,3750,0,NO,67,SEGUNDO,NUÑEZ,13
Blanco Encalada al 1500,2000000,139000000,6061,0,NO,67,SEGUNDO,NUÑEZ,13
Congreso al 1600,400000,27800000,3571,0,NO,67,SEGUNDO,NUÑEZ,13
Congreso 2361 Local Comercial,200000,13900000,6667,0,NO,67,SEGUNDO,NUÑEZ,13
MOLDES,59800,4156100,2492,0,NO,67,SEGUNDO,NUÑEZ,13
CUBA,120000,8340000,4444,0,NO,67,SEGUNDO,NUÑEZ,13
Crisologo Larralde al 2200,730000,50735000,2281,0,NO,67,SEGUNDO,NUÑEZ,13
Quesada 2260,262650,18254175,5051,0,NO,67,SEGUNDO,NUÑEZ,13
Libertador y Correa,2300000,159850000,6005,0,NO,67,SEGUNDO,NUÑEZ,13
DEHEZA,200000,13900000,3636,0,NO,67,SEGUNDO,NUÑEZ,13
IBERA al 2100,95000,6602500,1667,0,NO,67,SEGUNDO,NUÑEZ,13
Guayra,450000,31275000,2103,0,NO,67,SEGUNDO,NUÑEZ,13
Ortiz De Ocampo 2500,450000,31275000,3041,0,NO,67,SEGUNDO,PALERMO,14
Avenida Las Heras al 3600,4000000,278000000,5714,0,NO,67,SEGUNDO,PALERMO,14
CABRERA al 5100,800000,55600000,2963,0,NO,67,SEGUNDO,PALERMO,14
Bulnes,499000,34680500,1905,0,NO,67,SEGUNDO,PALERMO,14
Humboldt 2337,650000,45175000,2579,0,NO,67,SEGUNDO,PALERMO,14
Avenida Cordoba al 3500,400000,27800000,3077,0,NO,67,SEGUNDO,PALERMO,14
Gral Guemes,119000,8270500,4407,0,NO,67,SEGUNDO,PALERMO,14
Soler al 3500,500000,34750000,3571,0,NO,67,SEGUNDO,PALERMO,14
Av Cnel Diaz,400000,27800000,3509,0,NO,67,SEGUNDO,PALERMO,14
SILVIO L. RUGGIERI al 2700,320000,22240000,2353,0,NO,67,SEGUNDO,PALERMO,14
Av Santa Fe,65000,4517500,2407,0,NO,67,SEGUNDO,PALERMO,14
Avenida Las Heras al 3500,650000,45175000,4062,0,NO,67,SEGUNDO,PALERMO,14
Beruti esq Julián Alvarez,320000,22240000,6809,0,NO,67,SEGUNDO,PALERMO,14
Bulnes al 2500,1400000,97300000,4000,0,NO,67,SEGUNDO,PALERMO,14
Avenida Cordoba al 3700,1200000,83400000,3000,0,NO,67,SEGUNDO,PALERMO,14
Malabia,1390000,96605000,5792,0,NO,67,SEGUNDO,PALERMO,14
Salguero al 2600,120000,8340000,6000,0,NO,67,SEGUNDO,PALERMO,14
Güemes 3215/21 Local,249000,17305500,4150,0,NO,67,SEGUNDO,PALERMO,14
Cabello al 3400,354000,24603000,4784,0,NO,67,SEGUNDO,PALERMO,14
AV. LAS HERAS AL 2900,399000,27730500,3990,0,NO,67,SEGUNDO,PALERMO,14
Charcas,400000,27800000,5000,0,NO,67,SEGUNDO,PALERMO,14
CORONEL DIAZ,700000,48650000,3889,0,NO,67,SEGUNDO,PALERMO,14
Jorge Newbery al 3400 (Av. Córdoba y Av. Alvarez,390000,27105000,2690,0,NO,67,SEGUNDO,PALERMO,14
Av F Lacroze,460000,31970000,2300,0,NO,67,SEGUNDO,PALERMO,14
Soldado de la Independencia al 700,160000,11120000,7273,0,NO,67,SEGUNDO,PALERMO,14
BAEZ  al 200,1090000,75755000,5317,0,NO,67,SEGUNDO,PALERMO,14
Baez al 300,1400000,97300000,4000,0,NO,67,SEGUNDO,PALERMO,14
"NEWBERY, JORGE",220000,15290000,3667,0,NO,67,SEGUNDO,PALERMO,14
Baez al 200,1100000,76450000,4889,0,NO,67,SEGUNDO,PALERMO,14
Migueletes 623,235000,16332500,5222,0,NO,67,SEGUNDO,PALERMO,14
Arévalo 3000,350000,24325000,2917,0,NO,67,SEGUNDO,PALERMO,14
ESLOVENIA 1900,420000,29190000,2625,0,NO,67,SEGUNDO,PALERMO,14
Matienzo al 1600,240000,16680000,4615,0,NO,67,SEGUNDO,PALERMO,14
Teodoro Garcia al 1800,200000,13900000,4000,0,NO,67,SEGUNDO,PALERMO,14
Huergo,500000,34750000,3356,0,NO,67,SEGUNDO,PALERMO,14
Ortega y Gasset al 1800,530000,36835000,2865,0,NO,67,SEGUNDO,PALERMO,14
Baez 600,350000,24325000,4070,0,NO,67,SEGUNDO,PALERMO,14
AREVALO al 2800,990000,68805000,4714,0,NO,67,SEGUNDO,PALERMO,14
Humboldt al 1500,400000,27800000,2963,0,NO,67,SEGUNDO,PALERMO,14
Malabia al 2200,300000,20850000,3000,0,NO,67,SEGUNDO,PALERMO,14
Guise y Charcas,400000,27800000,2105,0,NO,67,SEGUNDO,PALERMO,14
HONDURAS,179500,12475250,1777,0,NO,67,SEGUNDO,PALERMO,14
Guemes al 3500 entre Bulnes y Vidt,420000,29190000,3000,0,NO,67,SEGUNDO,PALERMO,14
Paseo del Sol - Beruti 3334,590000,41005000,3933,0,NO,67,SEGUNDO,PALERMO,14
Rep De Honduras,159900,11113050,1599,0,NO,67,SEGUNDO,PALERMO,14
Juan Francisco Segui,330000,22935000,3000,0,NO,67,SEGUNDO,PALERMO,14
Bonpland,409000,28425500,3557,0,NO,67,SEGUNDO,PALERMO,14
Jeronimo Salguero al 1200,220000,15290000,3143,0,NO,67,SEGUNDO,PALERMO,14
Araoz al 2000,200000,13900000,3175,0,NO,67,SEGUNDO,PALERMO,14
Vidt 1900  y Charcas,395000,27452500,1695,0,NO,67,SEGUNDO,PALERMO,14
Jose A Cabrera,323000,22448500,2605,0,NO,67,SEGUNDO,PALERMO,14
Av. Santa Fe,1100000,76450000,3716,0,NO,67,SEGUNDO,PALERMO,14
Jose I Gorriti,290000,20155000,2900,0,NO,67,SEGUNDO,PALERMO,14
Humboldt al 2400,350000,24325000,2244,0,NO,67,SEGUNDO,PALERMO,14
Arenales,219000,15220500,5214,0,NO,67,SEGUNDO,PALERMO,14
Cnel N Vega,130000,9035000,2031,0,NO,67,SEGUNDO,PALERMO,14
Berutti,140000,9730000,4000,0,NO,67,SEGUNDO,PALERMO,14
"SALGUERO, JERONIMO1800 Piso PB",13000,903500,1625,0,NO,67,SEGUNDO,PALERMO,14
Soler al 3800,220000,15290000,1947,0,NO,67,SEGUNDO,PALERMO,14
José Leon Pagano al 2700,960000,66720000,2365,0,NO,67,SEGUNDO,PALERMO,14
Jose Antonio Cabrera al 6000,440000,30580000,2514,0,NO,67,SEGUNDO,PALERMO,14
SANTA FE AV,95000,6602500,1979,0,NO,67,SEGUNDO,PALERMO,14
Av. Santa Fe al 3500,35000,2432500,972,0,NO,67,SEGUNDO,PALERMO,14
SOLER,300000,20850000,3750,0,NO,67,SEGUNDO,PALERMO,14
GORRITI,180000,12510000,2769,0,NO,67,SEGUNDO,PALERMO,14
JERONOMO SALGUERO 1800,200000,13900000,3846,0,NO,67,SEGUNDO,PALERMO,14
Guemes 3782,490000,34055000,2526,0,NO,67,SEGUNDO,PALERMO,14
CORDOBA,5500000,382250000,3501,0,NO,67,SEGUNDO,PALERMO,14
PARAGUAY,130000,9035000,3514,0,NO,67,SEGUNDO,PALERMO,14
AVENIDA SCALABRINI ORTIZ al 1900,359999,25019930,6000,0,NO,67,SEGUNDO,PALERMO,14
Fray Sta Maria De Oro,195000,13552500,3900,0,NO,67,SEGUNDO,PALERMO,14
"MATIENZO, BENJAMIN",292300,20314850,3700,0,NO,67,SEGUNDO,PALERMO,14
Av. Santa Fe al 3500,6500,451750,1083,0,NO,67,SEGUNDO,PALERMO,14
URIARTE,250800,17430600,3257,0,NO,67,SEGUNDO,PALERMO,14
Soldado de la Independencia,112000,7784000,3027,0,NO,67,SEGUNDO,PALERMO,14
ORO Y JUNCAL,450000,31275000,3814,0,NO,67,SEGUNDO,PALERMO,14
Córdoba 5700,225000,15637500,2009,0,NO,67,SEGUNDO,PALERMO,14
Guemes 4500,95000,6602500,3654,0,NO,67,SEGUNDO,PALERMO,14
Malabia al 2200 entre Charcas y Paraguay,330000,22935000,4024,0,NO,67,SEGUNDO,PALERMO,14
BONPLAND,225000,15637500,2419,0,NO,67,SEGUNDO,PALERMO,14
FRANCISCO ACUÑA DE FIGUEROA al 1200,349999,24324930,8140,0,NO,67,SEGUNDO,PALERMO,14
Santos Dumont,105000,7297500,4200,0,NO,67,SEGUNDO,PALERMO,14
Charcas 4719,699000,48580500,3393,0,NO,67,SEGUNDO,PALERMO,14
Cerviño al 3300,620000,43090000,6200,0,NO,67,SEGUNDO,PALERMO,14
SOLER,205000,14247500,2847,0,NO,67,SEGUNDO,PALERMO,14
Av Cordoba,1900000,132050000,5429,0,NO,67,SEGUNDO,PALERMO,14
Guemes,129000,8965500,3583,0,NO,67,SEGUNDO,PALERMO,14
AV. CÓRDOBA,919165,63882000,4236,0,NO,67,SEGUNDO,PALERMO,14
Avenida Cabildo,400000,27800000,7018,0,NO,67,SEGUNDO,PALERMO,14
"CORDOBA, AVDA. 5900",620000,43090000,2818,0,NO,67,SEGUNDO,PALERMO,14
Arcos al 1100 esq Aguilar,650000,45175000,4643,0,NO,67,SEGUNDO,PALERMO,14
Anasagasti,1500000,104250000,2778,0,NO,67,SEGUNDO,PALERMO,14
Borges al 2100,790000,54905000,2257,0,NO,67,SEGUNDO,PALERMO,14
Av. Raul Scalabrini Ortiz,1000000,69500000,4717,0,NO,67,SEGUNDO,PALERMO,14
Charcas,549000,38155500,2614,0,NO,67,SEGUNDO,PALERMO,14
Paraguay al 4600,1050000,72975000,2059,0,NO,67,SEGUNDO,PALERMO,14
Fitz Roy y Av. Santa Fe,120000,8340000,4444,0,NO,67,SEGUNDO,PALERMO,14
Av Gral Las Heras,590000,41005000,2950,0,NO,67,SEGUNDO,PALERMO,14
Bonpland,270000,18765000,4355,0,NO,67,SEGUNDO,PALERMO,14
Zapata al 100,82000,5699000,3280,0,NO,67,SEGUNDO,PALERMO,14
Zapata al 100,75000,5212500,3750,0,NO,67,SEGUNDO,PALERMO,14
av Scalabrini Ortiz,45000,3127500,523,0,NO,67,SEGUNDO,PALERMO,14
Lafinur al 2900,385000,26757500,5133,0,NO,67,SEGUNDO,PALERMO,14
Republica de la India 3139,660000,45870000,4314,0,NO,67,SEGUNDO,PALERMO,14
Cabello al 3500,175000,12162500,2431,0,NO,67,SEGUNDO,PALERMO,14
Bonpland y Guatemala,463240,32195180,3431,0,NO,67,SEGUNDO,PALERMO,14
Cnel Arevalo,650000,45175000,3250,0,NO,67,SEGUNDO,PALERMO,14
Cordoba 5700 Local,523614,36391173,4223,0,NO,67,SEGUNDO,PALERMO,14
SOLER al 5700,180000,12510000,3158,0,NO,67,SEGUNDO,PALERMO,14
José A. Cabrera entre Dorrego y Arévalo,430638,29929341,2626,0,NO,67,SEGUNDO,PALERMO,14
Bonpland,185000,12857500,3776,0,NO,67,SEGUNDO,PALERMO,14
CORDOBA AV,325000,22587500,3385,0,NO,67,SEGUNDO,PALERMO,14
Fitz Roy,1500000,104250000,2451,0,NO,67,SEGUNDO,PALERMO,14
Fitz Roy 2400,700000,48650000,4636,0,NO,67,SEGUNDO,PALERMO,14
Bomplant,11000000,764500000,3438,0,NO,67,SEGUNDO,PALERMO,14
Humboldt al 1500,1700000,118150000,5090,0,NO,67,SEGUNDO,PALERMO,14
convencion al 1900,90000,6255000,2000,0,NO,67,SEGUNDO,PALERMO,14
Av Córdoba 5440,240000,16680000,2553,0,NO,67,SEGUNDO,PALERMO,14
Carranza 1300 Local,628572,43685754,4219,0,NO,67,SEGUNDO,PALERMO,14
Niceto Vega al 5600,350000,24325000,2518,0,NO,67,SEGUNDO,PALERMO,14
Fco. Acuña de Figueroa  al 1200,381000,26479500,8283,0,NO,67,SEGUNDO,PALERMO,14
Scalabrini Ortiz 1700,1000000,69500000,4717,0,NO,67,SEGUNDO,PALERMO,14
NICETO VEGA  al 5500 ESQUINA FITZ ROY,400000,27800000,2222,0,NO,67,SEGUNDO,PALERMO,14
Borges y Nicaragua,849900,59068050,2607,0,NO,67,SEGUNDO,PALERMO,14
Uriarte,190000,13205000,3800,0,NO,67,SEGUNDO,PALERMO,14
Gurruchaga 1908,430000,29885000,4216,0,NO,67,SEGUNDO,PALERMO,14
Avenida Scalabrini Ortiz al 2000,1599999,111199930,5333,0,NO,67,SEGUNDO,PALERMO,14
GODOY CRUZ 1686,995000,69152500,4975,0,NO,67,SEGUNDO,PALERMO,14
GODOY CRUZ 1655,2100000,145950000,2625,0,NO,67,SEGUNDO,PALERMO,14
Guatemala 4549,1250000,86875000,4682,0,NO,67,SEGUNDO,PALERMO,14
HONDURAS,650000,45175000,6019,0,NO,67,SEGUNDO,PALERMO,14
ACUÑA DE FIGUEROA al 1200,299999,20849930,6000,0,NO,67,SEGUNDO,PALERMO,14
Jose I Gorriti,1100000,76450000,3438,0,NO,67,SEGUNDO,PALERMO,14
Alicia Moreau de Justo 1700,1500000,104250000,3158,0,NO,67,SEGUNDO,PUERTO MADERO,1
Rosario Vera Peñaloza al 300,3081680,214176760,7408,0,NO,67,SEGUNDO,PUERTO MADERO,1
Pierina Dealessi,770000,53515000,9277,0,NO,67,SEGUNDO,PUERTO MADERO,1
ARTMARIA DIQUE 1,2000000,139000000,2695,0,NO,67,SEGUNDO,PUERTO MADERO,1
Rosario Vera Peñaloza al 300,2365580,164407810,7279,0,NO,67,SEGUNDO,PUERTO MADERO,1
Av. Cordoba al 3100,1000000,69500000,8333,0,NO,67,SEGUNDO,RECOLETA,2
Sanchez de Bustamante al 1400,170000,11815000,3148,0,NO,67,SEGUNDO,RECOLETA,2
Aguero,295000,20502500,1686,0,NO,67,SEGUNDO,RECOLETA,2
Avenida Santa Fe 1700,22000,1529000,1222,0,NO,67,SEGUNDO,RECOLETA,2
Avenida Pueyrredon al 2400,500000,34750000,8333,0,NO,67,SEGUNDO,RECOLETA,2
Av Santa Fe al 1700,35000,2432500,1944,0,NO,67,SEGUNDO,RECOLETA,2
Av. Santa Fe 2400,50000,3475000,2273,0,NO,67,SEGUNDO,RECOLETA,2
PARANA al 1000,150000,10425000,2143,0,NO,67,SEGUNDO,RECOLETA,2
AV. CORDOBA al 3100,280000,19460000,1217,0,NO,67,SEGUNDO,RECOLETA,2
Avenida Cordoba al 3300,500000,34750000,3846,0,NO,67,SEGUNDO,RECOLETA,2
Av Gral Las Heras,550000,38225000,4661,0,NO,67,SEGUNDO,RECOLETA,2
Avenida Cordoba al 3100,295000,20502500,1341,0,NO,67,SEGUNDO,RECOLETA,2
Avenida Santa Fe,1100000,76450000,6875,0,NO,67,SEGUNDO,RECOLETA,2
P. de Melo al 2900,263000,18278500,3329,0,NO,67,SEGUNDO,RECOLETA,2
Av Cordoba,340000,23630000,5667,0,NO,67,SEGUNDO,RECOLETA,2
Pacheco De Melo,129000,8965500,1985,0,NO,67,SEGUNDO,RECOLETA,2
Av. Santa Fe 2450,25000,1737500,1389,0,NO,67,SEGUNDO,RECOLETA,2
Arenales al 2800,230000,15985000,8214,0,NO,67,SEGUNDO,RECOLETA,2
Ayacucho al 1400,1300000,90350000,1368,0,NO,67,SEGUNDO,RECOLETA,2
AGUERO,125000,8687500,4167,0,NO,67,SEGUNDO,RECOLETA,2
Vicente Lopez 1700,270000,18765000,4500,0,NO,67,SEGUNDO,RECOLETA,2
Av. Santa Fe al 2000,999000,69430500,7136,0,NO,67,SEGUNDO,RECOLETA,2
Av Santa Fe,15000,1042500,2381,0,NO,67,SEGUNDO,RECOLETA,2
Guido al 1900,550000,38225000,3333,0,NO,67,SEGUNDO,RECOLETA,2
Peña,167000,11606500,3976,0,NO,67,SEGUNDO,RECOLETA,2
Sanchez De Bustamante,120000,8340000,2727,0,NO,67,SEGUNDO,RECOLETA,2
Av. Santa Fe al 1500,47000,3266500,1741,0,NO,67,SEGUNDO,RECOLETA,2
Av Sta Fe al 1600,63000,4378500,5727,0,NO,67,SEGUNDO,RECOLETA,2
Arenales,300000,20850000,3333,0,NO,67,SEGUNDO,RECOLETA,2
Arenales al 1700,3300000,229350000,4714,0,NO,67,SEGUNDO,RECOLETA,2
Pacheco De Melo,460000,31970000,3194,0,NO,67,SEGUNDO,RECOLETA,2
Gallo,265000,18417500,1616,0,NO,67,SEGUNDO,RECOLETA,2
Av. Santa Fe y Ayacucho,1400000,97300000,8861,0,NO,67,SEGUNDO,RECOLETA,2
Av Santa Fe y Callao,39500,2745250,2633,0,NO,67,SEGUNDO,RECOLETA,2
Larrea,265000,18417500,2454,0,NO,67,SEGUNDO,RECOLETA,2
French al 2900,550000,38225000,2292,0,NO,67,SEGUNDO,RECOLETA,2
Av. Santa Fe al 2000,1500000,104250000,6000,0,NO,67,SEGUNDO,RECOLETA,2
Callao al 1000,1200000,83400000,1875,0,NO,67,SEGUNDO,RECOLETA,2
Av. Córdoba  al 2800,390000,27105000,1902,0,NO,67,SEGUNDO,RECOLETA,2
Avenida Cordoba 2800,350000,24325000,1707,0,NO,67,SEGUNDO,RECOLETA,2
Paraguay entre Anchorena y,420000,29190000,1892,0,NO,67,SEGUNDO,RECOLETA,2
Juncal 2431,75000,5212500,781,0,NO,67,SEGUNDO,RECOLETA,2
Av Santa Fe,55000,3822500,1833,0,NO,67,SEGUNDO,RECOLETA,2
French al 2300,250000,17375000,1712,0,NO,67,SEGUNDO,RECOLETA,2
AV. SANTA FE 1441 UF 31 Y UF 33,19500,1355250,886,0,NO,67,SEGUNDO,RECOLETA,2
Avenida Cordoba 2400,600000,41700000,5000,0,NO,67,SEGUNDO,RECOLETA,2
Berutti al 3000,275000,19112500,2619,0,NO,67,SEGUNDO,RECOLETA,2
Paraguay 2041,343995,23907652,1943,0,NO,67,SEGUNDO,RECOLETA,2
Montevideo al 1500,300000,20850000,4000,0,NO,67,SEGUNDO,RECOLETA,2
Montevideo 800,190000,13205000,2375,0,NO,67,SEGUNDO,RECOLETA,2
Dr. Tomas De Anchorena 1775,169000,11745500,3130,0,NO,67,SEGUNDO,RECOLETA,2
Marcelo T. de Alverar y Uriburu,550000,38225000,5914,0,NO,67,SEGUNDO,RECOLETA,2
Av Santa Fe,15000,1042500,652,0,NO,67,SEGUNDO,RECOLETA,2
AYACUCHO,250000,17375000,1984,0,NO,67,SEGUNDO,RECOLETA,2
Montevideo 900,310202,21559039,2926,0,NO,67,SEGUNDO,RECOLETA,2
Arenales al 2000,135000,9382500,964,0,NO,67,SEGUNDO,RECOLETA,2
Agüero y Av Santa Fe,312000,21684000,1560,0,NO,67,SEGUNDO,RECOLETA,2
AV. PUEYRREDON,320000,22240000,4923,0,NO,67,SEGUNDO,RECOLETA,2
Paraguay al 2400,330000,22935000,1675,0,NO,67,SEGUNDO,RECOLETA,2
Gallo,250000,17375000,2273,0,NO,67,SEGUNDO,RECOLETA,2
Guido 1900,255000,17722500,5000,0,NO,67,SEGUNDO,RECOLETA,2
Paraguay al 2000,280000,19460000,4590,0,NO,67,SEGUNDO,RECOLETA,2
Rodriguez Peña E/ Arenales y Av Santa Fe,120000,8340000,1043,0,NO,67,SEGUNDO,RECOLETA,2
Guido  1950 y  Pres. Roberto M. Ortiz,790000,54905000,3950,0,NO,67,SEGUNDO,RECOLETA,2
Arenales al 3100,1300000,90350000,7879,0,NO,67,SEGUNDO,RECOLETA,2
Posadas,400000,27800000,2667,0,NO,67,SEGUNDO,RECOLETA,2
CHARCAS,250000,17375000,3333,0,NO,67,SEGUNDO,RECOLETA,2
Ayacucho al 1200,240000,16680000,7273,0,NO,67,SEGUNDO,RECOLETA,2
Arenales al 2600,150000,10425000,1500,0,NO,67,SEGUNDO,RECOLETA,2
Arenales 1700,1950000,135525000,3545,0,NO,67,SEGUNDO,RECOLETA,2
Paraguay 2041,290317,20177032,2569,0,NO,67,SEGUNDO,RECOLETA,2
Av. Cordoba 2600,340000,23630000,1478,0,NO,67,SEGUNDO,RECOLETA,2
Paraguay 2041,222181,15441580,2554,0,NO,67,SEGUNDO,RECOLETA,2
Gral Lucio Mansilla,89000,6185500,4045,0,NO,67,SEGUNDO,RECOLETA,2
Av Santa Fe 1500,29900,2078050,1107,0,NO,67,SEGUNDO,RECOLETA,2
Rodriguez Peña entre Arenales y Santa Fe.,680000,47260000,2787,0,NO,67,SEGUNDO,RECOLETA,2
AV. SANTA FE 1100,449000,31205500,7242,0,NO,67,SEGUNDO,RECOLETA,2
Paraguay 2041,182172,12660954,2566,0,NO,67,SEGUNDO,RECOLETA,2
Paraguay 2041,364739,25349360,1940,0,NO,67,SEGUNDO,RECOLETA,2
"Avenida del Libertador al 1700, Recoleta - Local *",788000,54766000,9728,0,NO,67,SEGUNDO,RECOLETA,2
Agüero al 1700,195000,13552500,2294,0,NO,67,SEGUNDO,RECOLETA,2
Beruti y Azcuénaga,1000000,69500000,2646,0,NO,67,SEGUNDO,RECOLETA,2
Montevideo al 1600,690000,47955000,4859,0,NO,67,SEGUNDO,RECOLETA,2
Laprida al 1700,415000,28842500,3705,0,NO,67,SEGUNDO,RECOLETA,2
AV. CÓRDOBA 3100,300000,20850000,2655,0,NO,67,SEGUNDO,RECOLETA,2
Arenales al 2000,260000,18070000,1806,0,NO,67,SEGUNDO,RECOLETA,2
Rodriguez Peña E/ Arenales y Av Santa Fe,120000,8340000,1034,0,NO,67,SEGUNDO,RECOLETA,2
Paraguay al 1500,1900000,132050000,2557,0,NO,67,SEGUNDO,RECOLETA,2
VICENTE LOPEZ 1900 - VTA LOCAL,240000,16680000,3750,0,NO,67,SEGUNDO,RECOLETA,2
Soler 3200,188000,13066000,1414,0,NO,67,SEGUNDO,RECOLETA,2
Agüero al 2100,630000,43785000,4118,0,NO,67,SEGUNDO,RECOLETA,2
SANTA FE al 1500,40900,2842550,1704,0,NO,67,SEGUNDO,RECOLETA,2
Avenida Santa Fe,6300000,437850000,2625,0,NO,67,SEGUNDO,RECOLETA,2
Ayacucho 1700,460000,31970000,2968,0,NO,67,SEGUNDO,RECOLETA,2
Callao al 1000,1290000,89655000,2016,0,NO,67,SEGUNDO,RECOLETA,2
AV PUEYRREDON,550000,38225000,3313,0,NO,67,SEGUNDO,RECOLETA,2
Av. Cordoba 1600,180000,12510000,1525,0,NO,67,SEGUNDO,RECOLETA,2
Cabrera,120000,8340000,2000,0,NO,67,SEGUNDO,RECOLETA,2
BILLINGHURST,105000,7297500,2561,0,NO,67,SEGUNDO,RECOLETA,2
Arenales,220000,15290000,7857,0,NO,67,SEGUNDO,RECOLETA,2
Av. Santa Fe,105000,7297500,5000,0,NO,67,SEGUNDO,RECOLETA,2
Paraguay,119900,8333050,3997,0,NO,67,SEGUNDO,RECOLETA,2
Billinghurst,130000,9035000,2031,0,NO,67,SEGUNDO,RECOLETA,2
Carlos Pellegrini 1255,750000,52125000,5725,0,NO,67,SEGUNDO,RETIRO,1
Av. Santa Fe al 1100,25000,1737500,1000,0,NO,67,SEGUNDO,RETIRO,1
Maipu al 700,1400000,97300000,1944,0,NO,67,SEGUNDO,RETIRO,1
Avenida Cordoba al 600,1600000,111200000,6154,0,NO,67,SEGUNDO,RETIRO,1
ARENALES,230000,15985000,7667,0,NO,67,SEGUNDO,RETIRO,1
Avenida Santa Fe 1100,550000,38225000,8462,0,NO,67,SEGUNDO,RETIRO,1
Avenida Santa Fe al 1100,550000,38225000,7857,0,NO,67,SEGUNDO,RETIRO,1
M. T. de Alvear al 1300,99000,6880500,4500,0,NO,67,SEGUNDO,RETIRO,1
Talcahuano al 1000 (Av. Santa Fe y M. T. Alvear),490000,34055000,4712,0,NO,67,SEGUNDO,RETIRO,1
Juncal,240000,16680000,6857,0,NO,67,SEGUNDO,RETIRO,1
Talcahuano al 1221,300000,20850000,1111,0,NO,67,SEGUNDO,RETIRO,1
Juncal al 1200,230000,15985000,5111,0,NO,67,SEGUNDO,RETIRO,1
Parera al 100,590000,41005000,7867,0,NO,67,SEGUNDO,RETIRO,1
Cerrito,20900,1452550,1900,0,NO,67,SEGUNDO,RETIRO,1
Florida,97000,6741500,3129,0,NO,67,SEGUNDO,RETIRO,1
AVENIDA CORDOBA,650000,45175000,2802,0,NO,67,SEGUNDO,RETIRO,1
Paraguay al 600,290000,20155000,5800,0,NO,67,SEGUNDO,RETIRO,1
Cerrito,480000,33360000,7385,0,NO,67,SEGUNDO,RETIRO,1
PARAGUAY,250000,17375000,4464,0,NO,67,SEGUNDO,RETIRO,1
Florida al 800,150000,10425000,4167,0,NO,67,SEGUNDO,RETIRO,1
Paraguay al 800,650000,45175000,2057,0,NO,67,SEGUNDO,RETIRO,1
Av Cordoba,220000,15290000,629,0,NO,67,SEGUNDO,RETIRO,1
FLORIDA,65000,4517500,1048,0,NO,67,SEGUNDO,RETIRO,1
Av. Cordoba al 600,320000,22240000,1088,0,NO,67,SEGUNDO,RETIRO,1
Av. Córdoba al 800,530000,36835000,5699,0,NO,67,SEGUNDO,RETIRO,1
Rojas Y Reconquista,368000,25576000,3200,0,NO,67,SEGUNDO,RETIRO,1
florida,750000,52125000,2083,0,NO,67,SEGUNDO,RETIRO,1
Suipacha,160000,11120000,1455,0,NO,67,SEGUNDO,RETIRO,1
AV. SANTA FE al 1100,38000,2641000,2000,0,NO,67,SEGUNDO,RETIRO,1
Suipacha al 1000,275000,19112500,1100,0,NO,67,SEGUNDO,RETIRO,1
Suipacha al 1300 entre Arroyo y Juncal,290000,20155000,3452,0,NO,67,SEGUNDO,RETIRO,1
Juncal al 600,170000,11815000,3469,0,NO,67,SEGUNDO,RETIRO,1
Suipacha al 1000,170000,11815000,2429,0,NO,67,SEGUNDO,RETIRO,1
Suipacha al 900,15000,1042500,556,0,NO,67,SEGUNDO,RETIRO,1
Calle Suipacha,250000,17375000,2273,0,NO,67,SEGUNDO,RETIRO,1
Arenales,220000,15290000,6286,0,NO,67,SEGUNDO,RETIRO,1
DEL LIBERTADOR,298000,20711000,3548,0,NO,67,SEGUNDO,RETIRO,1
Av. Córdoba al 600 entre Florida y Maipú,1600000,111200000,6226,0,NO,67,SEGUNDO,RETIRO,1
Suipacha,40000,2780000,833,0,NO,67,SEGUNDO,RETIRO,1
PARAGUAY,550000,38225000,2619,0,NO,67,SEGUNDO,RETIRO,1
Av. Córdoba 456,40000,2780000,1250,0,NO,67,SEGUNDO,RETIRO,1
Suipacha al 1000,237000,16471500,3386,0,NO,67,SEGUNDO,RETIRO,1
Cerrito  1000 y Av. Santa Fe,420000,29190000,6000,0,NO,67,SEGUNDO,RETIRO,1
Maipú al 800,405000,28147500,3553,0,NO,67,SEGUNDO,RETIRO,1
Florida  al 1000,490000,34055000,4298,0,NO,67,SEGUNDO,RETIRO,1
ARENALES al 900,250000,17375000,3731,0,NO,67,SEGUNDO,RETIRO,1
ARENALES Y LIBERTAD,650000,45175000,3250,0,NO,67,SEGUNDO,RETIRO,1
Paraguay,330000,22935000,2357,0,NO,67,SEGUNDO,RETIRO,1
Libertad al 800,170000,11815000,2742,0,NO,67,SEGUNDO,RETIRO,1
Av. SAN MARTIN al 6100,285000,19807500,2850,0,NO,67,SEGUNDO,AGRONOMIA,15
Av De Los Constituyentes,70000,4865000,2593,0,NO,67,SEGUNDO,AGRONOMIA,15
RAMOS MEJIA 1000,260000,18070000,1340,0,NO,67,SEGUNDO,CABALLITO,6
POTOSI,95000,6602500,1583,0,NO,67,SEGUNDO,CABALLITO,6
Av. San Juan 4322,380000,26410000,1638,0,NO,67,SEGUNDO,CABALLITO,6
Av Gaona 1900,77000,5351500,1453,0,NO,67,SEGUNDO,CABALLITO,6
FEDERICO GARCIA LORCA,950000,66025000,774,0,NO,67,SEGUNDO,CABALLITO,6
Av. Alberdi 1333 (Hortiguera - Chirimay),160000,11120000,2581,0,NO,67,SEGUNDO,CABALLITO,6
AVELLANEDA Y ROJAS,99000,6880500,2475,0,NO,67,SEGUNDO,CABALLITO,6
"RIVADAVIA, AV.",195000,13552500,6290,0,NO,67,SEGUNDO,CABALLITO,6
Gral. Martín de Gainza al 500,54000,3753000,2455,0,NO,67,SEGUNDO,CABALLITO,6
Rojas 1071,90500,6289750,1006,0,NO,67,SEGUNDO,CABALLITO,6
Av. Jose M. Moreno al 200,840000,58380000,7304,0,NO,67,SEGUNDO,CABALLITO,6
Olaya al 1000,250000,17375000,3425,0,NO,67,SEGUNDO,CABALLITO,6
Bonifacio 500,135000,9382500,1688,0,NO,67,SEGUNDO,CABALLITO,6
"DIAZ VELEZ, AVDA. al 4700",155000,10772500,2925,0,NO,67,SEGUNDO,CABALLITO,6
Jose Bonifacio,135000,9382500,1588,0,NO,67,SEGUNDO,CABALLITO,6
DEL BARCO CENTENERA,650000,45175000,3037,0,NO,67,SEGUNDO,CABALLITO,6
F Doblas,528000,36696000,2164,0,NO,67,SEGUNDO,CABALLITO,6
Avenida Rivadavia al 6000,1300000,90350000,2889,0,NO,67,SEGUNDO,CABALLITO,6
Aranguren 400,140000,9730000,1647,0,NO,67,SEGUNDO,CABALLITO,6
Cnel A Figueroa,75000,5212500,3125,0,NO,67,SEGUNDO,CABALLITO,6
Yerbal al 100 (Campichuelo - Otamendi),140000,9730000,2333,0,NO,67,SEGUNDO,CABALLITO,6
Cucha Cucha Al 1000,85000,5907500,1889,0,NO,67,SEGUNDO,CABALLITO,6
Calasanz al 219 (Formosa - Guayaquil),350000,24325000,3933,0,NO,67,SEGUNDO,CABALLITO,6
Av Diaz Velez 4500,279900,19453050,1879,0,NO,67,SEGUNDO,CABALLITO,6
Pujol,50000,3475000,2778,0,NO,67,SEGUNDO,CABALLITO,6
Av. Díaz Vélez 5501,1100000,76450000,3667,0,NO,67,SEGUNDO,CABALLITO,6
ACHAVAL al 400,65000,4517500,2500,0,NO,67,SEGUNDO,CABALLITO,6
YERBAL,195000,13552500,2708,0,NO,67,SEGUNDO,CABALLITO,6
Campichuelo,58000,4031000,2522,0,NO,67,SEGUNDO,CABALLITO,6
Campichuelo,39000,2710500,1625,0,NO,67,SEGUNDO,CABALLITO,6
Dr J F Aranguren,69000,4795500,1705,0,NO,67,SEGUNDO,CABALLITO,6
Avenida Rivadavia al 5500,15000,1042500,2500,0,NO,67,SEGUNDO,CABALLITO,6
"ALBERDI, JUAN B., AV.",110000,7645000,2444,0,NO,67,SEGUNDO,CABALLITO,6
Jose Maria Moreno,260000,18070000,1646,0,NO,67,SEGUNDO,CABALLITO,6
Av. Juan B. Alberdi,260000,18070000,2167,0,NO,67,SEGUNDO,CABALLITO,6
Valle al 1000,340000,23630000,1545,0,NO,67,SEGUNDO,CABALLITO,6
av. directorio 471,450000,31275000,2778,0,NO,67,SEGUNDO,CABALLITO,6
Rio De Janeiro,130000,9035000,4643,0,NO,67,SEGUNDO,CABALLITO,6
Yerbal al 100 (Campichuelo - Otamendi),115000,7992500,1917,0,NO,67,SEGUNDO,CABALLITO,6
Campichuelo 600,350000,24325000,729,0,NO,67,SEGUNDO,CABALLITO,6
DOBLAS,435000,30232500,1812,0,NO,67,SEGUNDO,CABALLITO,6
PAYSANDU 1100,140000,9730000,1207,0,NO,67,SEGUNDO,CABALLITO,6
Av. Rivadavia al 5000,160000,11120000,4000,0,NO,67,SEGUNDO,CABALLITO,6
NEUQUEN 944,299000,20780500,1495,0,NO,67,SEGUNDO,CABALLITO,6
Riglos 400,270000,18765000,3553,0,NO,67,SEGUNDO,CABALLITO,6
J Bonifacio,680000,47260000,2473,0,NO,67,SEGUNDO,CABALLITO,6
AV. PEDRO GOYENA,2700000,187650000,4500,0,NO,67,SEGUNDO,CABALLITO,6
Malvinas Argentinas,600000,41700000,6000,0,NO,67,SEGUNDO,CABALLITO,6
del barco centenera,159000,11050500,3975,0,NO,67,SEGUNDO,CABALLITO,6
Otamendi al 300,220000,15290000,2444,0,NO,67,SEGUNDO,CABALLITO,6
JOSE BONIFACIO,269000,18695500,3165,0,NO,67,SEGUNDO,CABALLITO,6
Juan Bautista Alberdi,180000,12510000,2857,0,NO,67,SEGUNDO,CABALLITO,6
"ALBERDI, JUAN B., AV.",480000,33360000,2667,0,NO,67,SEGUNDO,CABALLITO,6
"AMBROSETTI, JUAN B.",260000,18070000,4000,0,NO,67,SEGUNDO,CABALLITO,6
Belaustegui  1289,42000,2919000,1400,0,NO,67,SEGUNDO,CABALLITO,6
Martin De Gainza,55000,3822500,2391,0,NO,67,SEGUNDO,CABALLITO,6
Rojas,750000,52125000,3000,0,NO,67,SEGUNDO,CABALLITO,6
"Corrientes, Avda.",400000,27800000,3200,0,NO,67,SEGUNDO,CHACARITA,15
Forest 317,350000,24325000,1750,0,NO,67,SEGUNDO,CHACARITA,15
Av Corrientes 6400,175000,12162500,2333,0,NO,67,SEGUNDO,CHACARITA,15
Av. Corrientes al 6300,190000,13205000,1919,0,NO,67,SEGUNDO,CHACARITA,15
Caldas 300,198000,13761000,995,0,NO,67,SEGUNDO,CHACARITA,15
Palpa al 3500,645000,44827500,675,0,NO,67,SEGUNDO,CHACARITA,15
Olleros al 4100,300000,20850000,1579,0,NO,67,SEGUNDO,CHACARITA,15
"LEMOS, JUAN",79900,5553050,3196,0,NO,67,SEGUNDO,CHACARITA,15
Virrey Loreto,180000,12510000,1125,0,NO,67,SEGUNDO,CHACARITA,15
Federico Lacroze y Giribone,110000,7645000,791,0,NO,67,SEGUNDO,CHACARITA,15
"Av Cordoba al 6200, Colegiales - Local en venta",488000,33916000,1516,0,NO,67,SEGUNDO,CHACARITA,15
AV CORDOBA,380000,26410000,1520,0,NO,67,SEGUNDO,CHACARITA,15
"LACROZE, FEDERICO, AV. al 3500",165000,11467500,2895,0,NO,67,SEGUNDO,CHACARITA,15
CARRANZA ANGEL,195000,13552500,1757,0,NO,67,SEGUNDO,CHACARITA,15
BONPLAND,75000,5212500,2778,0,NO,67,SEGUNDO,CHACARITA,15
Alvarez Thomas al 300,180000,12510000,4865,0,NO,67,SEGUNDO,CHACARITA,15
BONPLAND,48000,3336000,2400,0,NO,67,SEGUNDO,CHACARITA,15
CARRANZA ANGEL,140000,9730000,2222,0,NO,67,SEGUNDO,CHACARITA,15
Av. Cordoba 5500,550000,38225000,3526,0,NO,67,SEGUNDO,CHACARITA,15
Av Warnes 1600,300000,20850000,1724,0,NO,67,SEGUNDO,CHACARITA,15
Av Warnes  1600,107000,7436500,1783,0,NO,67,SEGUNDO,CHACARITA,15
Dorrego 223,330000,22935000,1784,0,NO,67,SEGUNDO,CHACARITA,15
RAMIREZ DE VELASCO 1500,75000,5212500,2885,0,NO,67,SEGUNDO,CHACARITA,15
Av La Plata,180000,12510000,1636,0,NO,67,SEGUNDO,PARQUE CHACABUCO,7
Avenida La Plata,200000,13900000,1482,0,NO,67,SEGUNDO,PARQUE CHACABUCO,7
Av La Plata,325000,22587500,1204,0,NO,67,SEGUNDO,PARQUE CHACABUCO,7
Av. La Plata 1300,720000,50040000,1268,0,NO,67,SEGUNDO,PARQUE CHACABUCO,7
"LA PLATA, AVDA.",320000,22240000,3077,0,NO,67,SEGUNDO,PARQUE CHACABUCO,7
Pueblo Miraflores,40000,2780000,1164,0,NO,67,SEGUNDO,PARQUE CHACABUCO,7
Saraza al 1100,230000,15985000,796,0,NO,67,SEGUNDO,PARQUE CHACABUCO,7
Avenida Jose Maria Moreno 1700,219000,15220500,619,0,NO,67,SEGUNDO,PARQUE CHACABUCO,7
Eva Perón,17000,1181500,1889,0,NO,67,SEGUNDO,PARQUE CHACABUCO,7
Av Gdor L Vernet,58900,4093550,2454,0,NO,67,SEGUNDO,PARQUE CHACABUCO,7
Avelino Díaz 700,1850000,128575000,582,0,NO,67,SEGUNDO,PARQUE CHACABUCO,7
ZUVIRIA,310000,21545000,2650,0,NO,67,SEGUNDO,PARQUE CHACABUCO,7
Del Barco Centenera,250000,17375000,617,0,NO,67,SEGUNDO,PARQUE CHACABUCO,7
Del Barco Centenera,74500,5177750,1862,0,NO,67,SEGUNDO,PARQUE CHACABUCO,7
Thorne 1356,50000,3475000,1667,0,NO,67,SEGUNDO,PARQUE CHACABUCO,7
Av La Plata,1550000,107725000,1067,0,NO,67,SEGUNDO,PARQUE CHACABUCO,7
Av. Del Barco Centenera al 1700,74500,5177750,1774,0,NO,67,SEGUNDO,PARQUE CHACABUCO,7
Del Barco Centenera 1930,220000,15290000,728,0,NO,67,SEGUNDO,PARQUE CHACABUCO,7
Centenera 1200,180000,12510000,1731,0,NO,67,SEGUNDO,PARQUE CHACABUCO,7
Carlos Tejedor al 200,295000,20502500,1756,0,NO,67,SEGUNDO,PARQUE CHACABUCO,7
AV JOSR M MORENO 1900,310000,21545000,3875,0,NO,67,SEGUNDO,PARQUE CHACABUCO,7
Zelarrayán 1800,95000,6602500,950,0,NO,67,SEGUNDO,PARQUE CHACABUCO,7
Cobo 800,115000,7992500,1223,0,NO,67,SEGUNDO,PARQUE CHACABUCO,7
Vernet 109,110000,7645000,1864,0,NO,67,SEGUNDO,PARQUE CHACABUCO,7
Av. La Plata 1200,249000,17305500,2567,0,NO,67,SEGUNDO,PARQUE CHACABUCO,7
Del Barco Centenera 2100,99000,6880500,1193,0,NO,67,SEGUNDO,PARQUE CHACABUCO,7
"DE LOS INCAS, AVDA.",400000,27800000,2353,0,NO,67,SEGUNDO,PARQUE CHAS,15
Llerena 3000,169000,11745500,1037,0,NO,67,SEGUNDO,PARQUE CHAS,15
Cucha Cucha al 2500,62500,4343750,1786,0,NO,67,SEGUNDO,PATERNAL,15
yerua 5000,160000,11120000,4571,0,NO,67,SEGUNDO,PATERNAL,15
Av. San Martín,500000,34750000,5814,0,NO,67,SEGUNDO,PATERNAL,15
Juan B Justo al 4100,250000,17375000,3571,0,NO,67,SEGUNDO,PATERNAL,15
Av. San Martin 2600,32500,2258750,1204,0,NO,67,SEGUNDO,PATERNAL,15
Maturin al 2300,600000,41700000,1099,0,NO,67,SEGUNDO,PATERNAL,15
Local en Venta Warnes al 1600,340000,23630000,2833,0,NO,67,SEGUNDO,PATERNAL,15
ANDRES LAMAS Y ALVAREZ JONTE,399000,27730500,1629,0,NO,67,SEGUNDO,PATERNAL,15
Paysandu al 2200,145000,10077500,3295,0,NO,67,SEGUNDO,PATERNAL,15
Paysandu al 2289,95000,6602500,3276,0,NO,67,SEGUNDO,PATERNAL,15
"Av, Cabildo al 3600",380000,26410000,1645,0,NO,67,SEGUNDO,SAAVEDRA,12
Cramer 3600,69500,4830250,2780,0,NO,67,SEGUNDO,SAAVEDRA,12
Av. San Isidro 4600,115000,7992500,5750,0,NO,67,SEGUNDO,SAAVEDRA,12
Ciudad De La Paz,480000,33360000,1333,0,NO,67,SEGUNDO,SAAVEDRA,12
Av Cabildo,590000,41005000,2360,0,NO,67,SEGUNDO,SAAVEDRA,12
Crisólogo Larralde 2491,550000,38225000,3438,0,NO,67,SEGUNDO,SAAVEDRA,12
Av. Cabildo 4700,1296000,90072000,3086,0,NO,67,SEGUNDO,SAAVEDRA,12
Ciudad de la paz al 3500,470000,32665000,1328,0,NO,67,SEGUNDO,SAAVEDRA,12
Vidal 3500,77000,5351500,2567,0,NO,67,SEGUNDO,SAAVEDRA,12
Cabildo al 4800,650000,45175000,5417,0,NO,67,SEGUNDO,SAAVEDRA,12
Gral Mariano Acha,115000,7992500,1917,0,NO,67,SEGUNDO,SAAVEDRA,12
HOLMBERG,159250,11067875,2450,0,NO,67,SEGUNDO,SAAVEDRA,12
Balbin Av. al 3700,372000,25854000,2548,0,NO,67,SEGUNDO,SAAVEDRA,12
LAVOISIER,90000,6255000,2250,0,NO,67,SEGUNDO,SAAVEDRA,12
Avenida San Isidro Labrador,495000,34402500,3173,0,NO,67,SEGUNDO,SAAVEDRA,12
J Melian,620000,43090000,2222,0,NO,67,SEGUNDO,SAAVEDRA,12
ARIAS ENTRE MELIAN Y ROQUE PEREZ,495000,34402500,1639,0,NO,67,SEGUNDO,SAAVEDRA,12
Mariano Acha al 3800,140000,9730000,1687,0,NO,67,SEGUNDO,SAAVEDRA,12
Conde 3677 | Local,63000,4378500,1800,0,NO,67,SEGUNDO,SAAVEDRA,12
Balbin 4198 PB,400000,27800000,2260,0,NO,67,SEGUNDO,SAAVEDRA,12
Cnel J Pringles,105000,7297500,1500,0,NO,67,SEGUNDO,VILLA CRESPO,15
Cnel J Pringles,520000,36140000,4194,0,NO,67,SEGUNDO,VILLA CRESPO,15
Estado de israel al 4700,280000,19460000,2947,0,NO,67,SEGUNDO,VILLA CRESPO,15
"Justo, Juan B. Avda 3900",75000,5212500,4688,0,NO,67,SEGUNDO,VILLA CRESPO,15
Manuel A.Rodriguez,89800,6241100,2494,0,NO,67,SEGUNDO,VILLA CRESPO,15
Angel Gallardo 1000,295000,20502500,3430,0,NO,67,SEGUNDO,VILLA CRESPO,15
Antezana al 500,750000,52125000,2294,0,NO,67,SEGUNDO,VILLA CRESPO,15
Av. Honorio Pueyrredon al 1200,165000,11467500,2062,0,NO,67,SEGUNDO,VILLA CRESPO,15
Mario Bernasconi,285000,19807500,2192,0,NO,67,SEGUNDO,VILLA CRESPO,15
Mario Bernasconi,230000,15985000,1769,0,NO,67,SEGUNDO,VILLA CRESPO,15
LISANDRO DE LA TORRE,55000,3822500,2165,0,NO,67,SEGUNDO,VILLA CRESPO,15
Gurruchaga 1000,650000,45175000,6500,0,NO,67,SEGUNDO,VILLA CRESPO,15
Av. Scalabrini Ortiz al 1000,2800000,194600000,5185,0,NO,67,SEGUNDO,VILLA CRESPO,15
Gurruchaga 974,1200000,83400000,7407,0,NO,67,SEGUNDO,VILLA CRESPO,15
Gurruchaga al 1000,780000,54210000,6500,0,NO,67,SEGUNDO,VILLA CRESPO,15
"CORDOBA, AVDA.",500000,34750000,5682,0,NO,67,SEGUNDO,VILLA CRESPO,15
guardia vieja 4600,485000,33707500,5105,0,NO,67,SEGUNDO,VILLA CRESPO,15
Av Cordoba,475000,33012500,2065,0,NO,67,SEGUNDO,VILLA CRESPO,15
Av. Córdoba al 5100,490000,34055000,2450,0,NO,67,SEGUNDO,VILLA CRESPO,15
Av Dr Juan Bautista Justo,255000,17722500,2217,0,NO,67,SEGUNDO,VILLA CRESPO,15
Aguirre 900,450000,31275000,3462,0,NO,67,SEGUNDO,VILLA CRESPO,15
Gurruchaga 700,1300000,90350000,6500,0,NO,67,SEGUNDO,VILLA CRESPO,15
Gurruchaga 900,1700000,118150000,5667,0,NO,67,SEGUNDO,VILLA CRESPO,15
URIARTE,460000,31970000,1278,0,NO,67,SEGUNDO,VILLA CRESPO,15
Gurruchaga 974,1200000,83400000,6667,0,NO,67,SEGUNDO,VILLA CRESPO,15
Gurruchaga,750000,52125000,3750,0,NO,67,SEGUNDO,VILLA CRESPO,15
Julian Alvarez,130000,9035000,3333,0,NO,67,SEGUNDO,VILLA CRESPO,15
Avenida Angel Gallardo 599,470000,32665000,1343,0,NO,67,SEGUNDO,VILLA CRESPO,15
Vera,55000,3822500,5000,0,NO,67,SEGUNDO,VILLA CRESPO,15
AGUIRRE,72000,5004000,2400,0,NO,67,SEGUNDO,VILLA CRESPO,15
"CORRIENTES, AVDA. 5200",95000,6602500,3167,0,NO,67,SEGUNDO,VILLA CRESPO,15
Velasco 800,320000,22240000,2406,0,NO,67,SEGUNDO,VILLA CRESPO,15
Av. Córdoba 4300,700000,48650000,2397,0,NO,67,SEGUNDO,VILLA CRESPO,15
Thames al 300,550000,38225000,733,0,NO,67,SEGUNDO,VILLA CRESPO,15
Galeria Galecor Corrientes al 5200,34900,2425550,1662,0,NO,67,SEGUNDO,VILLA CRESPO,15
Av Dr Juan Bautista Justo,850000,59075000,1631,0,NO,67,SEGUNDO,VILLA CRESPO,15
Scalabrini Ortiz,400000,27800000,1000,0,NO,67,SEGUNDO,VILLA CRESPO,15
Juan B Justo 2800,600000,41700000,1796,0,NO,67,SEGUNDO,VILLA CRESPO,15
Serrano 400,680000,47260000,1206,0,NO,67,SEGUNDO,VILLA CRESPO,15
Scalabrini Ortiz al 400,499000,34680500,825,0,NO,67,SEGUNDO,VILLA CRESPO,15
Tres Lomas al 500,280000,19460000,1346,0,NO,67,SEGUNDO,VILLA CRESPO,15
Murillo 600,209000,14525500,4644,0,NO,67,SEGUNDO,VILLA CRESPO,15
ARAOZ,250000,17375000,1269,0,NO,67,SEGUNDO,VILLA CRESPO,15
Gurruchaga al 1000,750000,52125000,6250,0,NO,67,SEGUNDO,VILLA CRESPO,15
Julian Alvarez 500,199000,13830500,1877,0,NO,67,SEGUNDO,VILLA CRESPO,15
Ramirez De Velasco 100,250000,17375000,2155,0,NO,67,SEGUNDO,VILLA CRESPO,15
Av Dr Juan Bautista Justo,850000,59075000,3617,0,NO,67,SEGUNDO,VILLA CRESPO,15
Loyola al 700,490000,34055000,4153,0,NO,67,SEGUNDO,VILLA CRESPO,15
LOYOLA,350000,24325000,2059,0,NO,67,SEGUNDO,VILLA CRESPO,15
Loyola al 800,500000,34750000,2500,0,NO,67,SEGUNDO,VILLA CRESPO,15
P Del Castillo,53000,3683500,1359,0,NO,67,SEGUNDO,VILLA CRESPO,15
CAMARGO al 500,180000,12510000,4000,0,NO,67,SEGUNDO,VILLA CRESPO,15
Gurruchaga al 300,150000,10425000,2500,0,NO,67,SEGUNDO,VILLA CRESPO,15
Padilla al 700,84000,5838000,2897,0,NO,67,SEGUNDO,VILLA CRESPO,15
Padilla y Scalabrini Ortiz,295000,20502500,778,0,NO,67,SEGUNDO,VILLA CRESPO,15
CASTILLO,135000,9382500,7105,0,NO,67,SEGUNDO,VILLA CRESPO,15
Juan B Justo 3200,390000,27105000,4875,0,NO,67,SEGUNDO,VILLA CRESPO,15
"BERNASCONI, PJE. al 2200",270000,18765000,2288,0,NO,67,SEGUNDO,VILLA CRESPO,15
Pedro D Murillo,245000,17027500,3224,0,NO,67,SEGUNDO,VILLA CRESPO,15
M Antezana,80000,5560000,2286,0,NO,67,SEGUNDO,VILLA CRESPO,15
Angel Gallardo 500,2500000,173750000,1973,0,NO,67,SEGUNDO,VILLA CRESPO,15
Av Dr Juan Bautista Justo,55000,3822500,1964,0,NO,67,SEGUNDO,VILLA CRESPO,15
JUFRE,70000,4865000,3043,0,NO,67,SEGUNDO,VILLA CRESPO,15
Av Dr Juan Bautista Justo,650000,45175000,4483,0,NO,67,SEGUNDO,VILLA CRESPO,15
CASTILLO 200,120000,8340000,3077,0,NO,67,SEGUNDO,VILLA CRESPO,15
Lavalleja 39,159900,11113050,888,0,NO,67,SEGUNDO,VILLA CRESPO,15
"Luis María Drago al 300, CABA",130000,9035000,3250,0,NO,67,SEGUNDO,VILLA CRESPO,15
"CORRIENTES, AVDA. 5700",600000,41700000,1024,0,NO,67,SEGUNDO,VILLA CRESPO,15
M Bernasconi,280000,19460000,2393,0,NO,67,SEGUNDO,VILLA CRESPO,15
JULIAN ALVAREZ 600,299000,20780500,1438,0,NO,67,SEGUNDO,VILLA CRESPO,15
Av Corrientes,200000,13900000,7407,0,NO,67,SEGUNDO,VILLA CRESPO,15
Araoz,570000,39615000,1390,0,NO,67,SEGUNDO,VILLA CRESPO,15
JULIAN ALVAREZ Y DRAGO,1250000,86875000,1412,0,NO,67,SEGUNDO,VILLA CRESPO,15
Av Scalabrini Ortiz,375000,26062500,1829,0,NO,67,SEGUNDO,VILLA CRESPO,15
Vera 1037,175000,12162500,2273,0,NO,67,SEGUNDO,VILLA CRESPO,15
Ramirez DE Velasco 500,180000,12510000,4865,0,NO,67,SEGUNDO,VILLA CRESPO,15
J Alvarez,180000,12510000,1091,0,NO,67,SEGUNDO,VILLA CRESPO,15
MALABIA al 300,399000,27730500,3325,0,NO,67,SEGUNDO,VILLA CRESPO,15
corrientes al 5500,269000,18695500,1494,0,NO,67,SEGUNDO,VILLA CRESPO,15
"DRAGO, LUIS MARIA 300",130000,9035000,3421,0,NO,67,SEGUNDO,VILLA CRESPO,15
Olaya 1700,420000,29190000,1556,0,NO,67,SEGUNDO,VILLA CRESPO,15
"DRAGO, LUIS MARÍA",180000,12510000,3600,0,NO,67,SEGUNDO,VILLA CRESPO,15
Castillo 100,125000,8687500,3788,0,NO,67,SEGUNDO,VILLA CRESPO,15
"JUSTO, JUAN B. AVDA.",115000,7992500,3833,0,NO,67,SEGUNDO,VILLA CRESPO,15
Murillo 900,70000,4865000,2333,0,NO,67,SEGUNDO,VILLA CRESPO,15
Av Dr Juan Bautista Justo,1250000,86875000,2404,0,NO,67,SEGUNDO,VILLA CRESPO,15
Av. Juan B. Justo al 2600,135000,9382500,2411,0,NO,67,SEGUNDO,VILLA CRESPO,15
Julian Alvarez 831,190000,13205000,1900,0,NO,67,SEGUNDO,VILLA CRESPO,15
Av Cnel I Warnes,340000,23630000,1574,0,NO,67,SEGUNDO,VILLA CRESPO,15
Loyola 700,349000,24255500,5817,0,NO,67,SEGUNDO,VILLA CRESPO,15
CASTILLO 200,153000,10633500,3060,0,NO,67,SEGUNDO,VILLA CRESPO,15
AV. CORRIENTES,40000,2780000,2667,0,NO,67,SEGUNDO,VILLA CRESPO,15
Luis Viale al 200,75000,5212500,1210,0,NO,67,SEGUNDO,VILLA CRESPO,15
Av A Gallardo,225000,15637500,3750,0,NO,67,SEGUNDO,VILLA CRESPO,15
Av Scalabrini Ortiz,295000,20502500,2682,0,NO,67,SEGUNDO,VILLA CRESPO,15
Murillo al 900,79900,5553050,2663,0,NO,67,SEGUNDO,VILLA CRESPO,15
SERRANO al 400,250000,17375000,3846,0,NO,67,SEGUNDO,VILLA CRESPO,15
Scalabrini Ortiz al 400,550000,38225000,909,0,NO,67,SEGUNDO,VILLA CRESPO,15
Araoz  al 200,175000,12162500,2160,0,NO,67,SEGUNDO,VILLA CRESPO,15
Luis María Drago,320000,22240000,2286,0,NO,67,SEGUNDO,VILLA CRESPO,15
Juan B. Justo 3375- Villa Crespo,1250000,86875000,2399,0,NO,67,SEGUNDO,VILLA CRESPO,15
Av Dr Juan Bautista Justo,350000,24325000,4118,0,NO,67,SEGUNDO,VILLA CRESPO,15
SERRANO,185000,12857500,1968,0,NO,67,SEGUNDO,VILLA CRESPO,15
JUAN RAMIREZ DE VELASCO,220000,15290000,3667,0,NO,67,SEGUNDO,VILLA CRESPO,15
"Loyola 440, Local, CABA",135000,9382500,4500,0,NO,67,SEGUNDO,VILLA CRESPO,15
Julian Alvarez 600,150000,10425000,938,0,NO,67,SEGUNDO,VILLA CRESPO,15
Lavalleja,150000,10425000,2727,0,NO,67,SEGUNDO,VILLA CRESPO,15
Av. Gavilan,900000,62550000,2217,0,NO,67,SEGUNDO,VILLA DEL PARQUE,11
BAIGORRIA 2400,50000,3475000,3125,0,NO,67,SEGUNDO,VILLA DEL PARQUE,11
Av. Alvarez Jonte,76000,5282000,1986,0,NO,67,SEGUNDO,VILLA DEL PARQUE,11
Ricardo Gutierrez,295000,20502500,2305,0,NO,67,SEGUNDO,VILLA DEL PARQUE,11
TINOGASTA,110000,7645000,880,0,NO,67,SEGUNDO,VILLA DEL PARQUE,11
Adolfo P Carranza,53000,3683500,1963,0,NO,67,SEGUNDO,VILLA DEL PARQUE,11
Jonte  al 2800,200000,13900000,2857,0,NO,67,SEGUNDO,VILLA DEL PARQUE,11
Nogoya 3500,89000,6185500,3179,0,NO,67,SEGUNDO,VILLA DEL PARQUE,11
Cuenca al 2700,280000,19460000,5833,0,NO,67,SEGUNDO,VILLA DEL PARQUE,11
Concordia,180000,12510000,1800,0,NO,67,SEGUNDO,VILLA DEL PARQUE,11
Lavallol 2500,79000,5490500,1612,0,NO,67,SEGUNDO,VILLA DEL PARQUE,11
Nogoya,270000,18765000,3214,0,NO,67,SEGUNDO,VILLA DEL PARQUE,11
Nogoya,95000,6602500,3725,0,NO,67,SEGUNDO,VILLA DEL PARQUE,11
Av Nazca,90000,6255000,2250,0,NO,67,SEGUNDO,VILLA DEL PARQUE,11
"ALVAREZ JONTE, AV. al 2700",99000,6880500,3194,0,NO,67,SEGUNDO,VILLA DEL PARQUE,11
San Martin y Nazca,650000,45175000,1625,0,NO,67,SEGUNDO,VILLA DEL PARQUE,11
AV NAZCA 2572,180000,12510000,1565,0,NO,67,SEGUNDO,VILLA DEL PARQUE,11
PEDRO LOZANO,92000,6394000,2244,0,NO,67,SEGUNDO,VILLA DEL PARQUE,11
Melincue al 3200,550000,38225000,1916,0,NO,67,SEGUNDO,VILLA DEL PARQUE,11
CARRANZA,280000,19460000,1273,0,NO,67,SEGUNDO,VILLA DEL PARQUE,11
CARACAS,200000,13900000,1351,0,NO,67,SEGUNDO,VILLA DEL PARQUE,11
Emilio Lamarca al 2000,119999,8339930,1500,0,NO,67,SEGUNDO,VILLA DEL PARQUE,11
GAVILAN 2380,125000,8687500,553,0,NO,67,SEGUNDO,VILLA DEL PARQUE,11
Santo Tome,450000,31275000,1915,0,NO,67,SEGUNDO,VILLA DEL PARQUE,11
Nogoyá 4098 esquina Chivilcoy,182000,12649000,3640,0,NO,67,SEGUNDO,VILLA DEVOTO SUR,11
Ramon Lista 5200,310000,21545000,1879,0,NO,67,SEGUNDO,VILLA DEVOTO SUR,11
Nogoyá N°4546,238000,16541000,1190,0,NO,67,SEGUNDO,VILLA DEVOTO SUR,11
RAMON LISTA 5200,290000,20155000,1768,0,NO,67,SEGUNDO,VILLA DEVOTO SUR,11
LOCAL COMERCIAL Nogoyá 4123,75000,5212500,3000,0,NO,67,SEGUNDO,VILLA DEVOTO SUR,11
Sanabria,105000,7297500,4165,0,NO,67,SEGUNDO,VILLA DEVOTO SUR,11
Av. Fco. Beiro,750000,52125000,2500,0,NO,67,SEGUNDO,VILLA DEVOTO SUR,11
SANABRIA,90000,6255000,2727,0,NO,67,SEGUNDO,VILLA DEVOTO SUR,11
Av F Beiro,55800,3878100,2862,0,NO,67,SEGUNDO,VILLA DEVOTO SUR,11
Avenida Alvarez Thomas,415000,28842500,1596,0,NO,67,SEGUNDO,VILLA ORTUZAR,15
Av Triunvirato,300000,20850000,3659,0,NO,67,SEGUNDO,VILLA ORTUZAR,15
Combatientes De Malvinas 3000,8000000,556000000,2162,0,NO,67,SEGUNDO,VILLA ORTUZAR,15
Tronador,45000,3127500,1552,0,NO,67,SEGUNDO,VILLA ORTUZAR,15
AV.ALVAREZ THOMAS,195000,13552500,2955,0,NO,67,SEGUNDO,VILLA ORTUZAR,15
"TRIUNVIRATO, AV. 3100",400000,27800000,2151,0,NO,67,SEGUNDO,VILLA ORTUZAR,15
G Mistral,210000,14595000,1944,0,NO,67,SEGUNDO,VILLA PUEYRREDON,12
AV.NAZCA,89000,6185500,2697,0,NO,67,SEGUNDO,VILLA PUEYRREDON,12
AVENIDA SALVADOR MARÍA DEL CARRIL,155000,10772500,3605,0,NO,67,SEGUNDO,VILLA PUEYRREDON,12
Nazca al 5200,165000,11467500,2143,0,NO,67,SEGUNDO,VILLA PUEYRREDON,12
Bolivia,245000,17027500,1885,0,NO,67,SEGUNDO,VILLA PUEYRREDON,12
Av. de Los Constituyentes 4740,1000000,69500000,2000,0,NO,67,SEGUNDO,VILLA PUEYRREDON,12
Av Gral E Mosconi,32000,2224000,2667,0,NO,67,SEGUNDO,VILLA PUEYRREDON,12
Zamudio al 4700,87000,6046500,1318,0,NO,67,SEGUNDO,VILLA PUEYRREDON,12
Avenida de los Constituyentes al 4200,88000,6116000,1796,0,NO,67,SEGUNDO,VILLA PUEYRREDON,12
"TAMBORINI, JOSE P.",94000,6533000,2410,0,NO,67,SEGUNDO,VILLA URQUIZA,12
La Pampa  4315,790000,54905000,4647,0,NO,67,SEGUNDO,VILLA URQUIZA,12
Dr R S Naon,140000,9730000,7000,0,NO,67,SEGUNDO,VILLA URQUIZA,12
Holmberg al 2400,2500000,173750000,2778,0,NO,67,SEGUNDO,VILLA URQUIZA,12
de los Constituyentes,145000,10077500,1318,0,NO,67,SEGUNDO,VILLA URQUIZA,12
Mendoza,780000,54210000,4239,0,NO,67,SEGUNDO,VILLA URQUIZA,12
Holmberg al 2400,600000,41700000,2469,0,NO,67,SEGUNDO,VILLA URQUIZA,12
Blanco Encalada 4100,600000,41700000,2469,0,NO,67,SEGUNDO,VILLA URQUIZA,12
Diaz Colodrero,695000,48302500,3159,0,NO,67,SEGUNDO,VILLA URQUIZA,12
ALVAREZ THOMAS al 3312,350000,24325000,1966,0,NO,67,SEGUNDO,VILLA URQUIZA,12
Nuñez 6300,130000,9035000,915,0,NO,67,SEGUNDO,VILLA URQUIZA,12
Andonaegui,140500,9764750,2867,0,NO,67,SEGUNDO,VILLA URQUIZA,12
Av.Monroe al 5300,180000,12510000,4500,0,NO,67,SEGUNDO,VILLA URQUIZA,12
AV. OLAZABAL 5036 LOCAL 7,99000,6880500,3300,0,NO,67,SEGUNDO,VILLA URQUIZA,12
Blanco Encalada 4600,99000,6880500,5824,0,NO,67,SEGUNDO,VILLA URQUIZA,12
Av F De Olazabal,120000,8340000,845,0,NO,67,SEGUNDO,VILLA URQUIZA,12
Donado 1900 Local A,680000,47260000,5574,0,NO,67,SEGUNDO,VILLA URQUIZA,12
Donado1971,700000,48650000,5224,0,NO,67,SEGUNDO,VILLA URQUIZA,12
Capdevila y Manuela Pedraza,158500,11015750,1510,0,NO,67,SEGUNDO,VILLA URQUIZA,12
Donado 1900 Local B,450000,31275000,5357,0,NO,67,SEGUNDO,VILLA URQUIZA,12
Jose A Capdevila,75000,5212500,3750,0,NO,67,SEGUNDO,VILLA URQUIZA,12
Holmberg al 2000,600000,41700000,4000,0,NO,67,SEGUNDO,VILLA URQUIZA,12
Nahuel Huapí 4000 esq. Tronador,1200000,83400000,1633,0,NO,67,SEGUNDO,VILLA URQUIZA,12
Cullen 5491,148000,10286000,2741,0,NO,67,SEGUNDO,VILLA URQUIZA,12
Diaz Colodrero,695000,48302500,3374,0,NO,67,SEGUNDO,VILLA URQUIZA,12
Bucarelli,1100000,76450000,6875,0,NO,67,SEGUNDO,VILLA URQUIZA,12
NAHUEL HUAPI 5000,105000,7297500,2561,0,NO,67,SEGUNDO,VILLA URQUIZA,12
Ceretti 2794,69000,4795500,2091,0,NO,67,SEGUNDO,VILLA URQUIZA,12
Barzana,100000,6950000,2564,0,NO,67,SEGUNDO,VILLA URQUIZA,12
Monroe,180000,12510000,4500,0,NO,67,SEGUNDO,VILLA URQUIZA,12
La Pampa al 4800,105000,7297500,3500,0,NO,67,SEGUNDO,VILLA URQUIZA,12
Bauness al 1900,500000,34750000,6250,0,NO,67,SEGUNDO,VILLA URQUIZA,12
Cuenca al 3600,375000,26062500,3125,0,NO,67,SEGUNDO,VILLA DEVOTO NORTE,11
SAN NICOLAS,50000,3475000,3571,0,NO,67,SEGUNDO,VILLA DEVOTO NORTE,11
Av. San Martin,130000,9035000,3824,0,NO,67,SEGUNDO,VILLA DEVOTO NORTE,11
Lascano  al 5000,520000,36140000,1000,0,NO,67,SEGUNDO,VILLA DEVOTO NORTE,11
Vallejos,350000,24325000,1186,0,NO,67,SEGUNDO,VILLA DEVOTO NORTE,11
Av. Francisco Beiro 3800,250000,17375000,4167,0,NO,67,SEGUNDO,VILLA DEVOTO NORTE,11
AVENIDA SAN MARTIN,1000000,69500000,1323,0,NO,67,SEGUNDO,VILLA DEVOTO NORTE,11
campana al 4400,89000,6185500,2543,0,NO,67,SEGUNDO,VILLA DEVOTO NORTE,11
CHIVILCOY,87000,6046500,2636,0,NO,67,SEGUNDO,VILLA DEVOTO NORTE,11
San Nicolas,750000,52125000,6250,0,NO,67,SEGUNDO,VILLA DEVOTO NORTE,11
Av. San Martin al 7400,659000,45800500,2226,0,NO,67,SEGUNDO,VILLA DEVOTO NORTE,11
CALDERON DE LA BARCA,55000,3822500,2750,0,NO,67,SEGUNDO,VILLA DEVOTO NORTE,11
AV SAN MARTIN,140000,9730000,2917,0,NO,67,SEGUNDO,VILLA DEVOTO NORTE,11
Mercedes,75000,5212500,2344,0,NO,67,SEGUNDO,VILLA DEVOTO NORTE,11
JOSE CUBAS,250000,17375000,1437,0,NO,67,SEGUNDO,VILLA DEVOTO NORTE,11
Llavallol 4500,395000,27452500,1026,0,NO,67,SEGUNDO,VILLA DEVOTO NORTE,11
Gualeguaychu y Asunción,69000,4795500,3833,0,NO,67,SEGUNDO,VILLA DEVOTO NORTE,11
Av Fernandez De Enciso,89000,6185500,3423,0,NO,67,SEGUNDO,VILLA DEVOTO NORTE,11
Garibaldi,340000,23630000,2208,0,NO,67,SEGUNDO,BOCA,4
Alte Brown,200000,13900000,1220,0,NO,67,SEGUNDO,BOCA,4
Puerto De Palos,40000,2780000,1818,0,NO,67,SEGUNDO,BOCA,4
Wenceslao Villafañe,65000,4517500,1857,0,NO,67,SEGUNDO,BOCA,4
"BLANES, JUAN M.",65000,4517500,1757,0,NO,67,SEGUNDO,BOCA,4
Av Suarez 500,179000,12440500,814,0,NO,67,SEGUNDO,BOCA,4
Gral Mariano Necochea,40000,2780000,571,0,NO,67,SEGUNDO,BOCA,4
Martin Rodriguez,120000,8340000,909,0,NO,67,SEGUNDO,BOCA,4
Gral Mariano Necochea,280000,19460000,800,0,NO,67,SEGUNDO,BOCA,4
Olavarria,90000,6255000,2571,0,NO,67,SEGUNDO,BOCA,4
"Av, Alte. Brown",100000,6950000,935,0,NO,67,SEGUNDO,BOCA,4
Aristóbulo del Valle al 300,250000,17375000,1136,0,NO,67,SEGUNDO,BOCA,4
Pedro de Mendoza,65000,4517500,508,0,NO,67,SEGUNDO,BOCA,4
Olavarria,130000,9035000,1494,0,NO,67,SEGUNDO,BOCA,4
DEL VALLE IBERLUCEA 1158,150000,10425000,542,0,NO,67,SEGUNDO,BOCA,4
Irala,130000,9035000,1008,0,NO,67,SEGUNDO,BOCA,4
Avenida Almirante Brown,130000,9035000,802,0,NO,67,SEGUNDO,BOCA,4
Araoz De Lamadrid,250000,17375000,656,0,NO,67,SEGUNDO,BOCA,4
Aristobulo Del Valle,59000,4100500,1372,0,NO,67,SEGUNDO,BOCA,4
"DEL VALLE, ARISTOBULO",55000,3822500,1375,0,NO,67,SEGUNDO,BOCA,4
Av. Pedro de Mendoza entre Salvadores y Palacios,300000,20850000,1045,0,NO,67,SEGUNDO,BOCA,4
Avenida Almirante Brown,140000,9730000,1157,0,NO,67,SEGUNDO,BOCA,4
Dr F Muñiz,130000,9035000,2500,0,NO,67,SEGUNDO,BOEDO,5
"GARAY, JUAN DE, AVDA.",420000,29190000,1117,0,NO,67,SEGUNDO,BOEDO,5
Av. Pavon,395000,27452500,1021,0,NO,67,SEGUNDO,BOEDO,5
Castro Barros 1500 y Pavon Av.,670000,46565000,788,0,NO,67,SEGUNDO,BOEDO,5
Av Caseros,150000,10425000,1515,0,NO,67,SEGUNDO,BOEDO,5
Av M Boedo,42000,2919000,1312,0,NO,67,SEGUNDO,BOEDO,5
Av M Boedo,210000,14595000,1284,0,NO,67,SEGUNDO,BOEDO,5
Estados Unidos 4100,250000,17375000,585,0,NO,67,SEGUNDO,BOEDO,5
San Juan al 3600,29000,2015500,829,0,NO,67,SEGUNDO,BOEDO,5
San Juan al 3900,430000,29885000,1478,0,NO,67,SEGUNDO,BOEDO,5
Castro 1176 LOCAL,120000,8340000,3333,0,NO,67,SEGUNDO,BOEDO,5
Dr F Muñiz,75000,5212500,2419,0,NO,67,SEGUNDO,BOEDO,5
Excelente Local con Renta!!! Av. San Juan al 3400,195000,13552500,975,0,NO,67,SEGUNDO,BOEDO,5
MAZA,220000,15290000,1517,0,NO,67,SEGUNDO,BOEDO,5
AV  SAN JUAN,220000,15290000,1774,0,NO,67,SEGUNDO,BOEDO,5
Castro 1176 LOCAL,98000,6811000,2722,0,NO,67,SEGUNDO,BOEDO,5
"CALVO, CARLOS",280000,19460000,2667,0,NO,67,SEGUNDO,BOEDO,5
Garay al 3500,50000,3475000,2500,0,NO,67,SEGUNDO,BOEDO,5
Carlos Calvo,77000,5351500,2200,0,NO,67,SEGUNDO,BOEDO,5
Av Carabobo 500,315000,21892500,722,0,NO,67,SEGUNDO,FLORES SUR,7
Varela,115000,7992500,1917,0,NO,67,SEGUNDO,FLORES SUR,7
VARELA 700,103000,7158500,2146,0,NO,67,SEGUNDO,FLORES SUR,7
Varela,130000,9035000,1477,0,NO,67,SEGUNDO,FLORES SUR,7
Av. Eva Peron al 2200,210000,14595000,1842,0,NO,67,SEGUNDO,FLORES SUR,7
AV Eva Peron 4100,390000,27105000,1211,0,NO,67,SEGUNDO,FLORES SUR,7
Eva Peron 2410,95000,6602500,2317,0,NO,67,SEGUNDO,FLORES SUR,7
Saraza al 2400,55000,3822500,556,0,NO,67,SEGUNDO,FLORES SUR,7
Av San Pedrito,260000,18070000,867,0,NO,67,SEGUNDO,FLORES SUR,7
Gregorio de la Ferrere 2500,126000,8757000,1189,0,NO,67,SEGUNDO,FLORES SUR,7
Membrillar 41,29000,2015500,1000,0,NO,67,SEGUNDO,FLORES SUR,7
Av Carabobo 500,207000,14386500,1353,0,NO,67,SEGUNDO,FLORES SUR,7
"avenida varela 1262,flores,galeria de 5 locales A*",200000,13900000,1220,0,NO,67,SEGUNDO,FLORES SUR,7
Miro al 1800,290000,20155000,1686,0,NO,67,SEGUNDO,FLORES SUR,7
San Nicolas,4600000,319700000,3538,0,NO,67,SEGUNDO,FLORESTA,10
Av. Directorio al 3200,179000,12440500,2419,0,NO,67,SEGUNDO,FLORESTA,10
I Portela,125000,8687500,806,0,NO,67,SEGUNDO,FLORESTA,10
Directorio,70000,4865000,2000,0,NO,67,SEGUNDO,FLORESTA,10
Av Gaona,135000,9382500,2250,0,NO,67,SEGUNDO,FLORESTA,10
Magariños Cervantes,120000,8340000,1905,0,NO,67,SEGUNDO,FLORESTA,10
Av. Rivadavia N°8330,480000,33360000,2400,0,NO,67,SEGUNDO,FLORESTA,10
"SEGUROLA, AV.",132500,9208750,2500,0,NO,67,SEGUNDO,FLORESTA,10
Juan B. Justo Al 6700,290000,20155000,2071,0,NO,67,SEGUNDO,FLORESTA,10
Chivilcoy,800000,55600000,1778,0,NO,67,SEGUNDO,FLORESTA,10
AV SEGUROLA,68000,4726000,3091,0,NO,67,SEGUNDO,FLORESTA,10
Rivadavia al 8300,215000,14942500,1617,0,NO,67,SEGUNDO,FLORESTA,10
Juan Bautista Alberdi 3200,580000,40310000,1450,0,NO,67,SEGUNDO,FLORESTA,10
Av. Directorio al al 3500,195000,13552500,2600,0,NO,67,SEGUNDO,FLORESTA,10
SAN NICOLAS 400,600000,41700000,4000,0,NO,67,SEGUNDO,FLORESTA,10
AV. RIVADAVIA,270000,18765000,1929,0,NO,67,SEGUNDO,FLORESTA,10
SARACHAGA 4200 - VELEZ SARSFIELD - C.A.B.A..,240000,16680000,1257,0,NO,67,SEGUNDO,FLORESTA,10
Montiel,650000,45175000,1360,0,NO,67,SEGUNDO,LINIERS,9
PATRON,95000,6602500,2375,0,NO,67,SEGUNDO,LINIERS,9
Lisandro de la torre,175000,12162500,888,0,NO,67,SEGUNDO,LINIERS,9
Ramon Falcon al 6800 VENTA CON RENTA,530000,36835000,1309,0,NO,67,SEGUNDO,LINIERS,9
PILAR,82000,5699000,3037,0,NO,67,SEGUNDO,LINIERS,9
Cuzco al 200,80000,5560000,2222,0,NO,67,SEGUNDO,LINIERS,9
Carhué,97000,6741500,1406,0,NO,67,SEGUNDO,LINIERS,9
ibarrola al 7000,398000,27661000,2764,0,NO,67,SEGUNDO,LINIERS,9
PATRON,90000,6255000,2000,0,NO,67,SEGUNDO,LINIERS,9
Ibarrola,450000,31275000,2296,0,NO,67,SEGUNDO,LINIERS,9
PILAR,82500,5733750,3750,0,NO,67,SEGUNDO,LINIERS,9
MONTIEL,250000,17375000,1923,0,NO,67,SEGUNDO,LINIERS,9
Carhue,35000,2432500,875,0,NO,67,SEGUNDO,LINIERS,9
Ventura Bosch,80000,5560000,3200,0,NO,67,SEGUNDO,LINIERS,9
Ramón Falcón,190000,13205000,2639,0,NO,67,SEGUNDO,LINIERS,9
AVENIDA GENERAL PAZ,800000,55600000,3810,0,NO,67,SEGUNDO,LINIERS,9
"EMILIO CASTRO, AVDA.",400000,27800000,1538,0,NO,67,SEGUNDO,LINIERS,9
Gana 100,50000,3475000,704,0,NO,67,SEGUNDO,LINIERS,9
Ramon Falcon,72000,5004000,2880,0,NO,67,SEGUNDO,LINIERS,9
Av Rivadavia 10800 esq Founruge,220000,15290000,2200,0,NO,67,SEGUNDO,LINIERS,9
Rivadavia,73000,5073500,2704,0,NO,67,SEGUNDO,LINIERS,9
PATRON,120000,8340000,2667,0,NO,67,SEGUNDO,LINIERS,9
Peribebuy al 6700,260000,18070000,1722,0,NO,67,SEGUNDO,LINIERS,9
Carhue,90000,6255000,1800,0,NO,67,SEGUNDO,LINIERS,9
Gana,200000,13900000,769,0,NO,67,SEGUNDO,LINIERS,9
RIVADAVIA,180000,12510000,1200,0,NO,67,SEGUNDO,LINIERS,9
Pilar y Tonelero,460000,31970000,767,0,NO,67,SEGUNDO,LINIERS,9
MIRALLA,195000,13552500,1857,0,NO,67,SEGUNDO,LINIERS,9
Emilio Castro al 6400,325000,22587500,1240,0,NO,67,SEGUNDO,LINIERS,9
"Rivadavia, Av. 10.763",140000,9730000,2800,0,NO,67,SEGUNDO,LINIERS,9
MIRALLA,1150000,79925000,1554,0,NO,67,SEGUNDO,LINIERS,9
Av. Rivadavia,140000,9730000,2800,0,NO,67,SEGUNDO,LINIERS,9
Av Rivadavia,2600000,180700000,3467,0,NO,67,SEGUNDO,LINIERS,9
San Pedro,35000,2432500,2333,0,NO,67,SEGUNDO,MATADEROS,9
AV EVA PERON,120000,8340000,1463,0,NO,67,SEGUNDO,MATADEROS,9
AV DE LOS CORRALES,200000,13900000,1242,0,NO,67,SEGUNDO,MATADEROS,9
MONTIEL,80000,5560000,3636,0,NO,67,SEGUNDO,MATADEROS,9
PILAR,195000,13552500,1300,0,NO,67,SEGUNDO,MATADEROS,9
Avenida Directorio,160000,11120000,1778,0,NO,67,SEGUNDO,MATADEROS,9
JUAN BAUTISTA ALBERDI 5800,450000,31275000,1331,0,NO,67,SEGUNDO,MATADEROS,9
AV LARRAZABAL,250000,17375000,2033,0,NO,67,SEGUNDO,MATADEROS,9
Carhue,36000,2502000,1500,0,NO,67,SEGUNDO,MATADEROS,9
AV. EVA PERON ESQUINA CARHUE,420000,29190000,560,0,NO,67,SEGUNDO,MATADEROS,9
Esquina Eva Perón y Oliden,80000,5560000,1127,0,NO,67,SEGUNDO,MATADEROS,9
ALBERDI JUAN BAUTISTA,650000,45175000,1605,0,NO,67,SEGUNDO,MATADEROS,9
EVA PERON 5100,440000,30580000,800,0,NO,67,SEGUNDO,MATADEROS,9
AV ALBERDI,435000,30232500,956,0,NO,67,SEGUNDO,MATADEROS,9
MONTIEL,43000,2988500,2150,0,NO,67,SEGUNDO,MATADEROS,9
ESCALADA,50000,3475000,1515,0,NO,67,SEGUNDO,MATADEROS,9
Fragata Céfiro al 1800,45000,3127500,1047,0,NO,67,SEGUNDO,MATADEROS,9
Av. Peron al 5900,220000,15290000,1048,0,NO,67,SEGUNDO,MATADEROS,9
segurola al 1800,250000,17375000,1250,0,NO,67,SEGUNDO,MONTE CASTRO,10
Av A Alvarez Jonte,89000,6185500,3560,0,NO,67,SEGUNDO,MONTE CASTRO,10
"Alvarez Jonte, Av. al 4000",299000,20780500,3215,0,NO,67,SEGUNDO,MONTE CASTRO,10
Alvarez Jonte 4300,69000,4795500,1211,0,NO,67,SEGUNDO,MONTE CASTRO,10
Av Lope De Vega,450000,31275000,773,0,NO,67,SEGUNDO,MONTE CASTRO,10
Alvarez Jonte 4300,49000,3405500,860,0,NO,67,SEGUNDO,MONTE CASTRO,10
Marcos Paz,239000,16610500,1637,0,NO,67,SEGUNDO,MONTE CASTRO,10
Av. Alvarez Jonte,52000,3614000,2476,0,NO,67,SEGUNDO,MONTE CASTRO,10
SANABRIA,195000,13552500,1114,0,NO,67,SEGUNDO,MONTE CASTRO,10
LASCANO 5100,100000,6950000,2703,0,NO,67,SEGUNDO,MONTE CASTRO,10
Pje Martin Fierro  al 5300,185000,12857500,2176,0,NO,67,SEGUNDO,MONTE CASTRO,10
Sanabria al 2400,110000,7645000,2200,0,NO,67,SEGUNDO,MONTE CASTRO,10
"CHICLANA, AVDA.",89000,6185500,1483,0,NO,67,SEGUNDO,NUEVA POMPEYA,4
"LA PLATA, AVDA.",250000,17375000,2427,0,NO,67,SEGUNDO,NUEVA POMPEYA,4
Amancio Alcorta al 3600,550000,38225000,917,0,NO,67,SEGUNDO,NUEVA POMPEYA,4
Pje Raulet,68000,4726000,1744,0,NO,67,SEGUNDO,NUEVA POMPEYA,4
Av. Amancio Alcorta,198000,13761000,892,0,NO,67,SEGUNDO,NUEVA POMPEYA,4
Av. Cruz al 1500,135000,9382500,957,0,NO,67,SEGUNDO,NUEVA POMPEYA,4
Av. Saenz al 1400,230000,15985000,767,0,NO,67,SEGUNDO,NUEVA POMPEYA,4
Esquiu al 1300,55000,3822500,1571,0,NO,67,SEGUNDO,NUEVA POMPEYA,4
Av Saenz 600,65000,4517500,1912,0,NO,67,SEGUNDO,NUEVA POMPEYA,4
Francisco rabanal 1982,75000,5212500,1000,0,NO,67,SEGUNDO,NUEVA POMPEYA,4
Av. Intendente Rabanal al 1300,175000,12162500,875,0,NO,67,SEGUNDO,NUEVA POMPEYA,4
CENTENERA 2478,158900,11043550,757,0,NO,67,SEGUNDO,NUEVA POMPEYA,4
Centenera al 3500,75000,5212500,714,0,NO,67,SEGUNDO,NUEVA POMPEYA,4
Avenida Tilcara 2900,450000,31275000,1122,0,NO,67,SEGUNDO,NUEVA POMPEYA,4
Trole,28000,1946000,1495,0,NO,67,SEGUNDO,NUEVA POMPEYA,4
Av. Saenz1273,300000,20850000,1049,0,NO,67,SEGUNDO,NUEVA POMPEYA,4
Av. Entre Rios 1700,245000,17027500,1114,0,NO,67,SEGUNDO,PARQUE PATRICIOS,4
Rondeau 2800,279000,19390500,1116,0,NO,67,SEGUNDO,PARQUE PATRICIOS,4
Brasil 3098,265000,18417500,510,0,NO,67,SEGUNDO,PARQUE PATRICIOS,4
MONTEAGUDO 400,170000,11815000,570,0,NO,67,SEGUNDO,PARQUE PATRICIOS,4
Alberti,249000,17305500,2204,0,NO,67,SEGUNDO,PARQUE PATRICIOS,4
D Matheu,300000,20850000,987,0,NO,67,SEGUNDO,PARQUE PATRICIOS,4
LA RIOJA,492000,34194000,1892,0,NO,67,SEGUNDO,PARQUE PATRICIOS,4
Av Caseros,210000,14595000,2471,0,NO,67,SEGUNDO,PARQUE PATRICIOS,4
IGUAZU 725-EDIFICIO EN BLOCK-COCHERA -DEPOSITO-OF*,670000,46565000,890,0,NO,67,SEGUNDO,PARQUE PATRICIOS,4
Jujuy Esq. Inclan,330000,22935000,1274,0,NO,67,SEGUNDO,PARQUE PATRICIOS,4
Av Caseros,415000,28842500,1886,0,NO,67,SEGUNDO,PARQUE PATRICIOS,4
Pbto M Alberti,60000,4170000,2000,0,NO,67,SEGUNDO,PARQUE PATRICIOS,4
Pavon esq. Alberti,115000,7992500,885,0,NO,67,SEGUNDO,PARQUE PATRICIOS,4
P Carrasco,380000,26410000,1267,0,NO,67,SEGUNDO,VELEZ SARSFIELD,10
Yerbal,60000,4170000,2143,0,NO,67,SEGUNDO,VELEZ SARSFIELD,10
"ALBERDI, JUAN B., AV.",220000,15290000,1100,0,NO,67,SEGUNDO,VELEZ SARSFIELD,10
Av Alberdi,150000,10425000,1500,0,NO,67,SEGUNDO,VELEZ SARSFIELD,10
Av B Rivadavia,270000,18765000,2368,0,NO,67,SEGUNDO,VELEZ SARSFIELD,10
Dr S Segurola,115000,7992500,2875,0,NO,67,SEGUNDO,VELEZ SARSFIELD,10
Segurola 200,70000,4865000,3182,0,NO,67,SEGUNDO,VELEZ SARSFIELD,10
CAMARONES CASI ESQUINA AV SEGUROLA,85000,5907500,1507,0,NO,67,SEGUNDO,VELEZ SARSFIELD,10
Tapalque,200000,13900000,833,0,NO,67,SEGUNDO,VELEZ SARSFIELD,10
Martinez  Castro al 300,450000,31275000,1014,0,NO,67,SEGUNDO,VELEZ SARSFIELD,10
JUAN B. JUSTO,240000,16680000,2667,0,NO,67,SEGUNDO,VELEZ SARSFIELD,10
Gral Cesar Diaz,65000,4517500,3250,0,NO,67,SEGUNDO,VELEZ SARSFIELD,10
Justo Juan b Avenida,275000,19112500,2183,0,NO,67,SEGUNDO,VELEZ SARSFIELD,10
Juan B Justo 7700,290000,20155000,1189,0,NO,67,SEGUNDO,VELEZ SARSFIELD,10
Av. Lope de Vega,290000,20155000,1295,0,NO,67,SEGUNDO,VELEZ SARSFIELD,10
Juan B Justo 9300,520000,36140000,881,0,NO,67,SEGUNDO,VERSALLES,10
Av Dr Juan Bautista Justo,250000,17375000,1250,0,NO,67,SEGUNDO,VERSALLES,10
"ALVAREZ, DONATO, T. GRAL.",150000,10425000,1829,0,NO,67,SEGUNDO,VILLA GRAL. MITRE,11
Avenida Juan B. Justo,295000,20502500,2810,0,NO,67,SEGUNDO,VILLA GRAL. MITRE,11
AV JUAN B JUSTO,330000,22935000,1650,0,NO,67,SEGUNDO,VILLA GRAL. MITRE,11
San Blas al 1600,318000,22101000,4676,0,NO,67,SEGUNDO,VILLA GRAL. MITRE,11
Av. Juan B. Justo,65000,4517500,3611,0,NO,67,SEGUNDO,VILLA GRAL. MITRE,11
CERVANTES Margariños,95000,6602500,3276,0,NO,67,SEGUNDO,VILLA GRAL. MITRE,11
Bolivia 1444,70000,4865000,1795,0,NO,67,SEGUNDO,VILLA GRAL. MITRE,11
Av. J. B.Justo 5200,150000,10425000,1376,0,NO,67,SEGUNDO,VILLA GRAL. MITRE,11
Donato Alvarez 1370,800000,55600000,2640,0,NO,67,SEGUNDO,VILLA GRAL. MITRE,11
Alfredo Bufano al 1900,169900,11808050,794,0,NO,67,SEGUNDO,VILLA GRAL. MITRE,11
Alberdi al 4600,146000,10147000,1460,0,NO,67,SEGUNDO,VILLA LURO,10
Juan B. Justo  8100,550000,38225000,1768,0,NO,67,SEGUNDO,VILLA LURO,10
Lope de Vega al 1500,350000,24325000,3431,0,NO,67,SEGUNDO,VILLA LURO,10
Rivadavia al 9400,295000,20502500,913,0,NO,67,SEGUNDO,VILLA LURO,10
Av B Rivadavia,95000,6602500,2794,0,NO,67,SEGUNDO,VILLA LURO,10
Av Rivadavia  9400,165000,11467500,1460,0,NO,67,SEGUNDO,VILLA LURO,10
Av. Rivadavia,595000,41352500,2902,0,NO,67,SEGUNDO,VILLA LURO,10
Poeta Leopardi,122000,8479000,2905,0,NO,67,SEGUNDO,VILLA LURO,10
Av RIVADAVIA,625000,43437500,2193,0,NO,67,SEGUNDO,VILLA LURO,10
Av. Lope de Vega 1200,108000,7506000,2512,0,NO,67,SEGUNDO,VILLA LURO,10
Camarones,450000,31275000,2778,0,NO,67,SEGUNDO,VILLA LURO,10
ACASSUSO,400000,27800000,3390,0,NO,67,SEGUNDO,VILLA LURO,10
Av. Rivadavia 9615 PB Local a la calle,235000,16332500,4123,0,NO,67,SEGUNDO,VILLA LURO,10
AV RIVADAVIA,235000,16332500,4052,0,NO,67,SEGUNDO,VILLA LURO,10
AV RIVADAVIA,130000,9035000,1494,0,NO,67,SEGUNDO,VILLA LURO,10
BASUALDO,500000,34750000,3937,0,NO,67,SEGUNDO,VILLA LURO,10
Lope de Vega 800,58000,4031000,2071,0,NO,67,SEGUNDO,VILLA LURO,10
General Paz al 600,150000,10425000,3333,0,NO,67,SEGUNDO,VILLA REAL,10
Nazarre 6100,75000,5212500,1500,0,NO,67,SEGUNDO,VILLA REAL,10
Av. Lope De Vega,280000,19460000,3043,0,NO,67,SEGUNDO,VILLA REAL,10
Av F Beiro,195000,13552500,1393,0,NO,67,SEGUNDO,VILLA REAL,10
Virgilio,220000,15290000,1100,0,NO,67,SEGUNDO,VILLA REAL,10
CHILAVERT 6714,30000,2085000,1667,0,NO,67,SEGUNDO,VILLA RIACHUELO,8
Guamini,160000,11120000,1600,0,NO,67,SEGUNDO,VILLA RIACHUELO,8
Cnel M Chilavert,44900,3120550,2993,0,NO,67,SEGUNDO,VILLA RIACHUELO,8
Av Gaona,650000,45175000,3095,0,NO,67,SEGUNDO,VILLA SANTA RITA,11
Tres Arroyos,299000,20780500,3646,0,NO,67,SEGUNDO,VILLA SANTA RITA,11
Av. Gaona 3700,315000,21892500,2763,0,NO,67,SEGUNDO,VILLA SANTA RITA,11
Av Nazca,180000,12510000,5455,0,NO,67,SEGUNDO,VILLA SANTA RITA,11
Alejando Magariños Cervantes 3098,166000,11537000,4486,0,NO,67,SEGUNDO,VILLA SANTA RITA,11
Alejando Magariños Cervantes 3098,205000,14247500,4020,0,NO,67,SEGUNDO,VILLA SANTA RITA,11
TRES ARROYOS Nº al 3400,230000,15985000,601,0,NO,67,SEGUNDO,VILLA SANTA RITA,11
Juan Agustin Garcia 3100,49900,3468050,1848,0,NO,67,SEGUNDO,VILLA SANTA RITA,11
Av. Regimiento De Patricios,230000,15985000,3785,0,NO,67,SEGUNDO,BARRACAS ESTE,4
California al 2200,480000,33360000,759,0,NO,67,SEGUNDO,BARRACAS ESTE,4
AV MARTIN GARCIA,790000,54905000,1058,0,NO,67,SEGUNDO,BARRACAS ESTE,4
Herrera 1700,420000,29190000,4200,0,NO,67,SEGUNDO,BARRACAS ESTE,4
Uspallata 800,135000,9382500,2455,0,NO,67,SEGUNDO,BARRACAS ESTE,4
RUY DIAZ DE GUZMAN,68000,4726000,1889,0,NO,67,SEGUNDO,BARRACAS ESTE,4
Santa Magdalena,90000,6255000,783,0,NO,67,SEGUNDO,BARRACAS ESTE,4
Pi Y Margall 1200,165000,11467500,2292,0,NO,67,SEGUNDO,BARRACAS ESTE,4
Herrera,379000,26340500,4032,0,NO,67,SEGUNDO,BARRACAS ESTE,4
Brandsen,85000,5907500,1700,0,NO,67,SEGUNDO,BARRACAS ESTE,4
Av Montes De Oca,210000,14595000,4468,0,NO,67,SEGUNDO,BARRACAS ESTE,4
BOLIVAR,320000,22240000,2807,0,NO,67,SEGUNDO,BARRACAS ESTE,4
Rio Limay,250000,17375000,2500,0,NO,67,SEGUNDO,BARRACAS ESTE,4
Av. Regimiento de Patricios al 1600,600000,41700000,1453,0,NO,67,SEGUNDO,BARRACAS ESTE,4
AV PATRICIOS,150000,10425000,4286,0,NO,67,SEGUNDO,BARRACAS ESTE,4
Suarez al 1500,580000,40310000,1074,0,NO,67,SEGUNDO,BARRACAS ESTE,4
"JOVELLANOS, G. M. DE",60000,4170000,2400,0,NO,67,SEGUNDO,BARRACAS ESTE,4
Ituzaingo al 600,39000,2710500,684,0,NO,67,SEGUNDO,BARRACAS ESTE,4
Mirave al 2700,240000,16680000,787,0,NO,67,SEGUNDO,BARRACAS ESTE,4
Luzuriaga 300,72000,5004000,550,0,NO,67,SEGUNDO,BARRACAS ESTE,4
Pje Fecundidad,60000,4170000,1176,0,NO,67,SEGUNDO,PARQUE AVELLANEDA,9
Directorio 4490,95000,6602500,3167,0,NO,67,SEGUNDO,PARQUE AVELLANEDA,9
Florentino Ameghino 1500,300000,20850000,838,0,NO,67,SEGUNDO,PARQUE AVELLANEDA,9
M Martinez Castro,95000,6602500,1080,0,NO,67,SEGUNDO,PARQUE AVELLANEDA,9
LAGUNA,250000,17375000,543,0,NO,67,SEGUNDO,PARQUE AVELLANEDA,9
Olivera 1400,40000,2780000,1905,0,NO,67,SEGUNDO,PARQUE AVELLANEDA,9
Ameghino,95000,6602500,1418,0,NO,67,SEGUNDO,PARQUE AVELLANEDA,9
Jose A Miralla,33000,2293500,1269,0,NO,67,SEGUNDO,VILLA LUGANO,8
Chilavert 5677,48000,3336000,762,0,NO,67,SEGUNDO,VILLA LUGANO,8
Martiniano Leguizamon al 4300,250000,17375000,1000,0,NO,67,SEGUNDO,VILLA LUGANO,8
Murguiondo 4470,140600,9771700,1562,0,NO,67,SEGUNDO,VILLA LUGANO,8
MURGUIONDO,89000,6185500,1171,0,NO,67,SEGUNDO,VILLA LUGANO,8
Escalada,120000,8340000,2727,0,NO,67,SEGUNDO,VILLA LUGANO,8
CORVALAN 3300,129900,9028050,872,0,NO,67,SEGUNDO,VILLA LUGANO,8
UNANUE,170000,11815000,515,0,NO,67,SEGUNDO,VILLA LUGANO,8
Delfín Gallo,180000,12510000,1000,0,NO,67,SEGUNDO,VILLA LUGANO,8
"BONIFACIO, JOSÉ",431738,30005800,3659,0,NO,67,SEGUNDO,FLORES NORTE,7
Yerbal 1800,468000,32526000,1671,0,NO,67,SEGUNDO,FLORES NORTE,7
"RIVADAVIA, AVDA. al 7000",26500,1841750,1104,0,NO,67,SEGUNDO,FLORES NORTE,7
"RIVADAVIA, AVDA. al 7000",39900,2773050,1050,0,NO,67,SEGUNDO,FLORES NORTE,7
Alberdi,270000,18765000,2500,0,NO,67,SEGUNDO,FLORES NORTE,7
AV. JUAN BAUTISTA ALBERDI,90000,6255000,2308,0,NO,67,SEGUNDO,FLORES NORTE,7
Av. Rivadavia al 6800,171000,11884500,1336,0,NO,67,SEGUNDO,FLORES NORTE,7
"RIVADAVIA, AVDA. al 7000",85500,5942250,1336,0,NO,67,SEGUNDO,FLORES NORTE,7
Pedernera,330000,22935000,2640,0,NO,67,SEGUNDO,FLORES NORTE,7
Boyaca,500000,34750000,4425,0,NO,67,SEGUNDO,FLORES NORTE,7
"RIVADAVIA, AVDA. al 7000",20500,1424750,932,0,NO,67,SEGUNDO,FLORES NORTE,7
Fray cayetano Rodriguez,85000,5907500,680,0,NO,67,SEGUNDO,FLORES NORTE,7
RamÓn FalcÓn,120000,8340000,2222,0,NO,67,SEGUNDO,FLORES NORTE,7
Bogotá al 2100,170000,11815000,2787,0,NO,67,SEGUNDO,FLORES NORTE,7
Pedernera,605000,42047500,3361,0,NO,67,SEGUNDO,FLORES NORTE,7
"RIVADAVIA, AVDA. al 7000",24500,1702750,1167,0,NO,67,SEGUNDO,FLORES NORTE,7
Yerbal,170000,11815000,1417,0,NO,67,SEGUNDO,FLORES NORTE,7
"RIVADAVIA, AVDA. al 7000",26500,1841750,1205,0,NO,67,SEGUNDO,FLORES NORTE,7
"RIVADAVIA, AVDA. al 7000",33000,2293500,1320,0,NO,67,SEGUNDO,FLORES NORTE,7
Rivadavia 6743,55000,3822500,3929,0,NO,67,SEGUNDO,FLORES NORTE,7
Pedernera,115000,7992500,2212,0,NO,67,SEGUNDO,FLORES NORTE,7
Juan Bautista Alberdi  al 2800,115000,7992500,4259,0,NO,67,SEGUNDO,FLORES NORTE,7
"RIVADAVIA, AVDA. al 7000",36000,2502000,1125,0,NO,67,SEGUNDO,FLORES NORTE,7
Bacacay,110000,7645000,3056,0,NO,67,SEGUNDO,FLORES NORTE,7
Culpina,80000,5560000,2667,0,NO,67,SEGUNDO,FLORES NORTE,7
Av Rivadavia 6817,39900,2773050,1814,0,NO,67,SEGUNDO,FLORES NORTE,7
Boyaca al 600,245000,17027500,1140,0,NO,67,SEGUNDO,FLORES NORTE,7
"RIVADAVIA, AVDA. al 7000",42500,2953750,1214,0,NO,67,SEGUNDO,FLORES NORTE,7
J.B. Alberdi 3100,950000,66025000,2262,0,NO,67,SEGUNDO,FLORES NORTE,7
Pedernera,1470000,102165000,1968,0,NO,67,SEGUNDO,FLORES NORTE,7
"RIVADAVIA, AVDA. al 7000",28500,1980750,1239,0,NO,67,SEGUNDO,FLORES NORTE,7
Pedernera,520000,36140000,3291,0,NO,67,SEGUNDO,FLORES NORTE,7
Pavillon San Jose - Local - Pedernera 50 - Flores,1460000,101470000,1941,0,NO,67,SEGUNDO,FLORES NORTE,7
RIVERA INDARTE 182,220000,15290000,1528,0,NO,67,SEGUNDO,FLORES NORTE,7
Cnel J Terrada,425000,29537500,3269,0,NO,67,SEGUNDO,FLORES NORTE,7
Lafuente al 300,58000,4031000,3412,0,NO,67,SEGUNDO,FLORES NORTE,7
Argerich al 700,750000,52125000,2206,0,NO,67,SEGUNDO,FLORES NORTE,7
Boyaca,300000,20850000,4615,0,NO,67,SEGUNDO,FLORES NORTE,7
Pedernera,300000,20850000,2439,0,NO,67,SEGUNDO,FLORES NORTE,7
Av Nazca,196800,13677600,3785,0,NO,67,SEGUNDO,FLORES NORTE,7
Pedernera,260000,18070000,2301,0,NO,67,SEGUNDO,FLORES NORTE,7
CARACAS al 1000,340000,23630000,655,0,NO,67,SEGUNDO,FLORES NORTE,7
Pedernera,270000,18765000,2432,0,NO,67,SEGUNDO,FLORES NORTE,7
"RIVADAVIA, AVDA. al 7000",33000,2293500,1737,0,NO,67,SEGUNDO,FLORES NORTE,7
"RIVADAVIA, AVDA. al 7000",33000,2293500,1179,0,NO,67,SEGUNDO,FLORES NORTE,7
AV. JUAN BAUTISTA ALBERDI,90000,6255000,2500,0,NO,67,SEGUNDO,FLORES NORTE,7
Yerbal entre Gral Artigas y Bolivia,54500,3787750,1652,0,NO,67,SEGUNDO,FLORES NORTE,7
Lautaro,145000,10077500,3085,0,NO,67,SEGUNDO,FLORES NORTE,7
Pedernera,680000,47260000,3049,0,NO,67,SEGUNDO,FLORES NORTE,7
Yerbal y Gral Artigas,38500,2675750,2026,0,NO,67,SEGUNDO,FLORES NORTE,7
Rivadavia 6743,42000,2919000,3818,0,NO,67,SEGUNDO,FLORES NORTE,7
Av. Alberdi,137000,9521500,2491,0,NO,67,SEGUNDO,FLORES NORTE,7
Rivadavia 6800,52000,3614000,1576,0,NO,67,SEGUNDO,FLORES NORTE,7
Terrada al 500,450000,31275000,3462,0,NO,67,SEGUNDO,FLORES NORTE,7
Argerich al 800,400000,27800000,4000,0,NO,67,SEGUNDO,FLORES NORTE,7
Av Rivadavia,149900,10418050,1250,0,NO,67,SEGUNDO,FLORES NORTE,7
Yerbal al 2100 - LOCAL,210000,14595000,1273,0,NO,67,SEGUNDO,FLORES NORTE,7
Mario Bravo 800,73800,4959360,2171,0,NO,67,SEGUNDO,ALMAGRO,5
Esteban A Gascon,69900,4697280,2330,0,NO,67,SEGUNDO,ALMAGRO,5
Yatay,189000,12700800,1734,0,NO,67,SEGUNDO,ALMAGRO,5
BILLINGHURST,350000,23520000,3070,0,NO,67,SEGUNDO,ALMAGRO,5
HUMAHUACA 3700,145000,9744000,2417,0,NO,67,SEGUNDO,ALMAGRO,5
Potosi 4400,180000,12096000,2308,0,NO,67,SEGUNDO,ALMAGRO,5
Medrano 369 y Perón,73900,4966080,1071,0,NO,67,SEGUNDO,ALMAGRO,5
Gascon y Av. Corrientes,590000,39648000,3010,0,NO,67,SEGUNDO,ALMAGRO,5
Rawson 345,291200,19568640,4853,0,NO,67,SEGUNDO,ALMAGRO,5
Lavalle al 3400,750000,50400000,1440,0,NO,67,SEGUNDO,ALMAGRO,5
Esteban A Gascon,151200,10160640,2890,0,NO,67,SEGUNDO,ALMAGRO,5
Av Gral Diaz Velez,68900,4630080,3828,0,NO,67,SEGUNDO,ALMAGRO,5
Sanchez DE Bustamante 500,80000,5376000,3478,0,NO,67,SEGUNDO,ALMAGRO,5
Av. Belgrano al 3800,380000,25536000,1067,0,NO,67,SEGUNDO,ALMAGRO,5
Jose E Colombres,135000,9072000,3000,0,NO,67,SEGUNDO,ALMAGRO,5
PALESTINA 700,350000,23520000,2893,0,NO,67,SEGUNDO,ALMAGRO,5
Av B Rivadavia,25000,1680000,2083,0,NO,67,SEGUNDO,ALMAGRO,5
Bulnes,350000,23520000,1528,0,NO,67,SEGUNDO,ALMAGRO,5
"SALGUERO, JERONIMO 500",280000,18816000,3333,0,NO,67,SEGUNDO,ALMAGRO,5
Maza 300,690000,46368000,1683,0,NO,67,SEGUNDO,ALMAGRO,5
GALLO 400,1100000,73920000,2045,0,NO,67,SEGUNDO,ALMAGRO,5
Yapeyu,69000,4636800,2156,0,NO,67,SEGUNDO,ALMAGRO,5
GALLO,148000,9945600,3289,0,NO,67,SEGUNDO,ALMAGRO,5
Av. Medrano 500,427500,28728000,3214,0,NO,67,SEGUNDO,ALMAGRO,5
Medrano 60,210000,14112000,1489,0,NO,67,SEGUNDO,ALMAGRO,5
FRANCISCO ACUÑA FIGUEROA 900,110000,7392000,1833,0,NO,67,SEGUNDO,ALMAGRO,5
Sarmiento 4335,120000,8064000,1538,0,NO,67,SEGUNDO,ALMAGRO,5
Mario Bravo,85000,5712000,2833,0,NO,67,SEGUNDO,ALMAGRO,5
Jose Marmol 159,115000,7728000,1106,0,NO,67,SEGUNDO,ALMAGRO,5
Av Corrientes 4500,218000,14649600,2000,0,NO,67,SEGUNDO,ALMAGRO,5
CORRIENTES,1200000,80640000,2143,0,NO,67,SEGUNDO,ALMAGRO,5
Rivadavia 4100,210000,14112000,1795,0,NO,67,SEGUNDO,ALMAGRO,5
Esteban A Gascon,1450000,97440000,1933,0,NO,67,SEGUNDO,ALMAGRO,5
Lezica,83000,5577600,1169,0,NO,67,SEGUNDO,ALMAGRO,5
Lezica  al 4300,70000,4704000,2188,0,NO,67,SEGUNDO,ALMAGRO,5
PRINGLES,100000,6720000,2857,0,NO,67,SEGUNDO,ALMAGRO,5
Corrientes 4200,1022000,68678400,2523,0,NO,67,SEGUNDO,ALMAGRO,5
DON BOSCO 3800,950000,63840000,819,0,NO,67,SEGUNDO,ALMAGRO,5
Acuña De Figueroa,45000,3024000,1552,0,NO,67,SEGUNDO,ALMAGRO,5
CASTRO BARROS,155000,10416000,2279,0,NO,67,SEGUNDO,ALMAGRO,5
Medrano 400,630000,42336000,1611,0,NO,67,SEGUNDO,ALMAGRO,5
Avenida Corrientes al 3800,1750000,117600000,5147,0,NO,67,SEGUNDO,ALMAGRO,5
Av. Díaz Vélez al 4100,99000,6652800,1678,0,NO,67,SEGUNDO,ALMAGRO,5
Yatay 1001 LOCAL,198000,13305600,4500,0,NO,67,SEGUNDO,ALMAGRO,5
Medrano 600,285000,19152000,846,0,NO,67,SEGUNDO,ALMAGRO,5
Quito,55000,3696000,2750,0,NO,67,SEGUNDO,ALMAGRO,5
Acuña De Figueroa,60000,4032000,2000,0,NO,67,SEGUNDO,ALMAGRO,5
Gallo al 1100,120000,8064000,3000,0,NO,67,SEGUNDO,ALMAGRO,5
Av Independencia,340000,22848000,2345,0,NO,67,SEGUNDO,ALMAGRO,5
MAZA 200,49000,3292800,2042,0,NO,67,SEGUNDO,ALMAGRO,5
Corrientes al 4200,700000,47040000,2642,0,NO,67,SEGUNDO,ALMAGRO,5
Av De Mayo,300000,20160000,1685,0,NO,67,SEGUNDO,BALVANERA,3
Urquiza 50,299000,20092800,1031,0,NO,67,SEGUNDO,BALVANERA,3
Dr T De Anchorena,115000,7728000,2212,0,NO,67,SEGUNDO,BALVANERA,3
Ecuador al 500,250000,16800000,1389,0,NO,67,SEGUNDO,BALVANERA,3
Dr J Valentin Gomez,174500,11726400,1026,0,NO,67,SEGUNDO,BALVANERA,3
Zelaya 3006,390000,26208000,743,0,NO,67,SEGUNDO,BALVANERA,3
"Aguero al 800, Entre Tucuman y San Luis",270000,18144000,1698,0,NO,67,SEGUNDO,BALVANERA,3
Jean Jaures 332,150000,10080000,1429,0,NO,67,SEGUNDO,BALVANERA,3
Av B Rivadavia,229000,15388800,2290,0,NO,67,SEGUNDO,BALVANERA,3
Hipólito Yrigoyen,130000,8736000,2097,0,NO,67,SEGUNDO,BALVANERA,3
ADOLFO ALSINA al 2800,100000,6720000,2857,0,NO,67,SEGUNDO,BALVANERA,3
Uriburu y Av Rivadavia,179000,12028800,1989,0,NO,67,SEGUNDO,BALVANERA,3
Ecuador 500,250000,16800000,1397,0,NO,67,SEGUNDO,BALVANERA,3
Dr A Alsina,165000,11088000,1557,0,NO,67,SEGUNDO,BALVANERA,3
Rivadavia al 3100,870000,58464000,1032,0,NO,67,SEGUNDO,BALVANERA,3
Avenida Rivadavia 3000,390000,26208000,2786,0,NO,67,SEGUNDO,BALVANERA,3
Av. Independencia 2000,55000,3696000,2500,0,NO,67,SEGUNDO,BALVANERA,3
Moreno al 2600,79000,5308800,1317,0,NO,67,SEGUNDO,BALVANERA,3
HIPOLITO YRIGOYEN al 2100,230000,15456000,987,0,NO,67,SEGUNDO,BALVANERA,3
Bartolome Mitre al 2200,650000,43680000,3611,0,NO,67,SEGUNDO,BALVANERA,3
Pte H Yrigoyen,80000,5376000,2286,0,NO,67,SEGUNDO,BALVANERA,3
SAN LUIS,59500,3998400,1526,0,NO,67,SEGUNDO,BALVANERA,3
Rivadavia al 3100,920000,61824000,1091,0,NO,67,SEGUNDO,BALVANERA,3
Matheu al 100,300000,20160000,1250,0,NO,67,SEGUNDO,BALVANERA,3
Dr J Valentin Gomez,550000,36960000,1375,0,NO,67,SEGUNDO,BALVANERA,3
Av. Corrientes 2000,698000,46905600,2493,0,NO,67,SEGUNDO,BALVANERA,3
Combate de los Pozos al 700,225000,15120000,1541,0,NO,67,SEGUNDO,BALVANERA,3
Ayacucho al 500,1100000,73920000,1800,0,NO,67,SEGUNDO,BALVANERA,3
paso al 500,2400000,161280000,3774,0,NO,67,SEGUNDO,BALVANERA,3
"ENTRE RIOS, AVDA. al 600",400000,26880000,3810,0,NO,67,SEGUNDO,BALVANERA,3
Urquiza al 300,90000,6048000,1607,0,NO,67,SEGUNDO,BALVANERA,3
Bartolomé Mitre 2100,125000,8400000,1524,0,NO,67,SEGUNDO,BALVANERA,3
Domingo F Sarmiento,290000,19488000,2231,0,NO,67,SEGUNDO,BALVANERA,3
Av B Rivadavia,320000,21504000,1185,0,NO,67,SEGUNDO,BALVANERA,3
"CORRIENTES, AVDA. al 2500",129000,8668800,1217,0,NO,67,SEGUNDO,BALVANERA,3
Av Corrientes,76000,5107200,1333,0,NO,67,SEGUNDO,BALVANERA,3
BOULOGNE SUR MER,355000,23856000,2886,0,NO,67,SEGUNDO,BALVANERA,3
"Tucuman 2200, CABA",550000,36960000,3929,0,NO,67,SEGUNDO,BALVANERA,3
Avenida Jujuy al 100,750000,50400000,662,0,NO,67,SEGUNDO,BALVANERA,3
Ecuador al 900,110000,7392000,1528,0,NO,67,SEGUNDO,BALVANERA,3
Ecuador,105000,7056000,1981,0,NO,67,SEGUNDO,BALVANERA,3
Avenida Jujuy 300,230000,15456000,1901,0,NO,67,SEGUNDO,BALVANERA,3
Uriburu al 500,99000,6652800,1980,0,NO,67,SEGUNDO,BALVANERA,3
Alberti al 300,90000,6048000,978,0,NO,67,SEGUNDO,BALVANERA,3
"ALSINA, ADOLFO 2900",299000,20092800,1173,0,NO,67,SEGUNDO,BALVANERA,3
PASO,280000,18816000,3333,0,NO,67,SEGUNDO,BALVANERA,3
Av. Pueyrredón al 870,990000,66528000,3000,0,NO,67,SEGUNDO,BALVANERA,3
Avenida Pueyrredon 700,600000,40320000,3429,0,NO,67,SEGUNDO,BALVANERA,3
Anchorena,220000,14784000,3143,0,NO,67,SEGUNDO,BALVANERA,3
Jean Jaures,229000,15388800,2827,0,NO,67,SEGUNDO,BALVANERA,3
Avenida Pueyrredon al 800,1000000,67200000,4167,0,NO,67,SEGUNDO,BALVANERA,3
Gral Juan Jose Viamonte,310000,20832000,2583,0,NO,67,SEGUNDO,BALVANERA,3
AV. Hipolito Yrigoyen 1900,299000,20092800,2931,0,NO,67,SEGUNDO,BALVANERA,3
Entre Rios al 100,999000,67132800,1249,0,NO,67,SEGUNDO,BALVANERA,3
Combate de los Pozos al 300,100000,6720000,2000,0,NO,67,SEGUNDO,BALVANERA,3
Lavalle 2760/62,105000,7056000,1875,0,NO,67,SEGUNDO,BALVANERA,3
Riobamba,249000,16732800,4016,0,NO,67,SEGUNDO,BALVANERA,3
Adolfo Alsina,290000,19488000,1318,0,NO,67,SEGUNDO,BALVANERA,3
Gral Juan Lavalle,180000,12096000,1800,0,NO,67,SEGUNDO,BALVANERA,3
Avda.Entre Ríos 1056,1380000,92736000,2738,0,NO,67,SEGUNDO,BALVANERA,3
Bartolomé Mitre 1800,790000,53088000,673,0,NO,67,SEGUNDO,BALVANERA,3
SARANDI 314,110000,7392000,1467,0,NO,67,SEGUNDO,BALVANERA,3
"ALSINA, ADOLFO",122200,8211840,2600,0,NO,67,SEGUNDO,BALVANERA,3
Venezuela,80000,5376000,2759,0,NO,67,SEGUNDO,BALVANERA,3
Pres Jose E Uriburu,500000,33600000,1623,0,NO,67,SEGUNDO,BALVANERA,3
Hipolito Yrigoyen,250000,16800000,1250,0,NO,67,SEGUNDO,BALVANERA,3
Hipolito Yrigoyen y Cte de los Pozos,280000,18816000,1458,0,NO,67,SEGUNDO,BALVANERA,3
Mexico,78000,5241600,1814,0,NO,67,SEGUNDO,BALVANERA,3
Moreno al 1900,98000,6585600,784,0,NO,67,SEGUNDO,BALVANERA,3
Av. Belgrano Esquina Pichincha,699000,46972800,1536,0,NO,67,SEGUNDO,BALVANERA,3
Avenida Jujuy 500,250000,16800000,2083,0,NO,67,SEGUNDO,BALVANERA,3
Aguero al 700,150000,10080000,1875,0,NO,67,SEGUNDO,BALVANERA,3
Sarmiento 3067,69000,4636800,2091,0,NO,67,SEGUNDO,BALVANERA,3
Av. Rivadavia 2900,650000,43680000,2731,0,NO,67,SEGUNDO,BALVANERA,3
PASO,700000,47040000,2500,0,NO,67,SEGUNDO,BALVANERA,3
Ecuador,100000,6720000,4167,0,NO,67,SEGUNDO,BALVANERA,3
Valentin Gomez,85000,5712000,1417,0,NO,67,SEGUNDO,BALVANERA,3
Anchorena,165000,11088000,1941,0,NO,67,SEGUNDO,BALVANERA,3
AZCUENAGA,220000,14784000,1630,0,NO,67,SEGUNDO,BALVANERA,3
Dr J Jose Paso,190000,12768000,3167,0,NO,67,SEGUNDO,BALVANERA,3
Tucuman 2300,580000,38976000,2802,0,NO,67,SEGUNDO,BALVANERA,3
Junín y Lavalle,930000,62496000,1388,0,NO,67,SEGUNDO,BALVANERA,3
Dr T De Anchorena,84000,5644800,2100,0,NO,67,SEGUNDO,BALVANERA,3
Gral M De Azcuenaga,1100000,73920000,4000,0,NO,67,SEGUNDO,BALVANERA,3
BOULOGNE SUR MER 500,140000,9408000,2800,0,NO,67,SEGUNDO,BALVANERA,3
Corrientes,545000,36624000,3785,0,NO,67,SEGUNDO,BALVANERA,3
VIAMONTE,200000,13440000,1010,0,NO,67,SEGUNDO,BALVANERA,3
Aldolfo Alsina 2700,155000,10416000,1107,0,NO,67,SEGUNDO,BALVANERA,3
TUCUMAN,110000,7392000,2558,0,NO,67,SEGUNDO,BALVANERA,3
Aguero al 700,90000,6048000,1800,0,NO,67,SEGUNDO,BALVANERA,3
Paso al 600,495000,33264000,3808,0,NO,67,SEGUNDO,BALVANERA,3
CORRIENTES Y PASO,120000,8064000,3636,0,NO,67,SEGUNDO,BALVANERA,3
24 DE NOVIEMBRE 200,290000,19488000,1465,0,NO,67,SEGUNDO,BALVANERA,3
Valentin Gomez,120000,8064000,1818,0,NO,67,SEGUNDO,BALVANERA,3
Junin 400,1800000,120960000,2466,0,NO,67,SEGUNDO,BALVANERA,3
Av. Pueyrredon 631,560000,37632000,4148,0,NO,67,SEGUNDO,BALVANERA,3
Rivadavia,700000,47040000,2573,0,NO,67,SEGUNDO,BALVANERA,3
Pres Jose E Uriburu,195000,13104000,2826,0,NO,67,SEGUNDO,BALVANERA,3
venezuela al 3200,140000,9408000,2917,0,NO,67,SEGUNDO,BALVANERA,3
Av Independencia,59000,3964800,1475,0,NO,67,SEGUNDO,BALVANERA,3
Entre Rios 800,695000,46704000,1350,0,NO,67,SEGUNDO,BALVANERA,3
VENEZUELA,190000,12768000,1056,0,NO,67,SEGUNDO,BALVANERA,3
Pichincha al 800,140000,9408000,1647,0,NO,67,SEGUNDO,BALVANERA,3
Av. Venezuela,70000,4704000,2333,0,NO,67,SEGUNDO,BALVANERA,3
Viamonte 2168 - PB,450000,30240000,2922,0,NO,67,SEGUNDO,BALVANERA,3
Caseros,245000,16464000,2526,0,NO,67,SEGUNDO,CONSTITUCION,1
Av Caseros,100000,6720000,1429,0,NO,67,SEGUNDO,CONSTITUCION,1
"BRASIL, AV. 1300",1100000,73920000,4721,0,NO,67,SEGUNDO,CONSTITUCION,1
Constitucion,70000,4704000,1667,0,NO,67,SEGUNDO,CONSTITUCION,1
Pres Luis Saenz Peña,120000,8064000,1000,0,NO,67,SEGUNDO,CONSTITUCION,1
Av. Garay al 900,258000,17337600,1940,0,NO,67,SEGUNDO,CONSTITUCION,1
Carlos Calvo,471000,31651200,3000,0,NO,67,SEGUNDO,CONSTITUCION,1
Salta al 800,170000,11424000,1339,0,NO,67,SEGUNDO,CONSTITUCION,1
Av San Juan al 1300,110000,7392000,1222,0,NO,67,SEGUNDO,CONSTITUCION,1
Pres Luis Saenz Peña,50000,3360000,3125,0,NO,67,SEGUNDO,CONSTITUCION,1
COCHABAMBA,180000,12096000,1385,0,NO,67,SEGUNDO,CONSTITUCION,1
Avenida Juan de Garay al 900,330000,22176000,2481,0,NO,67,SEGUNDO,CONSTITUCION,1
Salta 1100,59900,4025280,689,0,NO,67,SEGUNDO,CONSTITUCION,1
Cochabamba al 900,44990,3023328,652,0,NO,67,SEGUNDO,CONSTITUCION,1
Carlos Calvo,89000,5980800,1078,0,NO,67,SEGUNDO,CONSTITUCION,1
Constitución al 1200 e/Salta y Sgo del Estero,39000,2620800,1300,0,NO,67,SEGUNDO,CONSTITUCION,1
Presidente Luis Saenz Peña 800,98000,6585600,990,0,NO,67,SEGUNDO,CONSTITUCION,1
Cochabamba al 1700,65000,4368000,1250,0,NO,67,SEGUNDO,CONSTITUCION,1
BRASIL,219000,14716800,1033,0,NO,67,SEGUNDO,CONSTITUCION,1
Av. Juan de Garay al 900,185000,12432000,1391,0,NO,67,SEGUNDO,CONSTITUCION,1
Piedras,55000,3696000,2000,0,NO,67,SEGUNDO,CONSTITUCION,1
"IRIGOYEN, BERNARDO DE 1300",175000,11760000,1577,0,NO,67,SEGUNDO,CONSTITUCION,1
Salta al 1100,60000,4032000,619,0,NO,67,SEGUNDO,CONSTITUCION,1
Piedras,260000,17472000,1857,0,NO,67,SEGUNDO,CONSTITUCION,1
"IRIGOYEN, BERNARDO DE",300000,20160000,2479,0,NO,67,SEGUNDO,CONSTITUCION,1
Estados Unidos al 800,75000,5040000,2885,0,NO,67,SEGUNDO,CONSTITUCION,1
Tacuari Al 1100,179000,12028800,2557,0,NO,67,SEGUNDO,CONSTITUCION,1
Bernardo de Irigoyen,700000,47040000,2333,0,NO,67,SEGUNDO,MONTSERRAT,1
venezuela al 400,130000,8736000,2131,0,NO,67,SEGUNDO,MONTSERRAT,1
Adolfo Alsina 1500 (y V. Cevallos),1100000,73920000,1184,0,NO,67,SEGUNDO,MONTSERRAT,1
SAN JOSE,182000,12230400,3872,0,NO,67,SEGUNDO,MONTSERRAT,1
AVENIDA INDEPENDENCIA,160000,10752000,618,0,NO,67,SEGUNDO,MONTSERRAT,1
Balcarce,250000,16800000,2632,0,NO,67,SEGUNDO,MONTSERRAT,1
Avenida Belgrano al 1600,1000000,67200000,2000,0,NO,67,SEGUNDO,MONTSERRAT,1
MORENO 838,900000,60480000,1800,0,NO,67,SEGUNDO,MONTSERRAT,1
"YRIGOYEN, HIPOLITO",178000,11961600,1483,0,NO,67,SEGUNDO,MONTSERRAT,1
LIMA,490000,32928000,3630,0,NO,67,SEGUNDO,MONTSERRAT,1
Avenida de Mayo 700,600000,40320000,4615,0,NO,67,SEGUNDO,MONTSERRAT,1
PIEDRAS,248000,16665600,1851,0,NO,67,SEGUNDO,MONTSERRAT,1
Av B Rivadavia,490000,32928000,625,0,NO,67,SEGUNDO,MONTSERRAT,1
Hipolito Yrigoyen al 600,320000,21504000,1739,0,NO,67,SEGUNDO,MONTSERRAT,1
Alsina al 700,275000,18480000,1250,0,NO,67,SEGUNDO,MONTSERRAT,1
Adolfo Alsina al 700,1800000,120960000,952,0,NO,67,SEGUNDO,MONTSERRAT,1
Venezuela 1729,110000,7392000,1642,0,NO,67,SEGUNDO,MONTSERRAT,1
Adolfo Alsina 1200,210000,14112000,1522,0,NO,67,SEGUNDO,MONTSERRAT,1
CHACABUCO,100000,6720000,2000,0,NO,67,SEGUNDO,MONTSERRAT,1
PIEDRAS al 100,248000,16665600,1837,0,NO,67,SEGUNDO,MONTSERRAT,1
Piedras 99,1125000,75600000,1264,0,NO,67,SEGUNDO,MONTSERRAT,1
Virrey Cevallos 654,110000,7392000,1467,0,NO,67,SEGUNDO,MONTSERRAT,1
"Yrigoyen, Hipolito al 1300",210000,14112000,1489,0,NO,67,SEGUNDO,MONTSERRAT,1
Luis Sanez Peña al 700,60000,4032000,1714,0,NO,67,SEGUNDO,MONTSERRAT,1
MEXICO,110000,7392000,1078,0,NO,67,SEGUNDO,MONTSERRAT,1
Peru 400,440000,29568000,1486,0,NO,67,SEGUNDO,MONTSERRAT,1
Av. Belgrano al 800 - Monserrat,399000,26812800,1500,0,NO,67,SEGUNDO,MONTSERRAT,1
Virrey Cevallos 300,350000,23520000,2134,0,NO,67,SEGUNDO,MONTSERRAT,1
Adolfo Alsina al 1500,850000,57120000,1228,0,NO,67,SEGUNDO,MONTSERRAT,1
Salta,190000,12768000,979,0,NO,67,SEGUNDO,MONTSERRAT,1
Luis Saenz Peña  al 400,58000,3897600,2636,0,NO,67,SEGUNDO,MONTSERRAT,1
Venezuela Esq Piedras,348000,23385600,1415,0,NO,67,SEGUNDO,MONTSERRAT,1
MEXICO,140000,9408000,1400,0,NO,67,SEGUNDO,MONTSERRAT,1
Peru  245,550000,36960000,1884,0,NO,67,SEGUNDO,MONTSERRAT,1
SALTA,300000,20160000,1667,0,NO,67,SEGUNDO,MONTSERRAT,1
ALSINA 1630,135000,9072000,1467,0,NO,67,SEGUNDO,MONTSERRAT,1
Salta 215,765000,51408000,712,0,NO,67,SEGUNDO,MONTSERRAT,1
H. Irigoyen y Tacuari,430000,28896000,1162,0,NO,67,SEGUNDO,MONTSERRAT,1
Mexico 1700,250000,16800000,1116,0,NO,67,SEGUNDO,MONTSERRAT,1
Chile,50000,3360000,1316,0,NO,67,SEGUNDO,MONTSERRAT,1
Tacuarí 214,410000,27552000,1367,0,NO,67,SEGUNDO,MONTSERRAT,1
San Jose 190,20000000,1344000000,1191,0,NO,67,SEGUNDO,MONTSERRAT,1
SOLÍS,56000,3763200,1842,0,NO,67,SEGUNDO,MONTSERRAT,1
Av de Mayo 1200,950000,63840000,2617,0,NO,67,SEGUNDO,MONTSERRAT,1
Salta 100,199000,13372800,2073,0,NO,67,SEGUNDO,MONTSERRAT,1
Moreno 1300,300000,20160000,534,0,NO,67,SEGUNDO,MONTSERRAT,1
Salta 500 (esquina Mejico),3800000,255360000,1350,0,NO,67,SEGUNDO,MONTSERRAT,1
Mexico 1288,112800,7580160,2051,0,NO,67,SEGUNDO,MONTSERRAT,1
Salta y Belgrano,99000,6652800,1000,0,NO,67,SEGUNDO,MONTSERRAT,1
av Belgrano al 1400,449000,30172800,1675,0,NO,67,SEGUNDO,MONTSERRAT,1
Santiago del Estero al 300,135000,9072000,1350,0,NO,67,SEGUNDO,MONTSERRAT,1
San José 800 e Independencia,68000,4569600,1236,0,NO,67,SEGUNDO,MONTSERRAT,1
Santiago del Estero,1100000,73920000,1109,0,NO,67,SEGUNDO,MONTSERRAT,1
San Jose 140,6653528,447117082,1188,0,NO,67,SEGUNDO,MONTSERRAT,1
MEXICO 1541,145000,9744000,1090,0,NO,67,SEGUNDO,MONTSERRAT,1
Salta al 300,210000,14112000,1273,0,NO,67,SEGUNDO,MONTSERRAT,1
AV DE MAYO,60000,4032000,2000,0,NO,67,SEGUNDO,MONTSERRAT,1
Alsina y Entre Rios,1000000,67200000,653,0,NO,67,SEGUNDO,MONTSERRAT,1
Solis,135000,9072000,1250,0,NO,67,SEGUNDO,MONTSERRAT,1
MORENO,160000,10752000,1026,0,NO,67,SEGUNDO,MONTSERRAT,1
Avenida de Mayo al 1400,1100000,73920000,4029,0,NO,67,SEGUNDO,MONTSERRAT,1
"YRIGOYEN, HIPOLITO",380000,25536000,1250,0,NO,67,SEGUNDO,MONTSERRAT,1
Pres Luis Saenz Peña,129000,8668800,1895,0,NO,67,SEGUNDO,MONTSERRAT,1
SANTIAGO DEL ESTERO,25000,1680000,1786,0,NO,67,SEGUNDO,MONTSERRAT,1
SOLIS 100,770000,51744000,1565,0,NO,67,SEGUNDO,MONTSERRAT,1
PIEDRAS 700,2700000,181440000,1566,0,NO,67,SEGUNDO,MONTSERRAT,1
Venezuela 400,320000,21504000,1231,0,NO,67,SEGUNDO,MONTSERRAT,1
Venezuela al 400,89000,5980800,2967,0,NO,67,SEGUNDO,MONTSERRAT,1
Venezuela,312000,20966400,1268,0,NO,67,SEGUNDO,MONTSERRAT,1
"Chile al 300, San Telmo - Doble frente",868000,58329600,1578,0,NO,67,SEGUNDO,MONTSERRAT,1
CHILE,280000,18816000,2800,0,NO,67,SEGUNDO,MONTSERRAT,1
CHILE,174000,11692800,870,0,NO,67,SEGUNDO,MONTSERRAT,1
México al 400,295000,19824000,1475,0,NO,67,SEGUNDO,MONTSERRAT,1
Chacabuco  al 400,150000,10080000,701,0,NO,67,SEGUNDO,MONTSERRAT,1
Chile al 900,280000,18816000,1647,0,NO,67,SEGUNDO,MONTSERRAT,1
La Rioja al 900,900000,60480000,2000,0,NO,67,SEGUNDO,SAN CRISTOBAL,3
ESTADOS UNIDOS,185000,12432000,849,0,NO,67,SEGUNDO,SAN CRISTOBAL,3
Estados Unidos 2824,1500000,100800000,638,0,NO,67,SEGUNDO,SAN CRISTOBAL,3
Catamarca 1000,150000,10080000,3409,0,NO,67,SEGUNDO,SAN CRISTOBAL,3
AVENIDA SAN JUAN,250000,16800000,4167,0,NO,67,SEGUNDO,SAN CRISTOBAL,3
Av Entre Rios,300000,20160000,1875,0,NO,67,SEGUNDO,SAN CRISTOBAL,3
Entre Rios,570000,38304000,2088,0,NO,67,SEGUNDO,SAN CRISTOBAL,3
Av. Entre Rios al 1600,105000,7056000,1591,0,NO,67,SEGUNDO,SAN CRISTOBAL,3
PASCO 1178,67000,4502400,1914,0,NO,67,SEGUNDO,SAN CRISTOBAL,3
Garay al 2900,340000,22848000,1133,0,NO,67,SEGUNDO,SAN CRISTOBAL,3
Av Entre Rios,58000,3897600,1160,0,NO,67,SEGUNDO,SAN CRISTOBAL,3
Combate de los Pozos al 1300,120000,8064000,1600,0,NO,67,SEGUNDO,SAN CRISTOBAL,3
Pavón Al 2600,104000,6988800,1040,0,NO,67,SEGUNDO,SAN CRISTOBAL,3
COMBATE DE LOS POZOS al 1200,65000,4368000,2031,0,NO,67,SEGUNDO,SAN CRISTOBAL,3
Av.Garay al 2500,270000,18144000,871,0,NO,67,SEGUNDO,SAN CRISTOBAL,3
Carlos Calvo 2900,87000,5846400,1706,0,NO,67,SEGUNDO,SAN CRISTOBAL,3
Alberti 1200,1300000,87360000,792,0,NO,67,SEGUNDO,SAN CRISTOBAL,3
Av Jujuy,115000,7728000,1983,0,NO,67,SEGUNDO,SAN CRISTOBAL,3
Pavon,69000,4636800,862,0,NO,67,SEGUNDO,SAN CRISTOBAL,3
Av San Juan,148000,9945600,4000,0,NO,67,SEGUNDO,SAN CRISTOBAL,3
Pavon,125000,8400000,1276,0,NO,67,SEGUNDO,SAN CRISTOBAL,3
Cerrito,25000,1680000,1786,0,NO,67,SEGUNDO,SAN NICOLAS,1
Mario Bravo al 800,190000,12768000,1979,0,NO,67,SEGUNDO,SAN NICOLAS,1
Gral Juan Lavalle,80000,5376000,4000,0,NO,67,SEGUNDO,SAN NICOLAS,1
Presidente Peron al 1200,650000,43680000,6190,0,NO,67,SEGUNDO,SAN NICOLAS,1
Peron al 1600,99000,6652800,1868,0,NO,67,SEGUNDO,SAN NICOLAS,1
Presidente Peron al 1200,1600000,107520000,5246,0,NO,67,SEGUNDO,SAN NICOLAS,1
Montevideo al 700,320000,21504000,2783,0,NO,67,SEGUNDO,SAN NICOLAS,1
LAVALLE,40000,2688000,741,0,NO,67,SEGUNDO,SAN NICOLAS,1
Maipu al 300,1900000,127680000,1118,0,NO,67,SEGUNDO,SAN NICOLAS,1
LAVALLE,320000,21504000,3678,0,NO,67,SEGUNDO,SAN NICOLAS,1
Avenida Corrientes al 1700,5000000,336000000,5000,0,NO,67,SEGUNDO,SAN NICOLAS,1
Lavalle al 700,1100000,73920000,6286,0,NO,67,SEGUNDO,SAN NICOLAS,1
"PELLEGRINI, CARLOS 755",280000,18816000,1986,0,NO,67,SEGUNDO,SAN NICOLAS,1
SARMIENTO 1500,650000,43680000,2826,0,NO,67,SEGUNDO,SAN NICOLAS,1
FLORIDA,150000,10080000,6250,0,NO,67,SEGUNDO,SAN NICOLAS,1
B Mitre,24000,1612800,923,0,NO,67,SEGUNDO,SAN NICOLAS,1
Montevideo,244000,16396800,1694,0,NO,67,SEGUNDO,SAN NICOLAS,1
Av. Corrientes al 500,137000,9206400,5269,0,NO,67,SEGUNDO,SAN NICOLAS,1
Tucumán,250000,16800000,4098,0,NO,67,SEGUNDO,SAN NICOLAS,1
Maipu,700000,47040000,1392,0,NO,67,SEGUNDO,SAN NICOLAS,1
Libertad al 400,750000,50400000,2500,0,NO,67,SEGUNDO,SAN NICOLAS,1
Maipu al 500,2500000,168000000,1667,0,NO,67,SEGUNDO,SAN NICOLAS,1
Suipacaha al 100,280000,18816000,2545,0,NO,67,SEGUNDO,SAN NICOLAS,1
B Mitre,550000,36960000,1222,0,NO,67,SEGUNDO,SAN NICOLAS,1
San Martin al 2300,350000,23520000,4023,0,NO,67,SEGUNDO,SAN NICOLAS,1
LIBERTAD,300000,20160000,6667,0,NO,67,SEGUNDO,SAN NICOLAS,1
Suipacha,65000,4368000,1912,0,NO,67,SEGUNDO,SAN NICOLAS,1
MONTEVIDEO,135000,9072000,1627,0,NO,67,SEGUNDO,SAN NICOLAS,1
Av Corrientes,98000,6585600,2722,0,NO,67,SEGUNDO,SAN NICOLAS,1
Tucuman,179000,12028800,1053,0,NO,67,SEGUNDO,SAN NICOLAS,1
Tte Gral Juan D Peron,160000,10752000,2000,0,NO,67,SEGUNDO,SAN NICOLAS,1
TUCUMAN /00,390000,26208000,1875,0,NO,67,SEGUNDO,SAN NICOLAS,1
VIAMONTE al 500,349999,23519933,3889,0,NO,67,SEGUNDO,SAN NICOLAS,1
LAVALLE,1200000,80640000,6316,0,NO,67,SEGUNDO,SAN NICOLAS,1
Carlos Pellegrini al 800,1500000,100800000,2143,0,NO,67,SEGUNDO,SAN NICOLAS,1
"RIVADAVIA, AVDA. al 1200",170000,11424000,1349,0,NO,67,SEGUNDO,SAN NICOLAS,1
URUGUAY al 300,590000,39648000,3688,0,NO,67,SEGUNDO,SAN NICOLAS,1
Suipacaha al 100,225000,15120000,2045,0,NO,67,SEGUNDO,SAN NICOLAS,1
TUCUMAN 900,200000,13440000,1429,0,NO,67,SEGUNDO,SAN NICOLAS,1
Av. Córdoba al 400,65000,4368000,2031,0,NO,67,SEGUNDO,SAN NICOLAS,1
RECONQUISTA al 100,15000000,1008000000,5769,0,NO,67,SEGUNDO,SAN NICOLAS,1
Rodriguez Peña 311,150000,10080000,2273,0,NO,67,SEGUNDO,SAN NICOLAS,1
Tucuman 764,25000,1680000,781,0,NO,67,SEGUNDO,SAN NICOLAS,1
LIBERTAD al 100,499000,33532800,3564,0,NO,67,SEGUNDO,SAN NICOLAS,1
Talcahuano 74,100000,6720000,3333,0,NO,67,SEGUNDO,SAN NICOLAS,1
Suipacha,229000,15388800,1380,0,NO,67,SEGUNDO,SAN NICOLAS,1
Lavalle al 700,800000,53760000,1839,0,NO,67,SEGUNDO,SAN NICOLAS,1
Viamonte al 800,260000,17472000,1548,0,NO,67,SEGUNDO,SAN NICOLAS,1
Rodriguez Peña 311/15,400000,26880000,2597,0,NO,67,SEGUNDO,SAN NICOLAS,1
25 de Mayo al 500,390000,26208000,1500,0,NO,67,SEGUNDO,SAN NICOLAS,1
Florida,79000,5308800,2633,0,NO,67,SEGUNDO,SAN NICOLAS,1
"Florida, Galería Jardín",77000,5174400,2333,0,NO,67,SEGUNDO,SAN NICOLAS,1
Tucuman 1400 y Parana,229000,15388800,1193,0,NO,67,SEGUNDO,SAN NICOLAS,1
Florida,220000,14784000,8148,0,NO,67,SEGUNDO,SAN NICOLAS,1
Lavalle 700,4000000,268800000,1667,0,NO,67,SEGUNDO,SAN NICOLAS,1
Viamonte 800,795000,53424000,1347,0,NO,67,SEGUNDO,SAN NICOLAS,1
Mitre al 600,1600000,107520000,1848,0,NO,67,SEGUNDO,SAN NICOLAS,1
Tucumán 600,150000,10080000,3947,0,NO,67,SEGUNDO,SAN NICOLAS,1
Florida al 400,87000,5846400,1933,0,NO,67,SEGUNDO,SAN NICOLAS,1
Florida al 500,275000,18480000,8871,0,NO,67,SEGUNDO,SAN NICOLAS,1
San Martín al 100,1350000,90720000,2250,0,NO,67,SEGUNDO,SAN NICOLAS,1
sarmiento,195500,13137600,2754,0,NO,67,SEGUNDO,SAN NICOLAS,1
Av. Corrientes al 500,45000,3024000,3000,0,NO,67,SEGUNDO,SAN NICOLAS,1
VIAMONTE al 500,620000,41664000,4000,0,NO,67,SEGUNDO,SAN NICOLAS,1
florida al 500,475000,31920000,9694,0,NO,67,SEGUNDO,SAN NICOLAS,1
Florida y Corrientes,45000,3024000,833,0,NO,67,SEGUNDO,SAN NICOLAS,1
Uruguay al 100,120000,8064000,1429,0,NO,67,SEGUNDO,SAN NICOLAS,1
Rivadavia 548,480000,32256000,3200,0,NO,67,SEGUNDO,SAN NICOLAS,1
Lavalle al 500,600000,40320000,5714,0,NO,67,SEGUNDO,SAN NICOLAS,1
Rivadavia al 1100,450000,30240000,692,0,NO,67,SEGUNDO,SAN NICOLAS,1
CERRITO al 100,500000,33600000,2326,0,NO,67,SEGUNDO,SAN NICOLAS,1
florida 400,45000,3024000,1000,0,NO,67,SEGUNDO,SAN NICOLAS,1
Montevideo,115000,7728000,3833,0,NO,67,SEGUNDO,SAN NICOLAS,1
Viamonte 1700,179000,12028800,3377,0,NO,67,SEGUNDO,SAN NICOLAS,1
J D PERON 1200,290000,19488000,1160,0,NO,67,SEGUNDO,SAN NICOLAS,1
Viamonte al 600,449000,30172800,879,0,NO,67,SEGUNDO,SAN NICOLAS,1
Avenida Roque Saenz Peña 950,5400000,362880000,1533,0,NO,67,SEGUNDO,SAN NICOLAS,1
Talcahuano,100000,6720000,1667,0,NO,67,SEGUNDO,SAN NICOLAS,1
Montevideo,165000,11088000,1500,0,NO,67,SEGUNDO,SAN NICOLAS,1
Libertad 700,850000,57120000,1318,0,NO,67,SEGUNDO,SAN NICOLAS,1
PERON 1400,190000,12768000,1810,0,NO,67,SEGUNDO,SAN NICOLAS,1
Nicolas Rodriguez Peña,92000,6182400,1296,0,NO,67,SEGUNDO,SAN NICOLAS,1
Libertad al 200,76000,5107200,3800,0,NO,67,SEGUNDO,SAN NICOLAS,1
Lavalle y Parana,2600000,174720000,929,0,NO,67,SEGUNDO,SAN NICOLAS,1
Florida y Lavalle,50000,3360000,1515,0,NO,67,SEGUNDO,SAN NICOLAS,1
SARMIENTO,490000,32928000,1907,0,NO,67,SEGUNDO,SAN NICOLAS,1
Local ideal gastronomia zona Tribunales,380000,25536000,2714,0,NO,67,SEGUNDO,SAN NICOLAS,1
Nicolas Rodriguez Peña,164000,11020800,2412,0,NO,67,SEGUNDO,SAN NICOLAS,1
Sarmiento y Reconquista,750000,50400000,7353,0,NO,67,SEGUNDO,SAN NICOLAS,1
Cerrito al 100,550000,36960000,2750,0,NO,67,SEGUNDO,SAN NICOLAS,1
Viamonte 1300,220000,14784000,1222,0,NO,67,SEGUNDO,SAN NICOLAS,1
Florida al 500,340000,22848000,9714,0,NO,67,SEGUNDO,SAN NICOLAS,1
Suipacha entre Perón y Sarmiento,285000,19152000,2111,0,NO,67,SEGUNDO,SAN NICOLAS,1
Bartolomé Mitre al 1200 e/ Libertad y Talcahuano,152000,10214400,626,0,NO,67,SEGUNDO,SAN NICOLAS,1
Rodriguez Peña 315,250000,16800000,2841,0,NO,67,SEGUNDO,SAN NICOLAS,1
MONTEVIDEO,389000,26140800,3777,0,NO,67,SEGUNDO,SAN NICOLAS,1
Libertad,45000,3024000,5625,0,NO,67,SEGUNDO,SAN NICOLAS,1
DIAGONAL NORTE,400000,26880000,7692,0,NO,67,SEGUNDO,SAN NICOLAS,1
VIAMONTE,580000,38976000,3718,0,NO,67,SEGUNDO,SAN NICOLAS,1
viamonte,70000,4704000,4375,0,NO,67,SEGUNDO,SAN NICOLAS,1
Domingo F Sarmiento,430000,28896000,1348,0,NO,67,SEGUNDO,SAN NICOLAS,1
"MITRE, BARTOLOME al 1400",198000,13305600,1015,0,NO,67,SEGUNDO,SAN NICOLAS,1
AV. DE MAYO,60000,4032000,1500,0,NO,67,SEGUNDO,SAN NICOLAS,1
Nicolas Rodriguez Peña,130000,8736000,1444,0,NO,67,SEGUNDO,SAN NICOLAS,1
RIVAROLA al 100,350000,23520000,1944,0,NO,67,SEGUNDO,SAN NICOLAS,1
Av Rivadavia,159000,10684800,636,0,NO,67,SEGUNDO,SAN NICOLAS,1
Bartolome Mitre al 1600,1850000,124320000,2490,0,NO,67,SEGUNDO,SAN NICOLAS,1
Alsina al 2700,170000,11424000,1197,0,NO,67,SEGUNDO,SAN NICOLAS,1
avenida san juan,480000,32256000,1116,0,NO,67,SEGUNDO,SAN NICOLAS,1
Humberto 1º al 900,342854,23039789,2271,0,NO,67,SEGUNDO,SAN TELMO,1
Av Paseo Colon,820704,55151309,5004,0,NO,67,SEGUNDO,SAN TELMO,1
DEFENSA,49000,3292800,1750,0,NO,67,SEGUNDO,SAN TELMO,1
Chacabuco,220000,14784000,1833,0,NO,67,SEGUNDO,SAN TELMO,1
"avenida huergo 900,y esquina Carlos calvo de Pb15*",770000,51744000,2567,0,NO,67,SEGUNDO,SAN TELMO,1
BOLIVAR 1500,780000,52416000,1114,0,NO,67,SEGUNDO,SAN TELMO,1
Balcarce 1300,122000,8198400,1694,0,NO,67,SEGUNDO,SAN TELMO,1
Av Paseo Colon,1022643,68721610,4989,0,NO,67,SEGUNDO,SAN TELMO,1
BOLIVAR,600000,40320000,1190,0,NO,67,SEGUNDO,SAN TELMO,1
Defensa 1300,1500000,100800000,1142,0,NO,67,SEGUNDO,SAN TELMO,1
CHACABUCO,140000,9408000,1321,0,NO,67,SEGUNDO,SAN TELMO,1
San Juan 800,650000,43680000,3023,0,NO,67,SEGUNDO,SAN TELMO,1
"Carlos calvo y avenida huergo,150 mts +150zotano,*",700000,47040000,2333,0,NO,67,SEGUNDO,SAN TELMO,1
Av. Paseo Colon 1000,295000,19824000,1152,0,NO,67,SEGUNDO,SAN TELMO,1
DEFENSA,155000,10416000,2246,0,NO,67,SEGUNDO,SAN TELMO,1
Defensa al 800,250000,16800000,4167,0,NO,67,SEGUNDO,SAN TELMO,1
Cochabamba 500,390000,26208000,1083,0,NO,67,SEGUNDO,SAN TELMO,1
Chacabuco,270000,18144000,2293,0,NO,67,SEGUNDO,SAN TELMO,1
PERU,85000,5712000,2671,0,NO,67,SEGUNDO,SAN TELMO,1
Av J De Garay,79500,5342400,3786,0,NO,67,SEGUNDO,SAN TELMO,1
Perú al 800,175000,11760000,2160,0,NO,67,SEGUNDO,SAN TELMO,1
Balcarce al 700,390000,26208000,2690,0,NO,67,SEGUNDO,SAN TELMO,1
Pje San Lorenzo,300000,20160000,949,0,NO,67,SEGUNDO,SAN TELMO,1
Humberto 1° y Av. Paseo Colón,300000,20160000,1875,0,NO,67,SEGUNDO,SAN TELMO,1
Defensa,90000,6048000,1552,0,NO,67,SEGUNDO,SAN TELMO,1
Local - Av. Paseo Colón y Brasil,1100000,73920000,4074,0,NO,67,SEGUNDO,SAN TELMO,1
Franklin D Roosevelt,70000,4704000,4667,0,NO,67,SEGUNDO,BELGRANO,13
AV.CABILDO,45000,3024000,2143,0,NO,67,SEGUNDO,BELGRANO,13
Avda del Libertador 6200,600000,40320000,2353,0,NO,67,SEGUNDO,BELGRANO,13
"Arcos 1800, Local Comercial",600000,40320000,5455,0,NO,67,SEGUNDO,BELGRANO,13
La Pampa al 2000,129000,8668800,3225,0,NO,67,SEGUNDO,BELGRANO,13
Soldado de la Independencia,112000,7526400,3027,0,NO,67,SEGUNDO,BELGRANO,13
AV. CABILDO al 2200 - Galería Las Vegas,29900,2009280,1300,0,NO,67,SEGUNDO,BELGRANO,13
Virrey del Pino,350000,23520000,1882,0,NO,67,SEGUNDO,BELGRANO,13
Blanco Encalada y Cuba,190000,12768000,2262,0,NO,67,SEGUNDO,BELGRANO,13
Ciudad De La Paz 1900,260000,17472000,5909,0,NO,67,SEGUNDO,BELGRANO,13
Soldado de la Independencia 970,850000,57120000,3080,0,NO,67,SEGUNDO,BELGRANO,13
Av. Cabildo al 2200,60000,4032000,1333,0,NO,67,SEGUNDO,BELGRANO,13
José Hernández 2700,300000,20160000,4762,0,NO,67,SEGUNDO,BELGRANO,13
Juramento,3800000,255360000,2266,0,NO,67,SEGUNDO,BELGRANO,13
Av. Cabildo al 1800,105000,7056000,5000,0,NO,67,SEGUNDO,BELGRANO,13
AV. CABILDO,37000,2486400,1947,0,NO,67,SEGUNDO,BELGRANO,13
Jose Hernandez 2724,385000,25872000,3850,0,NO,67,SEGUNDO,BELGRANO,13
Migueletes,1180000,79296000,4260,0,NO,67,SEGUNDO,BELGRANO,13
Monroe,621214,41745581,2127,0,NO,67,SEGUNDO,BELGRANO,13
Rivera al 3000,590000,39648000,3598,0,NO,67,SEGUNDO,BELGRANO,13
Blanco Encalada y Av. Cabildo,290000,19488000,5472,0,NO,67,SEGUNDO,BELGRANO,13
CIUDAD DE LA PAZ al 2200,68000,4569600,819,0,NO,67,SEGUNDO,BELGRANO,13
ECHEVERRIA,43000,2889600,2688,0,NO,67,SEGUNDO,BELGRANO,13
Monroe al 3100,2200000,147840000,3333,0,NO,67,SEGUNDO,BELGRANO,13
Monroe y Ciudad de la Paz,199900,13433280,3075,0,NO,67,SEGUNDO,BELGRANO,13
Blanco encalada al 2300,300000,20160000,3333,0,NO,67,SEGUNDO,BELGRANO,13
Blanco Encalada,150000,10080000,4286,0,NO,67,SEGUNDO,BELGRANO,13
Av. Cramer 2448 -  Belgrano - Local a la  (calle),97500,6552000,4875,0,NO,67,SEGUNDO,BELGRANO,13
Ciudad de la Paz entre Olazabal y Mendoza,937563,63004234,3301,0,NO,67,SEGUNDO,BELGRANO,13
Av Cabildo al 2300,78000,5241600,3900,0,NO,67,SEGUNDO,BELGRANO,13
Migueletes,1067000,71702400,4088,0,NO,67,SEGUNDO,BELGRANO,13
Echeverria,350000,23520000,3500,0,NO,67,SEGUNDO,BELGRANO,13
Ciudad de la Paz entre Olazabal y Mendoza,441474,29667053,3319,0,NO,67,SEGUNDO,BELGRANO,13
AMENABAR,275000,18480000,3526,0,NO,67,SEGUNDO,BELGRANO,13
Blanco encalada al 2300,300000,20160000,5769,0,NO,67,SEGUNDO,BELGRANO,13
Ciudad de la Paz entre Olazabal y Mendoza,496089,33337181,3307,0,NO,67,SEGUNDO,BELGRANO,13
ARCOS al 2400,298000,20025600,3239,0,NO,67,SEGUNDO,BELGRANO,13
Migueletes entre Juramento y Echeverría,2250000,151200000,4182,0,NO,67,SEGUNDO,BELGRANO,13
Luis Maria Campos al 1300,580000,38976000,4567,0,NO,67,SEGUNDO,BELGRANO,13
BLANCO ENCALADA,130000,8736000,3611,0,NO,67,SEGUNDO,BELGRANO,13
Echeverria al 2900,398000,26745600,3345,0,NO,67,SEGUNDO,BELGRANO,13
Av. Cabildo 2422,54900,3689280,1830,0,NO,67,SEGUNDO,BELGRANO,13
Ciudad De La Paz,120000,8064000,4356,0,NO,67,SEGUNDO,BELGRANO,13
Montañeses 1862 local,119900,8057280,2351,0,NO,67,SEGUNDO,BELGRANO,13
CUBA al 2200,408000,27417600,3517,0,NO,67,SEGUNDO,BELGRANO,13
Montañeses,195000,13104000,5000,0,NO,67,SEGUNDO,BELGRANO,13
MONROE al 2400,290000,19488000,4143,0,NO,67,SEGUNDO,BELGRANO,13
Av Cabildo,25000,1680000,1562,0,NO,67,SEGUNDO,BELGRANO,13
Av Cabildo,30000,2016000,2500,0,NO,67,SEGUNDO,BELGRANO,13
Zapiola 2000,18000,1209600,1500,0,NO,67,SEGUNDO,BELGRANO,13
PEDRO IGNACIO RIVERA al 2900,79900,5369280,1737,0,NO,67,SEGUNDO,BELGRANO,13
Migueletes al 2200,943700,63416640,5362,0,NO,67,SEGUNDO,BELGRANO,13
Monroe,280000,18816000,4179,0,NO,67,SEGUNDO,COGHLAN,12
Av. Dr. Ricardo Balbin 2811,62000,4166400,1879,0,NO,67,SEGUNDO,COGHLAN,12
Washington,82000,5510400,2562,0,NO,67,SEGUNDO,COGHLAN,12
Monroe 3854,85000,5712000,2125,0,NO,67,SEGUNDO,COGHLAN,12
Cap. Gral. Ramón Freire entre Dr. Pedro I. Rivera,145000,9744000,2900,0,NO,67,SEGUNDO,COGHLAN,12
WASHINGTON al 2700,125000,8400000,4310,0,NO,67,SEGUNDO,COGHLAN,12
Av. Cabildo al 400,390000,26208000,6000,0,NO,67,SEGUNDO,COLEGIALES,13
Virrey Olaguer y Feliu al 2500,215000,14448000,3525,0,NO,67,SEGUNDO,COLEGIALES,13
"Virrey Aviles 2710, CABA",350000,23520000,3500,0,NO,67,SEGUNDO,COLEGIALES,13
Teodoro Garcia,150000,10080000,4054,0,NO,67,SEGUNDO,COLEGIALES,13
Ciudad de la Paz 1069,178000,11961600,2198,0,NO,67,SEGUNDO,COLEGIALES,13
palpa 2450,134900,9065280,1729,0,NO,67,SEGUNDO,COLEGIALES,13
CONDE,95000,6384000,2021,0,NO,67,SEGUNDO,COLEGIALES,13
Ciudad De La Paz,188000,12633600,1938,0,NO,67,SEGUNDO,COLEGIALES,13
Amenabar 800,170000,11424000,2656,0,NO,67,SEGUNDO,COLEGIALES,13
Santos Dumont al 3400,300000,20160000,4286,0,NO,67,SEGUNDO,COLEGIALES,13
PALPA,390000,26208000,3000,0,NO,67,SEGUNDO,COLEGIALES,13
DORREGO 1711,345000,23184000,5308,0,NO,67,SEGUNDO,COLEGIALES,13
El Salvador,369600,24837120,4200,0,NO,67,SEGUNDO,COLEGIALES,13
Congreso al 1500,2600000,174720000,4333,0,NO,67,SEGUNDO,NUÑEZ,13
VIDAL,75000,5040000,3750,0,NO,67,SEGUNDO,NUÑEZ,13
Blanco Encalada al 1500,2000000,134400000,6061,0,NO,67,SEGUNDO,NUÑEZ,13
CUBA,120000,8064000,4444,0,NO,67,SEGUNDO,NUÑEZ,13
MOLDES,62800,4220160,2617,0,NO,67,SEGUNDO,NUÑEZ,13
Congreso al 1600,400000,26880000,3571,0,NO,67,SEGUNDO,NUÑEZ,13
Congreso 2361 Local Comercial,200000,13440000,6667,0,NO,67,SEGUNDO,NUÑEZ,13
Crisologo Larralde al 2200,730000,49056000,2281,0,NO,67,SEGUNDO,NUÑEZ,13
Quesada 2260,262650,17650080,5051,0,NO,67,SEGUNDO,NUÑEZ,13
Campos Salles 2350,135000,9072000,2935,0,NO,67,SEGUNDO,NUÑEZ,13
Libertador y Correa,2300000,154560000,6005,0,NO,67,SEGUNDO,NUÑEZ,13
DEHEZA,200000,13440000,3636,0,NO,67,SEGUNDO,NUÑEZ,13
IBERA al 2100,95000,6384000,1667,0,NO,67,SEGUNDO,NUÑEZ,13
Guayra,450000,30240000,2103,0,NO,67,SEGUNDO,NUÑEZ,13
Anasagasti al 2000,180000,12096000,3600,0,NO,67,SEGUNDO,PALERMO,14
Ortiz De Ocampo 2500,450000,30240000,3041,0,NO,67,SEGUNDO,PALERMO,14
Avenida Las Heras al 3600,4000000,268800000,5714,0,NO,67,SEGUNDO,PALERMO,14
Bulnes,515000,34608000,1966,0,NO,67,SEGUNDO,PALERMO,14
CABRERA al 5100,800000,53760000,2963,0,NO,67,SEGUNDO,PALERMO,14
Av Cnel Diaz,400000,26880000,3509,0,NO,67,SEGUNDO,PALERMO,14
Soler al 3500,500000,33600000,3571,0,NO,67,SEGUNDO,PALERMO,14
Humboldt 2337,499000,33532800,1980,0,NO,67,SEGUNDO,PALERMO,14
Avenida Cordoba al 3500,350000,23520000,2692,0,NO,67,SEGUNDO,PALERMO,14
Gral Guemes,119000,7996800,4407,0,NO,67,SEGUNDO,PALERMO,14
SILVIO L. RUGGIERI al 2700,320000,21504000,2353,0,NO,67,SEGUNDO,PALERMO,14
Avenida Cordoba al 3700,1200000,80640000,3000,0,NO,67,SEGUNDO,PALERMO,14
Malabia,1390000,93408000,5792,0,NO,67,SEGUNDO,PALERMO,14
Bulnes al 2500,1400000,94080000,4000,0,NO,67,SEGUNDO,PALERMO,14
Güemes 3215/21 Local,249000,16732800,4150,0,NO,67,SEGUNDO,PALERMO,14
Cabello al 3400,354000,23788800,4784,0,NO,67,SEGUNDO,PALERMO,14
Av Santa Fe,65000,4368000,2407,0,NO,67,SEGUNDO,PALERMO,14
Avenida Las Heras al 3500,650000,43680000,4062,0,NO,67,SEGUNDO,PALERMO,14
Beruti esq Julián Alvarez,320000,21504000,6809,0,NO,67,SEGUNDO,PALERMO,14
Charcas,400000,26880000,5000,0,NO,67,SEGUNDO,PALERMO,14
Jorge Newbery al 3400 (Av. Córdoba y Av. Alvarez,450000,30240000,3103,0,NO,67,SEGUNDO,PALERMO,14
Av F Lacroze,460000,30912000,2300,0,NO,67,SEGUNDO,PALERMO,14
Baez al 300,1400000,94080000,4000,0,NO,67,SEGUNDO,PALERMO,14
Baez al 200,1100000,73920000,4889,0,NO,67,SEGUNDO,PALERMO,14
Soldado de la Independencia al 700,160000,10752000,7273,0,NO,67,SEGUNDO,PALERMO,14
BAEZ  al 200,1090000,73248000,5317,0,NO,67,SEGUNDO,PALERMO,14
Teodoro Garcia al 1800,200000,13440000,4000,0,NO,67,SEGUNDO,PALERMO,14
Arévalo 3000,350000,23520000,2917,0,NO,67,SEGUNDO,PALERMO,14
Migueletes 623,235000,15792000,5222,0,NO,67,SEGUNDO,PALERMO,14
ESLOVENIA 1900,420000,28224000,2625,0,NO,67,SEGUNDO,PALERMO,14
Huergo,500000,33600000,3356,0,NO,67,SEGUNDO,PALERMO,14
Ortega y Gasset al 1800,530000,35616000,2865,0,NO,67,SEGUNDO,PALERMO,14
Baez 600,350000,23520000,4070,0,NO,67,SEGUNDO,PALERMO,14
AREVALO al 2800,990000,66528000,4714,0,NO,67,SEGUNDO,PALERMO,14
Humboldt al 1500,400000,26880000,2963,0,NO,67,SEGUNDO,PALERMO,14
Malabia al 2200,300000,20160000,3000,0,NO,67,SEGUNDO,PALERMO,14
HONDURAS,179500,12062400,1777,0,NO,67,SEGUNDO,PALERMO,14
Guise y Charcas,400000,26880000,2105,0,NO,67,SEGUNDO,PALERMO,14
Paraguay al 4900,160000,10752000,2424,0,NO,67,SEGUNDO,PALERMO,14
Paseo del Sol - Beruti 3334,590000,39648000,3933,0,NO,67,SEGUNDO,PALERMO,14
Rep De Honduras,159900,10745280,1599,0,NO,67,SEGUNDO,PALERMO,14
Juan Francisco Segui,330000,22176000,3000,0,NO,67,SEGUNDO,PALERMO,14
Bonpland,409000,27484800,3557,0,NO,67,SEGUNDO,PALERMO,14
Jeronimo Salguero al 1200,220000,14784000,3143,0,NO,67,SEGUNDO,PALERMO,14
Araoz al 2000,200000,13440000,3175,0,NO,67,SEGUNDO,PALERMO,14
"NEWBERY, JORGE",250000,16800000,4167,0,NO,67,SEGUNDO,PALERMO,14
Berutti,140000,9408000,4000,0,NO,67,SEGUNDO,PALERMO,14
"SALGUERO, JERONIMO1800 Piso PB",13000,873600,1625,0,NO,67,SEGUNDO,PALERMO,14
Jose Antonio Cabrera al 6000,440000,29568000,2514,0,NO,67,SEGUNDO,PALERMO,14
José Leon Pagano al 2700,960000,64512000,2365,0,NO,67,SEGUNDO,PALERMO,14
Arenales,219000,14716800,5214,0,NO,67,SEGUNDO,PALERMO,14
Soler al 3800,220000,14784000,1947,0,NO,67,SEGUNDO,PALERMO,14
SANTA FE AV,95000,6384000,1979,0,NO,67,SEGUNDO,PALERMO,14
Av. Santa Fe,1100000,73920000,3716,0,NO,67,SEGUNDO,PALERMO,14
Jose A Cabrera,323000,21705600,2605,0,NO,67,SEGUNDO,PALERMO,14
Jose I Gorriti,290000,19488000,2900,0,NO,67,SEGUNDO,PALERMO,14
Humboldt al 2400,350000,23520000,2244,0,NO,67,SEGUNDO,PALERMO,14
JERONOMO SALGUERO 1800,200000,13440000,3846,0,NO,67,SEGUNDO,PALERMO,14
GORRITI,180000,12096000,2769,0,NO,67,SEGUNDO,PALERMO,14
Guemes 3782,490000,32928000,2526,0,NO,67,SEGUNDO,PALERMO,14
CORDOBA,5500000,369600000,3501,0,NO,67,SEGUNDO,PALERMO,14
PARAGUAY,130000,8736000,3514,0,NO,67,SEGUNDO,PALERMO,14
AVENIDA SCALABRINI ORTIZ al 1900,359999,24191933,6000,0,NO,67,SEGUNDO,PALERMO,14
"MATIENZO, BENJAMIN",292300,19642560,3700,0,NO,67,SEGUNDO,PALERMO,14
Fray Sta Maria De Oro,195000,13104000,3900,0,NO,67,SEGUNDO,PALERMO,14
SOLER,205000,13776000,2847,0,NO,67,SEGUNDO,PALERMO,14
Vidt 1900  y Charcas,450000,30240000,1931,0,NO,67,SEGUNDO,PALERMO,14
Cerviño al 3300,620000,41664000,6200,0,NO,67,SEGUNDO,PALERMO,14
Charcas 4719,699000,46972800,3393,0,NO,67,SEGUNDO,PALERMO,14
FRANCISCO ACUÑA DE FIGUEROA al 1200,349999,23519933,8140,0,NO,67,SEGUNDO,PALERMO,14
Santos Dumont,105000,7056000,4200,0,NO,67,SEGUNDO,PALERMO,14
BONPLAND,225000,15120000,2419,0,NO,67,SEGUNDO,PALERMO,14
Guemes,129000,8668800,3583,0,NO,67,SEGUNDO,PALERMO,14
URIARTE,250800,16853760,3257,0,NO,67,SEGUNDO,PALERMO,14
ORO Y JUNCAL,450000,30240000,3814,0,NO,67,SEGUNDO,PALERMO,14
Guemes 4500,95000,6384000,3654,0,NO,67,SEGUNDO,PALERMO,14
Córdoba 5700,225000,15120000,2009,0,NO,67,SEGUNDO,PALERMO,14
Av Scalabrini Ortiz,110000,7392000,2821,0,NO,67,SEGUNDO,PALERMO,14
Malabia al 2200 entre Charcas y Paraguay,330000,22176000,4024,0,NO,67,SEGUNDO,PALERMO,14
AV. CÓRDOBA,976354,65611000,4499,0,NO,67,SEGUNDO,PALERMO,14
"CORDOBA, AVDA. 5900",620000,41664000,2818,0,NO,67,SEGUNDO,PALERMO,14
Avenida Cabildo,400000,26880000,7018,0,NO,67,SEGUNDO,PALERMO,14
Anasagasti,1500000,100800000,2778,0,NO,67,SEGUNDO,PALERMO,14
Arcos al 1100 esq Aguilar,650000,43680000,4643,0,NO,67,SEGUNDO,PALERMO,14
Borges al 2100,790000,53088000,2257,0,NO,67,SEGUNDO,PALERMO,14
Av. Raul Scalabrini Ortiz,1000000,67200000,4717,0,NO,67,SEGUNDO,PALERMO,14
BONPLAND,200000,13440000,2410,0,NO,67,SEGUNDO,PALERMO,14
Zapata al 100,82000,5510400,3280,0,NO,67,SEGUNDO,PALERMO,14
Charcas,549000,36892800,2614,0,NO,67,SEGUNDO,PALERMO,14
Zapata al 100,79000,5308800,3950,0,NO,67,SEGUNDO,PALERMO,14
av Scalabrini Ortiz,45000,3024000,523,0,NO,67,SEGUNDO,PALERMO,14
Paraguay al 4600,1050000,70560000,2059,0,NO,67,SEGUNDO,PALERMO,14
Fitz Roy y Av. Santa Fe,120000,8064000,4444,0,NO,67,SEGUNDO,PALERMO,14
Bonpland,270000,18144000,4355,0,NO,67,SEGUNDO,PALERMO,14
Lafinur al 2900,385000,25872000,5133,0,NO,67,SEGUNDO,PALERMO,14
Republica de la India 3139,660000,44352000,4314,0,NO,67,SEGUNDO,PALERMO,14
Cabello al 3500,175000,11760000,2431,0,NO,67,SEGUNDO,PALERMO,14
SOLER al 5700,180000,12096000,3158,0,NO,67,SEGUNDO,PALERMO,14
Cnel Arevalo,650000,43680000,3250,0,NO,67,SEGUNDO,PALERMO,14
Cordoba 5700 Local,523614,35186861,4223,0,NO,67,SEGUNDO,PALERMO,14
Bonpland y Guatemala,463240,31129728,3431,0,NO,67,SEGUNDO,PALERMO,14
José A. Cabrera entre Dorrego y Arévalo,430638,28938874,2626,0,NO,67,SEGUNDO,PALERMO,14
Fitz Roy,1500000,100800000,2451,0,NO,67,SEGUNDO,PALERMO,14
CORDOBA AV,325000,21840000,3385,0,NO,67,SEGUNDO,PALERMO,14
Fitz Roy 2400,700000,47040000,4636,0,NO,67,SEGUNDO,PALERMO,14
Bomplant,11000000,739200000,3438,0,NO,67,SEGUNDO,PALERMO,14
convencion al 1900,90000,6048000,2000,0,NO,67,SEGUNDO,PALERMO,14
Humboldt al 1500,1700000,114240000,5090,0,NO,67,SEGUNDO,PALERMO,14
Av Córdoba 5440,240000,16128000,2553,0,NO,67,SEGUNDO,PALERMO,14
Carranza 1300 Local,628572,42240038,4219,0,NO,67,SEGUNDO,PALERMO,14
Niceto Vega al 5600,350000,23520000,2518,0,NO,67,SEGUNDO,PALERMO,14
Fco. Acuña de Figueroa  al 1200,381000,25603200,8283,0,NO,67,SEGUNDO,PALERMO,14
Borges y Nicaragua,849900,57113280,2607,0,NO,67,SEGUNDO,PALERMO,14
NICETO VEGA  al 5500 ESQUINA FITZ ROY,599000,40252800,3328,0,NO,67,SEGUNDO,PALERMO,14
Uriarte,190000,12768000,3800,0,NO,67,SEGUNDO,PALERMO,14
Gurruchaga 1908,430000,28896000,4216,0,NO,67,SEGUNDO,PALERMO,14
Avenida Scalabrini Ortiz al 2000,1599999,107519933,5333,0,NO,67,SEGUNDO,PALERMO,14
Salguero esquina Cabrera,580000,38976000,4173,0,NO,67,SEGUNDO,PALERMO,14
Guatemala 4549,1250000,84000000,4682,0,NO,67,SEGUNDO,PALERMO,14
GODOY CRUZ 1655,2100000,141120000,2625,0,NO,67,SEGUNDO,PALERMO,14
Thames al 1400,1200000,80640000,2857,0,NO,67,SEGUNDO,PALERMO,14
HONDURAS,750000,50400000,6944,0,NO,67,SEGUNDO,PALERMO,14
ACUÑA DE FIGUEROA al 1200,299999,20159933,6000,0,NO,67,SEGUNDO,PALERMO,14
Jose I Gorriti,1100000,73920000,3438,0,NO,67,SEGUNDO,PALERMO,14
Alicia Moreau de Justo 1700,1500000,100800000,3158,0,NO,67,SEGUNDO,PUERTO MADERO,1
Rosario Vera Peñaloza al 300,3081680,207088896,7408,0,NO,67,SEGUNDO,PUERTO MADERO,1
Pierina Dealessi,770000,51744000,9277,0,NO,67,SEGUNDO,PUERTO MADERO,1
ARTMARIA DIQUE 1,2000000,134400000,2695,0,NO,67,SEGUNDO,PUERTO MADERO,1
Rosario Vera Peñaloza al 300,2365580,158966976,7279,0,NO,67,SEGUNDO,PUERTO MADERO,1
Av. Cordoba al 3100,1000000,67200000,8333,0,NO,67,SEGUNDO,RECOLETA,2
Sanchez de Bustamante al 1400,170000,11424000,3148,0,NO,67,SEGUNDO,RECOLETA,2
Avenida Pueyrredon al 2400,490000,32928000,8167,0,NO,67,SEGUNDO,RECOLETA,2
Aguero,295000,19824000,1686,0,NO,67,SEGUNDO,RECOLETA,2
Avenida Pueyrredon al 2400,450000,30240000,7500,0,NO,67,SEGUNDO,RECOLETA,2
Av Santa Fe al 1700,35000,2352000,1944,0,NO,67,SEGUNDO,RECOLETA,2
AV. CORDOBA al 3100,280000,18816000,1217,0,NO,67,SEGUNDO,RECOLETA,2
Av. Santa Fe 2400,50000,3360000,2273,0,NO,67,SEGUNDO,RECOLETA,2
PARANA al 1000,150000,10080000,2143,0,NO,67,SEGUNDO,RECOLETA,2
Avenida Santa Fe,1100000,73920000,6875,0,NO,67,SEGUNDO,RECOLETA,2
P. de Melo al 2900,263000,17673600,3329,0,NO,67,SEGUNDO,RECOLETA,2
Avenida Cordoba al 3300,500000,33600000,3846,0,NO,67,SEGUNDO,RECOLETA,2
Av Gral Las Heras,550000,36960000,4661,0,NO,67,SEGUNDO,RECOLETA,2
Avenida Cordoba al 3100,295000,19824000,1341,0,NO,67,SEGUNDO,RECOLETA,2
Av Cordoba,340000,22848000,5667,0,NO,67,SEGUNDO,RECOLETA,2
Vicente Lopez 1700,270000,18144000,4500,0,NO,67,SEGUNDO,RECOLETA,2
Pacheco De Melo,129000,8668800,1985,0,NO,67,SEGUNDO,RECOLETA,2
Av. Santa Fe 2450,27000,1814400,1500,0,NO,67,SEGUNDO,RECOLETA,2
Ayacucho al 1400,1300000,87360000,1368,0,NO,67,SEGUNDO,RECOLETA,2
Arenales al 2800,230000,15456000,8214,0,NO,67,SEGUNDO,RECOLETA,2
AGUERO,125000,8400000,4167,0,NO,67,SEGUNDO,RECOLETA,2
Av. Córdoba  al 2800,390000,26208000,1902,0,NO,67,SEGUNDO,RECOLETA,2
Av. Santa Fe al 2000,1500000,100800000,6000,0,NO,67,SEGUNDO,RECOLETA,2
Paraguay entre Anchorena y,420000,28224000,1892,0,NO,67,SEGUNDO,RECOLETA,2
Av Sta Fe al 1600,63000,4233600,5727,0,NO,67,SEGUNDO,RECOLETA,2
Avenida Cordoba 2800,350000,23520000,1707,0,NO,67,SEGUNDO,RECOLETA,2
Avenida Cordoba 2400,600000,40320000,5000,0,NO,67,SEGUNDO,RECOLETA,2
Juncal 2431,88000,5913600,917,0,NO,67,SEGUNDO,RECOLETA,2
Av Santa Fe,55000,3696000,1833,0,NO,67,SEGUNDO,RECOLETA,2
French al 2300,250000,16800000,1712,0,NO,67,SEGUNDO,RECOLETA,2
AV. SANTA FE 1441 UF 31 Y UF 33,19500,1310400,886,0,NO,67,SEGUNDO,RECOLETA,2
Pacheco De Melo,460000,30912000,3194,0,NO,67,SEGUNDO,RECOLETA,2
Av. Santa Fe y Ayacucho,1400000,94080000,8861,0,NO,67,SEGUNDO,RECOLETA,2
French al 2900,550000,36960000,2292,0,NO,67,SEGUNDO,RECOLETA,2
Av Santa Fe y Callao,39500,2654400,2633,0,NO,67,SEGUNDO,RECOLETA,2
Larrea,265000,17808000,2454,0,NO,67,SEGUNDO,RECOLETA,2
Arenales,300000,20160000,3333,0,NO,67,SEGUNDO,RECOLETA,2
Arenales al 1700,3300000,221760000,4714,0,NO,67,SEGUNDO,RECOLETA,2
Sanchez De Bustamante,120000,8064000,2727,0,NO,67,SEGUNDO,RECOLETA,2
Peña,167000,11222400,3976,0,NO,67,SEGUNDO,RECOLETA,2
Av. Santa Fe al 1500,47000,3158400,1741,0,NO,67,SEGUNDO,RECOLETA,2
Berutti al 3000,275000,18480000,2619,0,NO,67,SEGUNDO,RECOLETA,2
Arenales al 3100,1300000,87360000,7879,0,NO,67,SEGUNDO,RECOLETA,2
Posadas,400000,26880000,2667,0,NO,67,SEGUNDO,RECOLETA,2
Arenales al 2600,150000,10080000,1500,0,NO,67,SEGUNDO,RECOLETA,2
Arenales 1700,1950000,131040000,3545,0,NO,67,SEGUNDO,RECOLETA,2
Paraguay 2041,290317,19509302,2569,0,NO,67,SEGUNDO,RECOLETA,2
Ayacucho al 1200,280000,18816000,8485,0,NO,67,SEGUNDO,RECOLETA,2
Rodriguez Peña E/ Arenales y Av Santa Fe,120000,8064000,1043,0,NO,67,SEGUNDO,RECOLETA,2
Guido  1950 y  Pres. Roberto M. Ortiz,790000,53088000,3950,0,NO,67,SEGUNDO,RECOLETA,2
Guido 1900,255000,17136000,5000,0,NO,67,SEGUNDO,RECOLETA,2
Paraguay al 2000,280000,18816000,4590,0,NO,67,SEGUNDO,RECOLETA,2
Avenida Santa Fe 1500,24000,1612800,1333,0,NO,67,SEGUNDO,RECOLETA,2
Paraguay 2041,343995,23116464,1943,0,NO,67,SEGUNDO,RECOLETA,2
Marcelo T. de Alverar y Uriburu,550000,36960000,5914,0,NO,67,SEGUNDO,RECOLETA,2
Dr. Tomas De Anchorena 1775,175000,11760000,3241,0,NO,67,SEGUNDO,RECOLETA,2
Montevideo 800,190000,12768000,2375,0,NO,67,SEGUNDO,RECOLETA,2
Av Santa Fe,15000,1008000,652,0,NO,67,SEGUNDO,RECOLETA,2
AYACUCHO,250000,16800000,1984,0,NO,67,SEGUNDO,RECOLETA,2
AV. PUEYRREDON,320000,21504000,4923,0,NO,67,SEGUNDO,RECOLETA,2
Paraguay al 2400,330000,22176000,1675,0,NO,67,SEGUNDO,RECOLETA,2
"Avenida del Libertador al 1700, Recoleta - Local *",788000,52953600,9728,0,NO,67,SEGUNDO,RECOLETA,2
Gallo,250000,16800000,2273,0,NO,67,SEGUNDO,RECOLETA,2
Montevideo 900,310202,20845574,2926,0,NO,67,SEGUNDO,RECOLETA,2
Agüero y Av Santa Fe,312000,20966400,1560,0,NO,67,SEGUNDO,RECOLETA,2
Arenales al 2000,135000,9072000,964,0,NO,67,SEGUNDO,RECOLETA,2
Av. Cordoba 2600,395000,26544000,1717,0,NO,67,SEGUNDO,RECOLETA,2
Paraguay 2041,222181,14930563,2554,0,NO,67,SEGUNDO,RECOLETA,2
Gral Lucio Mansilla,89000,5980800,4045,0,NO,67,SEGUNDO,RECOLETA,2
Av Santa Fe 1500,29900,2009280,1107,0,NO,67,SEGUNDO,RECOLETA,2
Rodriguez Peña entre Arenales y Santa Fe.,680000,45696000,2787,0,NO,67,SEGUNDO,RECOLETA,2
CHARCAS,250000,16800000,3333,0,NO,67,SEGUNDO,RECOLETA,2
Anchorena al 1300 (Recoleta),205000,13776000,1289,0,NO,67,SEGUNDO,RECOLETA,2
AV. SANTA FE 1100,449000,30172800,7242,0,NO,67,SEGUNDO,RECOLETA,2
Paraguay 2041,182172,12241958,2566,0,NO,67,SEGUNDO,RECOLETA,2
Paraguay 2041,364739,24510461,1940,0,NO,67,SEGUNDO,RECOLETA,2
Beruti y Azcuénaga,1000000,67200000,2646,0,NO,67,SEGUNDO,RECOLETA,2
Montevideo al 1600,690000,46368000,4859,0,NO,67,SEGUNDO,RECOLETA,2
Laprida al 1700,415000,27888000,3705,0,NO,67,SEGUNDO,RECOLETA,2
AV. CÓRDOBA 3100,300000,20160000,2655,0,NO,67,SEGUNDO,RECOLETA,2
Arenales al 2000,260000,17472000,1806,0,NO,67,SEGUNDO,RECOLETA,2
Rodriguez Peña E/ Arenales y Av Santa Fe,120000,8064000,1034,0,NO,67,SEGUNDO,RECOLETA,2
Paraguay al 1500,1900000,127680000,2557,0,NO,67,SEGUNDO,RECOLETA,2
VICENTE LOPEZ 1900 - VTA LOCAL,240000,16128000,3750,0,NO,67,SEGUNDO,RECOLETA,2
Agüero al 2100,780000,52416000,5098,0,NO,67,SEGUNDO,RECOLETA,2
Soler 3200,188000,12633600,1414,0,NO,67,SEGUNDO,RECOLETA,2
SANTA FE al 1500,40900,2748480,1704,0,NO,67,SEGUNDO,RECOLETA,2
Avenida Santa Fe,6300000,423360000,2625,0,NO,67,SEGUNDO,RECOLETA,2
Ayacucho 1700,460000,30912000,2968,0,NO,67,SEGUNDO,RECOLETA,2
Callao al 1000,1290000,86688000,2016,0,NO,67,SEGUNDO,RECOLETA,2
AV PUEYRREDON,550000,36960000,3313,0,NO,67,SEGUNDO,RECOLETA,2
Montevideo   al 700,285000,19152000,2007,0,NO,67,SEGUNDO,RECOLETA,2
Av. Cordoba 1600,220000,14784000,1864,0,NO,67,SEGUNDO,RECOLETA,2
Cabrera,120000,8064000,2000,0,NO,67,SEGUNDO,RECOLETA,2
Arenales,220000,14784000,7857,0,NO,67,SEGUNDO,RECOLETA,2
BILLINGHURST,105000,7056000,2561,0,NO,67,SEGUNDO,RECOLETA,2
Av. Santa Fe,105000,7056000,5000,0,NO,67,SEGUNDO,RECOLETA,2
Paraguay,119900,8057280,3997,0,NO,67,SEGUNDO,RECOLETA,2
Billinghurst,130000,8736000,2031,0,NO,67,SEGUNDO,RECOLETA,2
Carlos Pellegrini 1255,750000,50400000,5725,0,NO,67,SEGUNDO,RETIRO,1
Av. Santa Fe al 1100,25000,1680000,1000,0,NO,67,SEGUNDO,RETIRO,1
Avenida Cordoba al 600,999000,67132800,3842,0,NO,67,SEGUNDO,RETIRO,1
Maipu al 700,1400000,94080000,1944,0,NO,67,SEGUNDO,RETIRO,1
Cerrito al 1000,490000,32928000,7538,0,NO,67,SEGUNDO,RETIRO,1
M. T. de Alvear al 1300,99000,6652800,4500,0,NO,67,SEGUNDO,RETIRO,1
Talcahuano al 1000 (Av. Santa Fe y M. T. Alvear),490000,32928000,4712,0,NO,67,SEGUNDO,RETIRO,1
Avenida Santa Fe 1100,550000,36960000,8462,0,NO,67,SEGUNDO,RETIRO,1
ARENALES,230000,15456000,7667,0,NO,67,SEGUNDO,RETIRO,1
Juncal al 1200,230000,15456000,5111,0,NO,67,SEGUNDO,RETIRO,1
Juncal,240000,16128000,6857,0,NO,67,SEGUNDO,RETIRO,1
Talcahuano al 1221,300000,20160000,1111,0,NO,67,SEGUNDO,RETIRO,1
Florida,97000,6518400,3129,0,NO,67,SEGUNDO,RETIRO,1
AVENIDA CORDOBA,650000,43680000,2802,0,NO,67,SEGUNDO,RETIRO,1
Paraguay al 600,290000,19488000,5800,0,NO,67,SEGUNDO,RETIRO,1
PARAGUAY,250000,16800000,4464,0,NO,67,SEGUNDO,RETIRO,1
Florida al 800,150000,10080000,4167,0,NO,67,SEGUNDO,RETIRO,1
Paraguay al 800,650000,43680000,2057,0,NO,67,SEGUNDO,RETIRO,1
FLORIDA,65000,4368000,1048,0,NO,67,SEGUNDO,RETIRO,1
Av. Cordoba al 600,320000,21504000,1088,0,NO,67,SEGUNDO,RETIRO,1
Av. Córdoba al 800,530000,35616000,5699,0,NO,67,SEGUNDO,RETIRO,1
florida,750000,50400000,2083,0,NO,67,SEGUNDO,RETIRO,1
Suipacha,160000,10752000,1455,0,NO,67,SEGUNDO,RETIRO,1
Rojas Y Reconquista,368000,24729600,3200,0,NO,67,SEGUNDO,RETIRO,1
AV. SANTA FE al 1100,38000,2553600,2000,0,NO,67,SEGUNDO,RETIRO,1
Suipacha al 1000,275000,18480000,1100,0,NO,67,SEGUNDO,RETIRO,1
Suipacha al 1300 entre Arroyo y Juncal,290000,19488000,3452,0,NO,67,SEGUNDO,RETIRO,1
Juncal al 600,175000,11760000,3571,0,NO,67,SEGUNDO,RETIRO,1
Suipacha al 1000,170000,11424000,2429,0,NO,67,SEGUNDO,RETIRO,1
Suipacha,40000,2688000,833,0,NO,67,SEGUNDO,RETIRO,1
Paraguay al al 700,225000,15120000,1324,0,NO,67,SEGUNDO,RETIRO,1
Suipacha al 900,15000,1008000,556,0,NO,67,SEGUNDO,RETIRO,1
Calle Suipacha,250000,16800000,2273,0,NO,67,SEGUNDO,RETIRO,1
Arenales,220000,14784000,6286,0,NO,67,SEGUNDO,RETIRO,1
DEL LIBERTADOR,298000,20025600,3548,0,NO,67,SEGUNDO,RETIRO,1
Av. Córdoba al 600 entre Florida y Maipú,1600000,107520000,6226,0,NO,67,SEGUNDO,RETIRO,1
PARAGUAY,550000,36960000,2619,0,NO,67,SEGUNDO,RETIRO,1
Av. Córdoba 456,40000,2688000,1250,0,NO,67,SEGUNDO,RETIRO,1
Suipacha al 1000,237000,15926400,3386,0,NO,67,SEGUNDO,RETIRO,1
Maipú al 800,405000,27216000,3553,0,NO,67,SEGUNDO,RETIRO,1
Cerrito  1000 y Av. Santa Fe,420000,28224000,6000,0,NO,67,SEGUNDO,RETIRO,1
Paraguay,330000,22176000,2357,0,NO,67,SEGUNDO,RETIRO,1
ARENALES al 900,250000,16800000,3731,0,NO,67,SEGUNDO,RETIRO,1
ARENALES Y LIBERTAD,650000,43680000,3250,0,NO,67,SEGUNDO,RETIRO,1
Libertad al 800,170000,11424000,2742,0,NO,67,SEGUNDO,RETIRO,1
Av De Los Constituyentes,70000,4704000,2593,0,NO,67,SEGUNDO,AGRONOMIA,15
RAMOS MEJIA 1000,290000,19488000,1495,0,NO,67,SEGUNDO,CABALLITO,6
POTOSI,95000,6384000,1583,0,NO,67,SEGUNDO,CABALLITO,6
Av. San Juan 4322,380000,25536000,1638,0,NO,67,SEGUNDO,CABALLITO,6
Av Gaona 1900,77000,5174400,1453,0,NO,67,SEGUNDO,CABALLITO,6
FEDERICO GARCIA LORCA,950000,63840000,774,0,NO,67,SEGUNDO,CABALLITO,6
"RIVADAVIA, AV.",195000,13104000,6290,0,NO,67,SEGUNDO,CABALLITO,6
AVELLANEDA Y ROJAS,108900,7318080,2722,0,NO,67,SEGUNDO,CABALLITO,6
Av. Alberdi 1333 (Hortiguera - Chirimay),160000,10752000,2581,0,NO,67,SEGUNDO,CABALLITO,6
Av. Jose M. Moreno al 200,840000,56448000,7304,0,NO,67,SEGUNDO,CABALLITO,6
Rojas 1071,90500,6081600,1006,0,NO,67,SEGUNDO,CABALLITO,6
Gral. Martín de Gainza al 500,54000,3628800,2455,0,NO,67,SEGUNDO,CABALLITO,6
Olaya al 1000,250000,16800000,3425,0,NO,67,SEGUNDO,CABALLITO,6
Bonifacio 500,159500,10718400,1994,0,NO,67,SEGUNDO,CABALLITO,6
"DIAZ VELEZ, AVDA. al 4700",155000,10416000,2925,0,NO,67,SEGUNDO,CABALLITO,6
DEL BARCO CENTENERA,650000,43680000,3037,0,NO,67,SEGUNDO,CABALLITO,6
F Doblas,528000,35481600,2164,0,NO,67,SEGUNDO,CABALLITO,6
Avenida Rivadavia al 6000,1300000,87360000,2889,0,NO,67,SEGUNDO,CABALLITO,6
Cnel A Figueroa,75000,5040000,3125,0,NO,67,SEGUNDO,CABALLITO,6
Yerbal al 100 (Campichuelo - Otamendi),140000,9408000,2333,0,NO,67,SEGUNDO,CABALLITO,6
Cucha Cucha Al 1000,85000,5712000,1889,0,NO,67,SEGUNDO,CABALLITO,6
Aranguren 400,140000,9408000,1647,0,NO,67,SEGUNDO,CABALLITO,6
Av Diaz Velez 4500,249900,16793280,1677,0,NO,67,SEGUNDO,CABALLITO,6
Calasanz al 219 (Formosa - Guayaquil),350000,23520000,3933,0,NO,67,SEGUNDO,CABALLITO,6
Pujol,50000,3360000,2778,0,NO,67,SEGUNDO,CABALLITO,6
Dr J F Aranguren,69000,4636800,1705,0,NO,67,SEGUNDO,CABALLITO,6
Av. Díaz Vélez 5501,1100000,73920000,3667,0,NO,67,SEGUNDO,CABALLITO,6
ACHAVAL al 400,65000,4368000,2500,0,NO,67,SEGUNDO,CABALLITO,6
Campichuelo,59000,3964800,2565,0,NO,67,SEGUNDO,CABALLITO,6
YERBAL,195000,13104000,2708,0,NO,67,SEGUNDO,CABALLITO,6
AV. PEDRO GOYENA,2700000,181440000,4500,0,NO,67,SEGUNDO,CABALLITO,6
Av. Del Barco Centenera 200,320000,21504000,2133,0,NO,67,SEGUNDO,CABALLITO,6
PAYSANDU 1100,140000,9408000,1207,0,NO,67,SEGUNDO,CABALLITO,6
Riglos 400,280000,18816000,3684,0,NO,67,SEGUNDO,CABALLITO,6
J Bonifacio,680000,45696000,2473,0,NO,67,SEGUNDO,CABALLITO,6
Yerbal al 800,232000,15590400,4070,0,NO,67,SEGUNDO,CABALLITO,6
NEUQUEN 944,299000,20092800,1495,0,NO,67,SEGUNDO,CABALLITO,6
Otamendi al 300,220000,14784000,2444,0,NO,67,SEGUNDO,CABALLITO,6
del barco centenera,159000,10684800,3975,0,NO,67,SEGUNDO,CABALLITO,6
JOSE BONIFACIO,269000,18076800,3165,0,NO,67,SEGUNDO,CABALLITO,6
Juan Bautista Alberdi,180000,12096000,2857,0,NO,67,SEGUNDO,CABALLITO,6
"ALBERDI, JUAN B., AV.",480000,32256000,2667,0,NO,67,SEGUNDO,CABALLITO,6
"AMBROSETTI, JUAN B.",260000,17472000,4000,0,NO,67,SEGUNDO,CABALLITO,6
Malvinas Argentinas,600000,40320000,6000,0,NO,67,SEGUNDO,CABALLITO,6
av. directorio 471,450000,30240000,2778,0,NO,67,SEGUNDO,CABALLITO,6
Rio De Janeiro,130000,8736000,4643,0,NO,67,SEGUNDO,CABALLITO,6
Yerbal al 100 (Campichuelo - Otamendi),115000,7728000,1917,0,NO,67,SEGUNDO,CABALLITO,6
Campichuelo 600,350000,23520000,729,0,NO,67,SEGUNDO,CABALLITO,6
Valle al 1000,340000,22848000,1545,0,NO,67,SEGUNDO,CABALLITO,6
Av. Juan B. Alberdi,260000,17472000,2167,0,NO,67,SEGUNDO,CABALLITO,6
"ALBERDI, JUAN B., AV.",110000,7392000,2444,0,NO,67,SEGUNDO,CABALLITO,6
Jose Maria Moreno,260000,17472000,1646,0,NO,67,SEGUNDO,CABALLITO,6
Martin De Gainza,55000,3696000,2391,0,NO,67,SEGUNDO,CABALLITO,6
Rojas,750000,50400000,3000,0,NO,67,SEGUNDO,CABALLITO,6
Forest 317,350000,23520000,1750,0,NO,67,SEGUNDO,CHACARITA,15
Av Corrientes 6400,175000,11760000,2333,0,NO,67,SEGUNDO,CHACARITA,15
Av. Corrientes al 6300,190000,12768000,1919,0,NO,67,SEGUNDO,CHACARITA,15
Caldas 300,210000,14112000,1055,0,NO,67,SEGUNDO,CHACARITA,15
Palpa al 3500,645000,43344000,675,0,NO,67,SEGUNDO,CHACARITA,15
Olleros al 4100,300000,20160000,1579,0,NO,67,SEGUNDO,CHACARITA,15
M Leiva,400000,26880000,730,0,NO,67,SEGUNDO,CHACARITA,15
"LEMOS, JUAN",79900,5369280,3196,0,NO,67,SEGUNDO,CHACARITA,15
Virrey Loreto,180000,12096000,1125,0,NO,67,SEGUNDO,CHACARITA,15
Federico Lacroze y Giribone,110000,7392000,791,0,NO,67,SEGUNDO,CHACARITA,15
"Av Cordoba al 6200, Colegiales - Local en venta",488000,32793600,1516,0,NO,67,SEGUNDO,CHACARITA,15
AV CORDOBA,380000,25536000,1520,0,NO,67,SEGUNDO,CHACARITA,15
CARRANZA ANGEL,195000,13104000,1757,0,NO,67,SEGUNDO,CHACARITA,15
BONPLAND,75000,5040000,2778,0,NO,67,SEGUNDO,CHACARITA,15
BONPLAND,48000,3225600,2400,0,NO,67,SEGUNDO,CHACARITA,15
CARRANZA ANGEL,140000,9408000,2222,0,NO,67,SEGUNDO,CHACARITA,15
Alvarez Thomas al 300,180000,12096000,4865,0,NO,67,SEGUNDO,CHACARITA,15
Av. Cordoba 5500,550000,36960000,3526,0,NO,67,SEGUNDO,CHACARITA,15
Av Warnes 1600,300000,20160000,1724,0,NO,67,SEGUNDO,CHACARITA,15
Av Warnes  1600,107000,7190400,1783,0,NO,67,SEGUNDO,CHACARITA,15
Dorrego 223,330000,22176000,1784,0,NO,67,SEGUNDO,CHACARITA,15
RAMIREZ DE VELASCO 1500,75000,5040000,2885,0,NO,67,SEGUNDO,CHACARITA,15
Avenida La Plata,200000,13440000,1482,0,NO,67,SEGUNDO,PARQUE CHACABUCO,7
Av La Plata,180000,12096000,1636,0,NO,67,SEGUNDO,PARQUE CHACABUCO,7
Av La Plata,325000,21840000,1204,0,NO,67,SEGUNDO,PARQUE CHACABUCO,7
Av. La Plata 1300,720000,48384000,1268,0,NO,67,SEGUNDO,PARQUE CHACABUCO,7
"LA PLATA, AVDA.",320000,21504000,3077,0,NO,67,SEGUNDO,PARQUE CHACABUCO,7
Av. La Plata 1200,255000,17136000,2629,0,NO,67,SEGUNDO,PARQUE CHACABUCO,7
Pueblo Miraflores,40000,2688000,1164,0,NO,67,SEGUNDO,PARQUE CHACABUCO,7
Eva Perón,17000,1142400,1889,0,NO,67,SEGUNDO,PARQUE CHACABUCO,7
Avenida Jose Maria Moreno,219000,14716800,619,0,NO,67,SEGUNDO,PARQUE CHACABUCO,7
Av Gdor L Vernet,58900,3958080,2454,0,NO,67,SEGUNDO,PARQUE CHACABUCO,7
Avelino Díaz 700,1850000,124320000,582,0,NO,67,SEGUNDO,PARQUE CHACABUCO,7
ZUVIRIA,310000,20832000,2650,0,NO,67,SEGUNDO,PARQUE CHACABUCO,7
Thorne 1356,50000,3360000,1667,0,NO,67,SEGUNDO,PARQUE CHACABUCO,7
Agustin de Vedia al 2100,700000,47040000,778,0,NO,67,SEGUNDO,PARQUE CHACABUCO,7
Del Barco Centenera,74500,5006400,1862,0,NO,67,SEGUNDO,PARQUE CHACABUCO,7
Av La Plata,1550000,104160000,1067,0,NO,67,SEGUNDO,PARQUE CHACABUCO,7
Av. Del Barco Centenera al 1700,74500,5006400,1774,0,NO,67,SEGUNDO,PARQUE CHACABUCO,7
Del Barco Centenera 1930,220000,14784000,728,0,NO,67,SEGUNDO,PARQUE CHACABUCO,7
AV JOSR M MORENO 1900,310000,20832000,3875,0,NO,67,SEGUNDO,PARQUE CHACABUCO,7
Zelarrayán 1800,95000,6384000,950,0,NO,67,SEGUNDO,PARQUE CHACABUCO,7
Del Barco de Centenera 1651,240000,16128000,596,0,NO,67,SEGUNDO,PARQUE CHACABUCO,7
Centenera 1200,180000,12096000,2250,0,NO,67,SEGUNDO,PARQUE CHACABUCO,7
Carlos Tejedor al 200,295000,19824000,1756,0,NO,67,SEGUNDO,PARQUE CHACABUCO,7
Vernet 109,110000,7392000,1864,0,NO,67,SEGUNDO,PARQUE CHACABUCO,7
Cobo 800,115000,7728000,1223,0,NO,67,SEGUNDO,PARQUE CHACABUCO,7
Del Barco Centenera 2100,99000,6652800,1193,0,NO,67,SEGUNDO,PARQUE CHACABUCO,7
Cucha Cucha al 2500,62500,4200000,1786,0,NO,67,SEGUNDO,PATERNAL,15
yerua 5000,160000,10752000,4571,0,NO,67,SEGUNDO,PATERNAL,15
Av. San Martín,500000,33600000,5814,0,NO,67,SEGUNDO,PATERNAL,15
Juan B Justo al 4100,250000,16800000,3571,0,NO,67,SEGUNDO,PATERNAL,15
Av. San Martin 2600,32500,2184000,1204,0,NO,67,SEGUNDO,PATERNAL,15
Maturin al 2300,600000,40320000,1099,0,NO,67,SEGUNDO,PATERNAL,15
Local en Venta Warnes al 1600,340000,22848000,2833,0,NO,67,SEGUNDO,PATERNAL,15
PUNTA ARENAS 1611. GALPON,770000,51744000,745,0,NO,67,SEGUNDO,PATERNAL,15
Paysandu al 2200,145000,9744000,3295,0,NO,67,SEGUNDO,PATERNAL,15
Paysandu al 2289,95000,6384000,3276,0,NO,67,SEGUNDO,PATERNAL,15
"Av, Cabildo al 3600",380000,25536000,1645,0,NO,67,SEGUNDO,SAAVEDRA,12
Cramer 3600,69500,4670400,2780,0,NO,67,SEGUNDO,SAAVEDRA,12
Av. San Isidro 4600,115000,7728000,5750,0,NO,67,SEGUNDO,SAAVEDRA,12
Ciudad De La Paz,480000,32256000,1333,0,NO,67,SEGUNDO,SAAVEDRA,12
Av Cabildo,590000,39648000,2360,0,NO,67,SEGUNDO,SAAVEDRA,12
Av. Cabildo 4700,1296000,87091200,3086,0,NO,67,SEGUNDO,SAAVEDRA,12
Ciudad de la paz al 3500,470000,31584000,1328,0,NO,67,SEGUNDO,SAAVEDRA,12
Cabildo al 4800,650000,43680000,5417,0,NO,67,SEGUNDO,SAAVEDRA,12
Vidal 3500,77000,5174400,2567,0,NO,67,SEGUNDO,SAAVEDRA,12
HOLMBERG,159250,10701600,2450,0,NO,67,SEGUNDO,SAAVEDRA,12
Balbin Av. al 3700,372000,24998400,2548,0,NO,67,SEGUNDO,SAAVEDRA,12
ARIAS ENTRE MELIAN Y ROQUE PEREZ,495000,33264000,1639,0,NO,67,SEGUNDO,SAAVEDRA,12
Mariano Acha al 3800,140000,9408000,1687,0,NO,67,SEGUNDO,SAAVEDRA,12
Avenida San Isidro Labrador,495000,33264000,3173,0,NO,67,SEGUNDO,SAAVEDRA,12
J Melian,620000,41664000,2222,0,NO,67,SEGUNDO,SAAVEDRA,12
LAVOISIER,90000,6048000,2250,0,NO,67,SEGUNDO,SAAVEDRA,12
Balbin 4198 PB,400000,26880000,2260,0,NO,67,SEGUNDO,SAAVEDRA,12
GARCIA DEL RIO,135100,9078720,2252,0,NO,67,SEGUNDO,SAAVEDRA,12
Conde 3677 | Local,63000,4233600,1800,0,NO,67,SEGUNDO,SAAVEDRA,12
Plaza 4171,71000,4771200,1449,0,NO,67,SEGUNDO,SAAVEDRA,12
Cnel J Pringles,520000,34944000,4194,0,NO,67,SEGUNDO,VILLA CRESPO,15
Cnel J Pringles,105000,7056000,1500,0,NO,67,SEGUNDO,VILLA CRESPO,15
"Justo, Juan B. Avda 3900",75000,5040000,4688,0,NO,67,SEGUNDO,VILLA CRESPO,15
Angel Gallardo 1000,295000,19824000,3430,0,NO,67,SEGUNDO,VILLA CRESPO,15
Antezana al 500,750000,50400000,2294,0,NO,67,SEGUNDO,VILLA CRESPO,15
Av. Honorio Pueyrredon al 1200,165000,11088000,2062,0,NO,67,SEGUNDO,VILLA CRESPO,15
Mario Bernasconi,230000,15456000,1769,0,NO,67,SEGUNDO,VILLA CRESPO,15
Mario Bernasconi,285000,19152000,2192,0,NO,67,SEGUNDO,VILLA CRESPO,15
LISANDRO DE LA TORRE,55000,3696000,2165,0,NO,67,SEGUNDO,VILLA CRESPO,15
Gurruchaga 1000,650000,43680000,6500,0,NO,67,SEGUNDO,VILLA CRESPO,15
Av. Scalabrini Ortiz al 1000,2800000,188160000,5185,0,NO,67,SEGUNDO,VILLA CRESPO,15
Gurruchaga 974,1100000,73920000,6790,0,NO,67,SEGUNDO,VILLA CRESPO,15
Gurruchaga al 1000,780000,52416000,6500,0,NO,67,SEGUNDO,VILLA CRESPO,15
"CORDOBA, AVDA.",500000,33600000,5682,0,NO,67,SEGUNDO,VILLA CRESPO,15
guardia vieja 4600,485000,32592000,5105,0,NO,67,SEGUNDO,VILLA CRESPO,15
Aguirre 900,450000,30240000,3462,0,NO,67,SEGUNDO,VILLA CRESPO,15
Av Cordoba,450000,30240000,1957,0,NO,67,SEGUNDO,VILLA CRESPO,15
Av. Córdoba al 5100,490000,32928000,2450,0,NO,67,SEGUNDO,VILLA CRESPO,15
Gurruchaga 700,1300000,87360000,6500,0,NO,67,SEGUNDO,VILLA CRESPO,15
Gurruchaga 900,1700000,114240000,5667,0,NO,67,SEGUNDO,VILLA CRESPO,15
Gurruchaga 974,1100000,73920000,6111,0,NO,67,SEGUNDO,VILLA CRESPO,15
URIARTE,460000,30912000,1278,0,NO,67,SEGUNDO,VILLA CRESPO,15
Avenida Angel Gallardo 599,470000,31584000,1343,0,NO,67,SEGUNDO,VILLA CRESPO,15
Galeria Galecor Corrientes al 5200,34900,2345280,1662,0,NO,67,SEGUNDO,VILLA CRESPO,15
Av. Córdoba 4300,700000,47040000,2397,0,NO,67,SEGUNDO,VILLA CRESPO,15
CAMARGO al 400,97000,6518400,3880,0,NO,67,SEGUNDO,VILLA CRESPO,15
"CORRIENTES, AVDA. 5200",95000,6384000,3167,0,NO,67,SEGUNDO,VILLA CRESPO,15
Velasco 800,320000,21504000,2406,0,NO,67,SEGUNDO,VILLA CRESPO,15
Av Dr Juan Bautista Justo,850000,57120000,1631,0,NO,67,SEGUNDO,VILLA CRESPO,15
Camargo al 800,138000,9273600,2000,0,NO,67,SEGUNDO,VILLA CRESPO,15
Scalabrini Ortiz,400000,26880000,1000,0,NO,67,SEGUNDO,VILLA CRESPO,15
Serrano 400,680000,45696000,1206,0,NO,67,SEGUNDO,VILLA CRESPO,15
Juan B Justo 2800,600000,40320000,1796,0,NO,67,SEGUNDO,VILLA CRESPO,15
Murillo 600,219000,14716800,4867,0,NO,67,SEGUNDO,VILLA CRESPO,15
AGUIRRE,95000,6384000,3167,0,NO,67,SEGUNDO,VILLA CRESPO,15
Gurruchaga al 1000,750000,50400000,6250,0,NO,67,SEGUNDO,VILLA CRESPO,15
Ramirez DE Velasco 100,250000,16800000,2155,0,NO,67,SEGUNDO,VILLA CRESPO,15
Julian Alvarez 500,199000,13372800,1877,0,NO,67,SEGUNDO,VILLA CRESPO,15
LOYOLA,350000,23520000,2059,0,NO,67,SEGUNDO,VILLA CRESPO,15
Av Dr Juan Bautista Justo,850000,57120000,3617,0,NO,67,SEGUNDO,VILLA CRESPO,15
Darwin al 500,199000,13372800,1106,0,NO,67,SEGUNDO,VILLA CRESPO,15
Av Dr Juan Bautista Justo,650000,43680000,4483,0,NO,67,SEGUNDO,VILLA CRESPO,15
JUFRE,70000,4704000,3043,0,NO,67,SEGUNDO,VILLA CRESPO,15
CASTILLO 200,120000,8064000,3077,0,NO,67,SEGUNDO,VILLA CRESPO,15
"BERNASCONI, PJE. al 2200",270000,18144000,2288,0,NO,67,SEGUNDO,VILLA CRESPO,15
Juan B Justo 3200,390000,26208000,4875,0,NO,67,SEGUNDO,VILLA CRESPO,15
Pedro D Murillo,245000,16464000,3224,0,NO,67,SEGUNDO,VILLA CRESPO,15
M Antezana,80000,5376000,2286,0,NO,67,SEGUNDO,VILLA CRESPO,15
Av Dr Juan Bautista Justo,55000,3696000,1964,0,NO,67,SEGUNDO,VILLA CRESPO,15
CASTILLO,135000,9072000,7105,0,NO,67,SEGUNDO,VILLA CRESPO,15
"Luis María Drago al 300, CABA",149000,10012800,3725,0,NO,67,SEGUNDO,VILLA CRESPO,15
M Bernasconi,280000,18816000,2393,0,NO,67,SEGUNDO,VILLA CRESPO,15
"CORRIENTES, AVDA. 5700",600000,40320000,1024,0,NO,67,SEGUNDO,VILLA CRESPO,15
P Del Castillo,53000,3561600,1359,0,NO,67,SEGUNDO,VILLA CRESPO,15
CAMARGO al 500,180000,12096000,4000,0,NO,67,SEGUNDO,VILLA CRESPO,15
Gurruchaga al 300,150000,10080000,2500,0,NO,67,SEGUNDO,VILLA CRESPO,15
Padilla y Scalabrini Ortiz,295000,19824000,778,0,NO,67,SEGUNDO,VILLA CRESPO,15
Av. Corrientes al 5600,300000,20160000,4762,0,NO,67,SEGUNDO,VILLA CRESPO,15
Padilla al 700,84000,5644800,2897,0,NO,67,SEGUNDO,VILLA CRESPO,15
Av Corrientes,200000,13440000,7407,0,NO,67,SEGUNDO,VILLA CRESPO,15
JULIAN ALVAREZ 600,299000,20092800,1438,0,NO,67,SEGUNDO,VILLA CRESPO,15
Vera 1037,175000,11760000,2273,0,NO,67,SEGUNDO,VILLA CRESPO,15
Ramirez DE Velasco 500,180000,12096000,4865,0,NO,67,SEGUNDO,VILLA CRESPO,15
Araoz,570000,38304000,1390,0,NO,67,SEGUNDO,VILLA CRESPO,15
Av Scalabrini Ortiz,375000,25200000,1829,0,NO,67,SEGUNDO,VILLA CRESPO,15
JULIAN ALVAREZ Y DRAGO,1250000,84000000,1412,0,NO,67,SEGUNDO,VILLA CRESPO,15
"JUSTO, JUAN B. AVDA.",115000,7728000,3833,0,NO,67,SEGUNDO,VILLA CRESPO,15
Olaya 1700,420000,28224000,1556,0,NO,67,SEGUNDO,VILLA CRESPO,15
"DRAGO, LUIS MARÍA",180000,12096000,3600,0,NO,67,SEGUNDO,VILLA CRESPO,15
"DRAGO, LUIS MARIA 300",149000,10012800,3921,0,NO,67,SEGUNDO,VILLA CRESPO,15
Murillo 900,70000,4704000,2333,0,NO,67,SEGUNDO,VILLA CRESPO,15
MALABIA al 300,399000,26812800,3325,0,NO,67,SEGUNDO,VILLA CRESPO,15
J Alvarez,180000,12096000,1091,0,NO,67,SEGUNDO,VILLA CRESPO,15
corrientes al 5500,269000,18076800,1494,0,NO,67,SEGUNDO,VILLA CRESPO,15
ARAOZ,300000,20160000,1523,0,NO,67,SEGUNDO,VILLA CRESPO,15
Julian Alvarez 831,195000,13104000,1950,0,NO,67,SEGUNDO,VILLA CRESPO,15
Av Cnel I Warnes,420000,28224000,1944,0,NO,67,SEGUNDO,VILLA CRESPO,15
Loyola 700,365000,24528000,6083,0,NO,67,SEGUNDO,VILLA CRESPO,15
Av Dr Juan Bautista Justo,1250000,84000000,2404,0,NO,67,SEGUNDO,VILLA CRESPO,15
Av A Gallardo,225000,15120000,3750,0,NO,67,SEGUNDO,VILLA CRESPO,15
Vera,75000,5040000,6818,0,NO,67,SEGUNDO,VILLA CRESPO,15
Av Scalabrini Ortiz,295000,19824000,2682,0,NO,67,SEGUNDO,VILLA CRESPO,15
CASTILLO 200,153000,10281600,3060,0,NO,67,SEGUNDO,VILLA CRESPO,15
AV. CORRIENTES,40000,2688000,2667,0,NO,67,SEGUNDO,VILLA CRESPO,15
Luis Viale al 200,75000,5040000,1210,0,NO,67,SEGUNDO,VILLA CRESPO,15
Murillo al 900,79900,5369280,2663,0,NO,67,SEGUNDO,VILLA CRESPO,15
Av. Juan B. Justo 2400,300000,20160000,2609,0,NO,67,SEGUNDO,VILLA CRESPO,15
SERRANO al 400,250000,16800000,3846,0,NO,67,SEGUNDO,VILLA CRESPO,15
Araoz  al 200,175000,11760000,2160,0,NO,67,SEGUNDO,VILLA CRESPO,15
Luis María Drago,320000,21504000,2286,0,NO,67,SEGUNDO,VILLA CRESPO,15
Scalabrini Ortiz al 400,550000,36960000,909,0,NO,67,SEGUNDO,VILLA CRESPO,15
Loyola al 800,500000,33600000,2500,0,NO,67,SEGUNDO,VILLA CRESPO,15
Juan B. Justo 3375- Villa Crespo,1250000,84000000,2399,0,NO,67,SEGUNDO,VILLA CRESPO,15
Av Dr Juan Bautista Justo,350000,23520000,4118,0,NO,67,SEGUNDO,VILLA CRESPO,15
JUAN RAMIREZ DE VELASCO,220000,14784000,3667,0,NO,67,SEGUNDO,VILLA CRESPO,15
SERRANO,185000,12432000,1968,0,NO,67,SEGUNDO,VILLA CRESPO,15
Julian Alvarez 600,150000,10080000,938,0,NO,67,SEGUNDO,VILLA CRESPO,15
Lavalleja,150000,10080000,2727,0,NO,67,SEGUNDO,VILLA CRESPO,15
JosÉ Cubas,99000,6652800,4950,0,NO,67,SEGUNDO,VILLA CRESPO,15
Av. Gavilan,900000,60480000,2217,0,NO,67,SEGUNDO,VILLA DEL PARQUE,11
Emilio Lamarca 1919,75000,5040000,1667,0,NO,67,SEGUNDO,VILLA DEL PARQUE,11
BAIGORRIA 2400,50000,3360000,3125,0,NO,67,SEGUNDO,VILLA DEL PARQUE,11
Av. Alvarez Jonte,76000,5107200,1986,0,NO,67,SEGUNDO,VILLA DEL PARQUE,11
Ricardo Gutierrez,295000,19824000,2305,0,NO,67,SEGUNDO,VILLA DEL PARQUE,11
TINOGASTA,110000,7392000,880,0,NO,67,SEGUNDO,VILLA DEL PARQUE,11
Adolfo P Carranza,59000,3964800,2185,0,NO,67,SEGUNDO,VILLA DEL PARQUE,11
Nogoya 3500,89000,5980800,3179,0,NO,67,SEGUNDO,VILLA DEL PARQUE,11
Gral Jose G Artigas,95000,6384000,3519,0,NO,67,SEGUNDO,VILLA DEL PARQUE,11
Concordia,180000,12096000,1800,0,NO,67,SEGUNDO,VILLA DEL PARQUE,11
Lavallol 2500,79000,5308800,1612,0,NO,67,SEGUNDO,VILLA DEL PARQUE,11
Nogoya,95000,6384000,4130,0,NO,67,SEGUNDO,VILLA DEL PARQUE,11
Av Nazca,90000,6048000,2250,0,NO,67,SEGUNDO,VILLA DEL PARQUE,11
"ALVAREZ JONTE, AV. al 2700",99000,6652800,3194,0,NO,67,SEGUNDO,VILLA DEL PARQUE,11
Nogoya,270000,18144000,3214,0,NO,67,SEGUNDO,VILLA DEL PARQUE,11
AV.NAZCA,155000,10416000,2214,0,NO,67,SEGUNDO,VILLA DEL PARQUE,11
PEDRO LOZANO,92000,6182400,2244,0,NO,67,SEGUNDO,VILLA DEL PARQUE,11
San Martin y Nazca,650000,43680000,1625,0,NO,67,SEGUNDO,VILLA DEL PARQUE,11
AV NAZCA 2572,180000,12096000,1565,0,NO,67,SEGUNDO,VILLA DEL PARQUE,11
CARRANZA,280000,18816000,1273,0,NO,67,SEGUNDO,VILLA DEL PARQUE,11
CARACAS,200000,13440000,1351,0,NO,67,SEGUNDO,VILLA DEL PARQUE,11
Emilio Lamarca al 2000,119999,8063933,1500,0,NO,67,SEGUNDO,VILLA DEL PARQUE,11
Santo Tome,450000,30240000,1915,0,NO,67,SEGUNDO,VILLA DEL PARQUE,11
Nogoyá 4098 esquina Chivilcoy,182000,12230400,3640,0,NO,67,SEGUNDO,VILLA DEVOTO SUR,11
Nogoya,522000,35078400,2546,0,NO,67,SEGUNDO,VILLA DEVOTO SUR,11
Ramon Lista 5200,310000,20832000,1879,0,NO,67,SEGUNDO,VILLA DEVOTO SUR,11
RAMON LISTA 5200,310000,20832000,1890,0,NO,67,SEGUNDO,VILLA DEVOTO SUR,11
Nogoyá N°4546,238000,15993600,1190,0,NO,67,SEGUNDO,VILLA DEVOTO SUR,11
LOCAL COMERCIAL Nogoyá 4123,75000,5040000,3000,0,NO,67,SEGUNDO,VILLA DEVOTO SUR,11
Av. Fco. Beiro,750000,50400000,2500,0,NO,67,SEGUNDO,VILLA DEVOTO SUR,11
Sanabria,105000,7056000,4165,0,NO,67,SEGUNDO,VILLA DEVOTO SUR,11
SANABRIA,90000,6048000,2727,0,NO,67,SEGUNDO,VILLA DEVOTO SUR,11
Av F Beiro,55800,3749760,2862,0,NO,67,SEGUNDO,VILLA DEVOTO SUR,11
Av Triunvirato,300000,20160000,3659,0,NO,67,SEGUNDO,VILLA ORTUZAR,15
Combatientes De Malvinas 3000,8000000,537600000,2162,0,NO,67,SEGUNDO,VILLA ORTUZAR,15
Tronador,45000,3024000,1552,0,NO,67,SEGUNDO,VILLA ORTUZAR,15
AV.ALVAREZ THOMAS,195000,13104000,2955,0,NO,67,SEGUNDO,VILLA ORTUZAR,15
"TRIUNVIRATO, AV. 3100",400000,26880000,2151,0,NO,67,SEGUNDO,VILLA ORTUZAR,15
G Mistral,210000,14112000,1944,0,NO,67,SEGUNDO,VILLA PUEYRREDON,12
AV.NAZCA,89000,5980800,2697,0,NO,67,SEGUNDO,VILLA PUEYRREDON,12
AVENIDA SALVADOR MARÍA DEL CARRIL,155000,10416000,3605,0,NO,67,SEGUNDO,VILLA PUEYRREDON,12
OBISPO SAN ALBERTO 2495,38000,2553600,1900,0,NO,67,SEGUNDO,VILLA PUEYRREDON,12
Nazca al 5200,165000,11088000,2143,0,NO,67,SEGUNDO,VILLA PUEYRREDON,12
Nazca 4356,280000,18816000,892,0,NO,67,SEGUNDO,VILLA PUEYRREDON,12
Bolivia,245000,16464000,1885,0,NO,67,SEGUNDO,VILLA PUEYRREDON,12
Av. de Los Constituyentes 4740,1000000,67200000,2000,0,NO,67,SEGUNDO,VILLA PUEYRREDON,12
Av Gral E Mosconi,32000,2150400,2667,0,NO,67,SEGUNDO,VILLA PUEYRREDON,12
Zamudio al 4700,87000,5846400,1318,0,NO,67,SEGUNDO,VILLA PUEYRREDON,12
Avenida de los Constituyentes al 4200,88000,5913600,1796,0,NO,67,SEGUNDO,VILLA PUEYRREDON,12
"TAMBORINI, JOSE P.",94000,6316800,2410,0,NO,67,SEGUNDO,VILLA URQUIZA,12
La Pampa  4315,790000,53088000,4647,0,NO,67,SEGUNDO,VILLA URQUIZA,12
Dr R S Naon,140000,9408000,7000,0,NO,67,SEGUNDO,VILLA URQUIZA,12
Holmberg al 2400,2500000,168000000,2778,0,NO,67,SEGUNDO,VILLA URQUIZA,12
de los Constituyentes,145000,9744000,1318,0,NO,67,SEGUNDO,VILLA URQUIZA,12
Mendoza,780000,52416000,4239,0,NO,67,SEGUNDO,VILLA URQUIZA,12
Diaz Colodrero,695000,46704000,3159,0,NO,67,SEGUNDO,VILLA URQUIZA,12
Av. Congreso 5600,720000,48384000,1618,0,NO,67,SEGUNDO,VILLA URQUIZA,12
ALVAREZ THOMAS al 3312,350000,23520000,1966,0,NO,67,SEGUNDO,VILLA URQUIZA,12
Nuñez 6300,130000,8736000,915,0,NO,67,SEGUNDO,VILLA URQUIZA,12
Av.Monroe al 5300,180000,12096000,4500,0,NO,67,SEGUNDO,VILLA URQUIZA,12
Andonaegui,140500,9441600,2867,0,NO,67,SEGUNDO,VILLA URQUIZA,12
Holmberg al 2400,620000,41664000,2551,0,NO,67,SEGUNDO,VILLA URQUIZA,12
Av F De Olazabal,120000,8064000,845,0,NO,67,SEGUNDO,VILLA URQUIZA,12
AV. OLAZABAL 5036 LOCAL 7,108000,7257600,3600,0,NO,67,SEGUNDO,VILLA URQUIZA,12
Blanco Encalada 4600,99000,6652800,5824,0,NO,67,SEGUNDO,VILLA URQUIZA,12
Donado 1900 Local A,680000,45696000,5574,0,NO,67,SEGUNDO,VILLA URQUIZA,12
Donado1971,700000,47040000,5224,0,NO,67,SEGUNDO,VILLA URQUIZA,12
Capdevila y Manuela Pedraza,158500,10651200,1510,0,NO,67,SEGUNDO,VILLA URQUIZA,12
Donado 1900 Local B,450000,30240000,5357,0,NO,67,SEGUNDO,VILLA URQUIZA,12
Nahuel Huapi 5708-10,94000,6316800,2350,0,NO,67,SEGUNDO,VILLA URQUIZA,12
Holmberg al 2000,600000,40320000,4000,0,NO,67,SEGUNDO,VILLA URQUIZA,12
Cullen 5491,148000,9945600,2741,0,NO,67,SEGUNDO,VILLA URQUIZA,12
Nahuel Huapí 4000 esq. Tronador,1200000,80640000,1633,0,NO,67,SEGUNDO,VILLA URQUIZA,12
A Capdevila,75000,5040000,3750,0,NO,67,SEGUNDO,VILLA URQUIZA,12
Bucarelli,1100000,73920000,6875,0,NO,67,SEGUNDO,VILLA URQUIZA,12
Diaz Colodrero,695000,46704000,3374,0,NO,67,SEGUNDO,VILLA URQUIZA,12
Ceretti 2794,75000,5040000,2273,0,NO,67,SEGUNDO,VILLA URQUIZA,12
Monroe,180000,12096000,4500,0,NO,67,SEGUNDO,VILLA URQUIZA,12
La Pampa al 4800,105000,7056000,3500,0,NO,67,SEGUNDO,VILLA URQUIZA,12
Bauness al 1900,500000,33600000,6250,0,NO,67,SEGUNDO,VILLA URQUIZA,12
Av. San Martin,130000,8736000,3824,0,NO,67,SEGUNDO,VILLA DEVOTO NORTE,11
Vallejos,350000,23520000,1186,0,NO,67,SEGUNDO,VILLA DEVOTO NORTE,11
Gutenberg 3700,120000,8064000,2000,0,NO,67,SEGUNDO,VILLA DEVOTO NORTE,11
AVENIDA SAN MARTIN,1000000,67200000,1323,0,NO,67,SEGUNDO,VILLA DEVOTO NORTE,11
campana al 4400,89000,5980800,2543,0,NO,67,SEGUNDO,VILLA DEVOTO NORTE,11
CHIVILCOY,87000,5846400,2636,0,NO,67,SEGUNDO,VILLA DEVOTO NORTE,11
San Nicolas,750000,50400000,6250,0,NO,67,SEGUNDO,VILLA DEVOTO NORTE,11
AV SAN MARTIN,140000,9408000,2917,0,NO,67,SEGUNDO,VILLA DEVOTO NORTE,11
JOSE CUBAS,250000,16800000,1437,0,NO,67,SEGUNDO,VILLA DEVOTO NORTE,11
Mercedes,90000,6048000,2812,0,NO,67,SEGUNDO,VILLA DEVOTO NORTE,11
CALDERON DE LA BARCA,55000,3696000,2750,0,NO,67,SEGUNDO,VILLA DEVOTO NORTE,11
Gualeguaychu y Asunción,75000,5040000,4167,0,NO,67,SEGUNDO,VILLA DEVOTO NORTE,11
Av Fernandez De Enciso,89000,5980800,3423,0,NO,67,SEGUNDO,VILLA DEVOTO NORTE,11
Garibaldi,340000,22848000,2208,0,NO,67,SEGUNDO,BOCA,4
Wenceslao Villafañe,65000,4368000,1857,0,NO,67,SEGUNDO,BOCA,4
Puerto De Palos,40000,2688000,1818,0,NO,67,SEGUNDO,BOCA,4
Alte Brown,200000,13440000,1220,0,NO,67,SEGUNDO,BOCA,4
"BLANES, JUAN M.",65000,4368000,1757,0,NO,67,SEGUNDO,BOCA,4
Av Suarez 500,179000,12028800,814,0,NO,67,SEGUNDO,BOCA,4
Gral Mariano Necochea,40000,2688000,571,0,NO,67,SEGUNDO,BOCA,4
Olavarria,90000,6048000,2571,0,NO,67,SEGUNDO,BOCA,4
Martin Rodriguez,120000,8064000,909,0,NO,67,SEGUNDO,BOCA,4
Gral Mariano Necochea,280000,18816000,800,0,NO,67,SEGUNDO,BOCA,4
"Av, Alte. Brown",100000,6720000,935,0,NO,67,SEGUNDO,BOCA,4
Aristóbulo del Valle al 300,250000,16800000,1136,0,NO,67,SEGUNDO,BOCA,4
Avenida Almirante Brown,140000,9408000,1157,0,NO,67,SEGUNDO,BOCA,4
Av. Pedro de Mendoza entre Salvadores y Palacios,300000,20160000,1045,0,NO,67,SEGUNDO,BOCA,4
Aristobulo Del Valle,59000,3964800,1372,0,NO,67,SEGUNDO,BOCA,4
"DEL VALLE, ARISTOBULO",55000,3696000,1375,0,NO,67,SEGUNDO,BOCA,4
Olavarria,130000,8736000,1494,0,NO,67,SEGUNDO,BOCA,4
DEL VALLE IBERLUCEA 1158,150000,10080000,542,0,NO,67,SEGUNDO,BOCA,4
Irala,130000,8736000,1008,0,NO,67,SEGUNDO,BOCA,4
Avenida Almirante Brown,130000,8736000,802,0,NO,67,SEGUNDO,BOCA,4
Araoz De Lamadrid,250000,16800000,656,0,NO,67,SEGUNDO,BOCA,4
Estados Unidos 4100,250000,16800000,585,0,NO,67,SEGUNDO,BOEDO,5
San Juan al 3600,36900,2479680,1054,0,NO,67,SEGUNDO,BOEDO,5
Av Caseros,150000,10080000,1515,0,NO,67,SEGUNDO,BOEDO,5
Av M Boedo,42000,2822400,1312,0,NO,67,SEGUNDO,BOEDO,5
Av M Boedo,210000,14112000,1284,0,NO,67,SEGUNDO,BOEDO,5
Dr F Muñiz,130000,8736000,2500,0,NO,67,SEGUNDO,BOEDO,5
"GARAY, JUAN DE, AVDA.",420000,28224000,1117,0,NO,67,SEGUNDO,BOEDO,5
Muñiz al 1500,130000,8736000,2500,0,NO,67,SEGUNDO,BOEDO,5
Castro Barros 1500 y Pavon Av.,670000,45024000,788,0,NO,67,SEGUNDO,BOEDO,5
Av. Pavon,495000,33264000,1279,0,NO,67,SEGUNDO,BOEDO,5
San Juan al 3900,430000,28896000,1478,0,NO,67,SEGUNDO,BOEDO,5
Castro 1176 LOCAL,120000,8064000,3333,0,NO,67,SEGUNDO,BOEDO,5
Dr F Muñiz,75000,5040000,2419,0,NO,67,SEGUNDO,BOEDO,5
Excelente Local con Renta!!! Av. San Juan al 3400,195000,13104000,975,0,NO,67,SEGUNDO,BOEDO,5
MAZA,220000,14784000,1517,0,NO,67,SEGUNDO,BOEDO,5
AV  SAN JUAN,220000,14784000,1774,0,NO,67,SEGUNDO,BOEDO,5
"CALVO, CARLOS",280000,18816000,2667,0,NO,67,SEGUNDO,BOEDO,5
Carlos Calvo,77000,5174400,2200,0,NO,67,SEGUNDO,BOEDO,5
Av Carabobo 500,315000,21168000,722,0,NO,67,SEGUNDO,FLORES SUR,7
Varela,115000,7728000,1917,0,NO,67,SEGUNDO,FLORES SUR,7
VARELA 700,103000,6921600,2146,0,NO,67,SEGUNDO,FLORES SUR,7
Varela,135000,9072000,1534,0,NO,67,SEGUNDO,FLORES SUR,7
Saraza al 2400,59000,3964800,596,0,NO,67,SEGUNDO,FLORES SUR,7
Av San Pedrito,260000,17472000,867,0,NO,67,SEGUNDO,FLORES SUR,7
Gregorio de la Ferrere 2500,126000,8467200,1189,0,NO,67,SEGUNDO,FLORES SUR,7
Av Carabobo 500,207000,13910400,1353,0,NO,67,SEGUNDO,FLORES SUR,7
"avenida varela 1262,flores,galeria de 5 locales A*",245000,16464000,1494,0,NO,67,SEGUNDO,FLORES SUR,7
I Portela,125000,8400000,806,0,NO,67,SEGUNDO,FLORESTA,10
Directorio,70000,4704000,2000,0,NO,67,SEGUNDO,FLORESTA,10
Av. Rivadavia N°8330,480000,32256000,2400,0,NO,67,SEGUNDO,FLORESTA,10
Av Gaona,135000,9072000,2250,0,NO,67,SEGUNDO,FLORESTA,10
Magariños Cervantes,120000,8064000,1905,0,NO,67,SEGUNDO,FLORESTA,10
"SEGUROLA, AV.",132500,8904000,2500,0,NO,67,SEGUNDO,FLORESTA,10
Chivilcoy,800000,53760000,1778,0,NO,67,SEGUNDO,FLORESTA,10
Juan B. Justo Al 6700,290000,19488000,2071,0,NO,67,SEGUNDO,FLORESTA,10
AV SEGUROLA,68000,4569600,3091,0,NO,67,SEGUNDO,FLORESTA,10
Rivadavia al 8300,215000,14448000,1617,0,NO,67,SEGUNDO,FLORESTA,10
Av. Directorio al al 3500,195000,13104000,2600,0,NO,67,SEGUNDO,FLORESTA,10
SAN NICOLAS 400,600000,40320000,4000,0,NO,67,SEGUNDO,FLORESTA,10
AV. RIVADAVIA,270000,18144000,1929,0,NO,67,SEGUNDO,FLORESTA,10
SARACHAGA 4200 - VELEZ SARSFIELD - C.A.B.A..,240000,16128000,1257,0,NO,67,SEGUNDO,FLORESTA,10
Lisandro de la torre,175000,11760000,888,0,NO,67,SEGUNDO,LINIERS,9
PATRON,95000,6384000,2375,0,NO,67,SEGUNDO,LINIERS,9
Ramon Falcon al 6800 VENTA CON RENTA,530000,35616000,1309,0,NO,67,SEGUNDO,LINIERS,9
Cuzco al 200,80000,5376000,2222,0,NO,67,SEGUNDO,LINIERS,9
Carhué,97000,6518400,1406,0,NO,67,SEGUNDO,LINIERS,9
ibarrola al 7000,398000,26745600,2764,0,NO,67,SEGUNDO,LINIERS,9
PATRON,90000,6048000,2000,0,NO,67,SEGUNDO,LINIERS,9
PILAR,82500,5544000,3750,0,NO,67,SEGUNDO,LINIERS,9
Ibarrola,450000,30240000,2296,0,NO,67,SEGUNDO,LINIERS,9
MONTIEL,250000,16800000,1923,0,NO,67,SEGUNDO,LINIERS,9
Carhue,35000,2352000,875,0,NO,67,SEGUNDO,LINIERS,9
"EMILIO CASTRO, AVDA.",400000,26880000,1538,0,NO,67,SEGUNDO,LINIERS,9
Ramón Falcón,225000,15120000,3125,0,NO,67,SEGUNDO,LINIERS,9
Gana 100,50000,3360000,704,0,NO,67,SEGUNDO,LINIERS,9
Guamini,260000,17472000,2826,0,NO,67,SEGUNDO,LINIERS,9
Miralla,110000,7392000,2444,0,NO,67,SEGUNDO,LINIERS,9
Rivadavia,73000,4905600,2704,0,NO,67,SEGUNDO,LINIERS,9
PATRON,120000,8064000,2667,0,NO,67,SEGUNDO,LINIERS,9
Peribebuy al 6700,260000,17472000,1722,0,NO,67,SEGUNDO,LINIERS,9
Carhue,95000,6384000,1900,0,NO,67,SEGUNDO,LINIERS,9
Gana,200000,13440000,769,0,NO,67,SEGUNDO,LINIERS,9
Pilar y Tonelero,460000,30912000,767,0,NO,67,SEGUNDO,LINIERS,9
RIVADAVIA,180000,12096000,1200,0,NO,67,SEGUNDO,LINIERS,9
MIRALLA,205000,13776000,1952,0,NO,67,SEGUNDO,LINIERS,9
"Rivadavia, Av. 10.763",140000,9408000,2800,0,NO,67,SEGUNDO,LINIERS,9
MIRALLA,1150000,77280000,1554,0,NO,67,SEGUNDO,LINIERS,9
Av. Rivadavia,140000,9408000,2800,0,NO,67,SEGUNDO,LINIERS,9
Av Rivadavia,2600000,174720000,3467,0,NO,67,SEGUNDO,LINIERS,9
San Pedro,35000,2352000,2333,0,NO,67,SEGUNDO,MATADEROS,9
AV EVA PERON,140000,9408000,1707,0,NO,67,SEGUNDO,MATADEROS,9
AV DE LOS CORRALES,200000,13440000,1242,0,NO,67,SEGUNDO,MATADEROS,9
MONTIEL,80000,5376000,3636,0,NO,67,SEGUNDO,MATADEROS,9
PILAR,195000,13104000,1300,0,NO,67,SEGUNDO,MATADEROS,9
Avenida Directorio,160000,10752000,1778,0,NO,67,SEGUNDO,MATADEROS,9
JUAN BAUTISTA ALBERDI 5800,450000,30240000,1331,0,NO,67,SEGUNDO,MATADEROS,9
AV LARRAZABAL,250000,16800000,2033,0,NO,67,SEGUNDO,MATADEROS,9
Carhue,36000,2419200,1500,0,NO,67,SEGUNDO,MATADEROS,9
AV. EVA PERON ESQUINA CARHUE,420000,28224000,560,0,NO,67,SEGUNDO,MATADEROS,9
Esquina Eva Perón y Oliden,80000,5376000,1127,0,NO,67,SEGUNDO,MATADEROS,9
ALBERDI JUAN BAUTISTA,780000,52416000,1926,0,NO,67,SEGUNDO,MATADEROS,9
AV ALBERDI,435000,29232000,956,0,NO,67,SEGUNDO,MATADEROS,9
MONTIEL,55000,3696000,2750,0,NO,67,SEGUNDO,MATADEROS,9
ESCALADA,50000,3360000,1515,0,NO,67,SEGUNDO,MATADEROS,9
Av. Peron al 5900,220000,14784000,1048,0,NO,67,SEGUNDO,MATADEROS,9
segurola al 1800,250000,16800000,1250,0,NO,67,SEGUNDO,MONTE CASTRO,10
Av A Alvarez Jonte,89000,5980800,3560,0,NO,67,SEGUNDO,MONTE CASTRO,10
"Alvarez Jonte, Av. al 4000",299000,20092800,3215,0,NO,67,SEGUNDO,MONTE CASTRO,10
Alvarez Jonte 4300,89000,5980800,1561,0,NO,67,SEGUNDO,MONTE CASTRO,10
Av Lope De Vega,450000,30240000,773,0,NO,67,SEGUNDO,MONTE CASTRO,10
SANABRIA,195000,13104000,1114,0,NO,67,SEGUNDO,MONTE CASTRO,10
Marcos Paz,239000,16060800,1637,0,NO,67,SEGUNDO,MONTE CASTRO,10
Av. Alvarez Jonte,52000,3494400,2476,0,NO,67,SEGUNDO,MONTE CASTRO,10
LASCANO 5100,100000,6720000,2703,0,NO,67,SEGUNDO,MONTE CASTRO,10
"CHICLANA, AVDA.",89000,5980800,1483,0,NO,67,SEGUNDO,NUEVA POMPEYA,4
"LA PLATA, AVDA.",250000,16800000,2427,0,NO,67,SEGUNDO,NUEVA POMPEYA,4
DistAvenida Amancio Alcorta al 3600,550000,36960000,917,0,NO,67,SEGUNDO,NUEVA POMPEYA,4
Pje Raulet,68000,4569600,1744,0,NO,67,SEGUNDO,NUEVA POMPEYA,4
Av. Amancio Alcorta,198000,13305600,892,0,NO,67,SEGUNDO,NUEVA POMPEYA,4
Av. Saenz al 1400,230000,15456000,767,0,NO,67,SEGUNDO,NUEVA POMPEYA,4
Av. Cruz al 1500,135000,9072000,957,0,NO,67,SEGUNDO,NUEVA POMPEYA,4
Esquiu al 1300,55000,3696000,1571,0,NO,67,SEGUNDO,NUEVA POMPEYA,4
Av Saenz 600,65000,4368000,1912,0,NO,67,SEGUNDO,NUEVA POMPEYA,4
Francisco rabanal 1982,75000,5040000,1000,0,NO,67,SEGUNDO,NUEVA POMPEYA,4
CENTENERA 2478,158900,10678080,757,0,NO,67,SEGUNDO,NUEVA POMPEYA,4
Centenera al 3500,75000,5040000,714,0,NO,67,SEGUNDO,NUEVA POMPEYA,4
Av. Intendente Rabanal al 1300,175000,11760000,875,0,NO,67,SEGUNDO,NUEVA POMPEYA,4
Avenida Tilcara 2900,450000,30240000,1122,0,NO,67,SEGUNDO,NUEVA POMPEYA,4
Trole,28000,1881600,1495,0,NO,67,SEGUNDO,NUEVA POMPEYA,4
Avenida Sáenz 595,150000,10080000,1119,0,NO,67,SEGUNDO,NUEVA POMPEYA,4
Av. Entre Rios,230000,15456000,2190,0,NO,67,SEGUNDO,PARQUE PATRICIOS,4
Av. Entre Rios 1700,245000,16464000,1114,0,NO,67,SEGUNDO,PARQUE PATRICIOS,4
Rondeau 2800,279000,18748800,1116,0,NO,67,SEGUNDO,PARQUE PATRICIOS,4
Brasil 3098,265000,17808000,510,0,NO,67,SEGUNDO,PARQUE PATRICIOS,4
MONTEAGUDO 400,170000,11424000,570,0,NO,67,SEGUNDO,PARQUE PATRICIOS,4
Alberti,249000,16732800,2204,0,NO,67,SEGUNDO,PARQUE PATRICIOS,4
La Rioja,350000,23520000,1167,0,NO,67,SEGUNDO,PARQUE PATRICIOS,4
Av Caseros,210000,14112000,2471,0,NO,67,SEGUNDO,PARQUE PATRICIOS,4
D Matheu,300000,20160000,987,0,NO,67,SEGUNDO,PARQUE PATRICIOS,4
LA RIOJA,492000,33062400,1892,0,NO,67,SEGUNDO,PARQUE PATRICIOS,4
Jujuy Esq. Inclan,349000,23452800,1347,0,NO,67,SEGUNDO,PARQUE PATRICIOS,4
IGUAZU 725-EDIFICIO EN BLOCK-COCHERA -DEPOSITO-OF*,670000,45024000,890,0,NO,67,SEGUNDO,PARQUE PATRICIOS,4
Av Caseros,415000,27888000,1886,0,NO,67,SEGUNDO,PARQUE PATRICIOS,4
Av. Velez Sarsfield,400000,26880000,2353,0,NO,67,SEGUNDO,PARQUE PATRICIOS,4
Pbto M Alberti,60000,4032000,2000,0,NO,67,SEGUNDO,PARQUE PATRICIOS,4
Pavon esq. Alberti,115000,7728000,885,0,NO,67,SEGUNDO,PARQUE PATRICIOS,4
Juan B Justo 7154,150000,10080000,920,0,NO,67,SEGUNDO,VELEZ SARSFIELD,10
P Carrasco,380000,25536000,1267,0,NO,67,SEGUNDO,VELEZ SARSFIELD,10
Avda Juan B Alberdi 4099,5753000,386601600,1305,0,NO,67,SEGUNDO,VELEZ SARSFIELD,10
Yerbal,60000,4032000,2143,0,NO,67,SEGUNDO,VELEZ SARSFIELD,10
"ALBERDI, JUAN B., AV.",220000,14784000,1100,0,NO,67,SEGUNDO,VELEZ SARSFIELD,10
Av Alberdi,150000,10080000,1500,0,NO,67,SEGUNDO,VELEZ SARSFIELD,10
Av B Rivadavia,270000,18144000,2368,0,NO,67,SEGUNDO,VELEZ SARSFIELD,10
Dr S Segurola,115000,7728000,2875,0,NO,67,SEGUNDO,VELEZ SARSFIELD,10
Av B Rivadavia,300000,20160000,2128,0,NO,67,SEGUNDO,VELEZ SARSFIELD,10
Segurola 200,70000,4704000,3182,0,NO,67,SEGUNDO,VELEZ SARSFIELD,10
CAMARONES CASI ESQUINA AV SEGUROLA,85000,5712000,1507,0,NO,67,SEGUNDO,VELEZ SARSFIELD,10
Tapalque,200000,13440000,833,0,NO,67,SEGUNDO,VELEZ SARSFIELD,10
Martinez  Castro al 300,500000,33600000,1126,0,NO,67,SEGUNDO,VELEZ SARSFIELD,10
JUAN B. JUSTO,240000,16128000,2667,0,NO,67,SEGUNDO,VELEZ SARSFIELD,10
Juan B Justo 7700,290000,19488000,1189,0,NO,67,SEGUNDO,VELEZ SARSFIELD,10
Justo Juan b Avenida,275000,18480000,2183,0,NO,67,SEGUNDO,VELEZ SARSFIELD,10
Av. Lope de Vega,290000,19488000,1295,0,NO,67,SEGUNDO,VELEZ SARSFIELD,10
Juan B Justo 9300,520000,34944000,881,0,NO,67,SEGUNDO,VERSALLES,10
Av Dr Juan Bautista Justo,250000,16800000,1250,0,NO,67,SEGUNDO,VERSALLES,10
"ALVAREZ, DONATO, T. GRAL.",150000,10080000,1829,0,NO,67,SEGUNDO,VILLA GRAL. MITRE,11
Avenida Juan B. Justo,295000,19824000,2810,0,NO,67,SEGUNDO,VILLA GRAL. MITRE,11
AV JUAN B JUSTO,330000,22176000,1650,0,NO,67,SEGUNDO,VILLA GRAL. MITRE,11
MANUEL RICARDO TRELLES,115000,7728000,2875,0,NO,67,SEGUNDO,VILLA GRAL. MITRE,11
San Blas al 1600,318000,21369600,4676,0,NO,67,SEGUNDO,VILLA GRAL. MITRE,11
Av. Juan B. Justo,65000,4368000,3611,0,NO,67,SEGUNDO,VILLA GRAL. MITRE,11
JOSE GERVASIO ARTIGAS,185000,12432000,411,0,NO,67,SEGUNDO,VILLA GRAL. MITRE,11
Magariños Cervantes y Segui,219000,14716800,1395,0,NO,67,SEGUNDO,VILLA GRAL. MITRE,11
Bolivia 1444,70000,4704000,1795,0,NO,67,SEGUNDO,VILLA GRAL. MITRE,11
CERVANTES Margariños,95000,6384000,3276,0,NO,67,SEGUNDO,VILLA GRAL. MITRE,11
Av. J. B.Justo 5200,150000,10080000,1376,0,NO,67,SEGUNDO,VILLA GRAL. MITRE,11
Donato Alvarez 1370,800000,53760000,2640,0,NO,67,SEGUNDO,VILLA GRAL. MITRE,11
Av Gaona al 2700,118000,7929600,1135,0,NO,67,SEGUNDO,VILLA GRAL. MITRE,11
Alberdi al 4600,146000,9811200,1460,0,NO,67,SEGUNDO,VILLA LURO,10
Juan B. Justo  8100,550000,36960000,1768,0,NO,67,SEGUNDO,VILLA LURO,10
Lope de Vega al 1500,350000,23520000,3431,0,NO,67,SEGUNDO,VILLA LURO,10
Rivadavia al 9400,295000,19824000,913,0,NO,67,SEGUNDO,VILLA LURO,10
Av B Rivadavia,95000,6384000,2794,0,NO,67,SEGUNDO,VILLA LURO,10
Av Rivadavia  9400,200000,13440000,1770,0,NO,67,SEGUNDO,VILLA LURO,10
Poeta Leopardi,122000,8198400,2905,0,NO,67,SEGUNDO,VILLA LURO,10
Av. Rivadavia,595000,39984000,2902,0,NO,67,SEGUNDO,VILLA LURO,10
Av RIVADAVIA,625000,42000000,2193,0,NO,67,SEGUNDO,VILLA LURO,10
Av. Lope de Vega 1200,108000,7257600,2512,0,NO,67,SEGUNDO,VILLA LURO,10
Camarones,450000,30240000,2778,0,NO,67,SEGUNDO,VILLA LURO,10
ACASSUSO,400000,26880000,3390,0,NO,67,SEGUNDO,VILLA LURO,10
Av. Rivadavia 9615 PB Local a la calle,235000,15792000,4123,0,NO,67,SEGUNDO,VILLA LURO,10
AV RIVADAVIA,235000,15792000,4052,0,NO,67,SEGUNDO,VILLA LURO,10
AV RIVADAVIA,130000,8736000,1494,0,NO,67,SEGUNDO,VILLA LURO,10
BASUALDO,500000,33600000,3937,0,NO,67,SEGUNDO,VILLA LURO,10
Lope de Vega 800,58000,3897600,2071,0,NO,67,SEGUNDO,VILLA LURO,10
General Paz al 600,150000,10080000,3333,0,NO,67,SEGUNDO,VILLA REAL,10
Nazarre 6100,75000,5040000,1500,0,NO,67,SEGUNDO,VILLA REAL,10
Av. Lope de Vega al 2600,470000,31584000,959,0,NO,67,SEGUNDO,VILLA REAL,10
Av F Beiro,195000,13104000,1393,0,NO,67,SEGUNDO,VILLA REAL,10
Virgilio,220000,14784000,1100,0,NO,67,SEGUNDO,VILLA REAL,10
Tinogasta,70000,4704000,1167,0,NO,67,SEGUNDO,VILLA REAL,10
CHILAVERT 6714,30000,2016000,1667,0,NO,67,SEGUNDO,VILLA RIACHUELO,8
Guamini  al 5600,985000,66192000,340,0,NO,67,SEGUNDO,VILLA RIACHUELO,8
Guamini,160000,10752000,1600,0,NO,67,SEGUNDO,VILLA RIACHUELO,8
Cnel M Chilavert,44900,3017280,2993,0,NO,67,SEGUNDO,VILLA RIACHUELO,8
Tres Arroyos,299000,20092800,3646,0,NO,67,SEGUNDO,VILLA SANTA RITA,11
Av Nazca,180000,12096000,5455,0,NO,67,SEGUNDO,VILLA SANTA RITA,11
Alejando Magariños Cervantes 3098,166000,11155200,4486,0,NO,67,SEGUNDO,VILLA SANTA RITA,11
Alejando Magariños Cervantes 3098,205000,13776000,4020,0,NO,67,SEGUNDO,VILLA SANTA RITA,11
TRES ARROYOS Nº al 3400,230000,15456000,601,0,NO,67,SEGUNDO,VILLA SANTA RITA,11
Emilio Lamarca al 1400,75000,5040000,2027,0,NO,67,SEGUNDO,VILLA SANTA RITA,11
Juan Agustin Garcia 3100,49900,3353280,1848,0,NO,67,SEGUNDO,VILLA SANTA RITA,11
Psje. Jose Ingenieros 2700,39000,2620800,1625,0,NO,67,SEGUNDO,VILLA SANTA RITA,11
Herrera,379000,25468800,4032,0,NO,67,SEGUNDO,BARRACAS ESTE,4
Brandsen,85000,5712000,1700,0,NO,67,SEGUNDO,BARRACAS ESTE,4
Av Montes De Oca,210000,14112000,4468,0,NO,67,SEGUNDO,BARRACAS ESTE,4
Av. Regimiento De Patricios,230000,15456000,3785,0,NO,67,SEGUNDO,BARRACAS ESTE,4
California al 2200,480000,32256000,759,0,NO,67,SEGUNDO,BARRACAS ESTE,4
Pi Y Margall 1200,165000,11088000,2292,0,NO,67,SEGUNDO,BARRACAS ESTE,4
Herrera 1700,420000,28224000,4200,0,NO,67,SEGUNDO,BARRACAS ESTE,4
BARRACAS,135000,9072000,2455,0,NO,67,SEGUNDO,BARRACAS ESTE,4
RUY DIAZ DE GUZMAN,68000,4569600,1889,0,NO,67,SEGUNDO,BARRACAS ESTE,4
Santa Magdalena,90000,6048000,783,0,NO,67,SEGUNDO,BARRACAS ESTE,4
Av. Regimiento de los Patricios y Suarez,400000,26880000,1594,0,NO,67,SEGUNDO,BARRACAS ESTE,4
Av. Regimiento de Patricios al 1600,600000,40320000,1453,0,NO,67,SEGUNDO,BARRACAS ESTE,4
BOLIVAR,320000,21504000,2807,0,NO,67,SEGUNDO,BARRACAS ESTE,4
Rio Limay,250000,16800000,2500,0,NO,67,SEGUNDO,BARRACAS ESTE,4
Suarez al 1500,580000,38976000,1074,0,NO,67,SEGUNDO,BARRACAS ESTE,4
AV PATRICIOS,150000,10080000,4286,0,NO,67,SEGUNDO,BARRACAS ESTE,4
"JOVELLANOS, G. M. DE",60000,4032000,2400,0,NO,67,SEGUNDO,BARRACAS ESTE,4
Avenida Montes de Oca 400,1000000,67200000,5000,0,NO,67,SEGUNDO,BARRACAS ESTE,4
Ituzaingo al 600,39000,2620800,684,0,NO,67,SEGUNDO,BARRACAS ESTE,4
Gral. Gregorio Araoz de Lamadrid y Hornos,60000,4032000,870,0,NO,67,SEGUNDO,BARRACAS ESTE,4
Mirave al 2700,240000,16128000,787,0,NO,67,SEGUNDO,BARRACAS ESTE,4
Luzuriaga 300,72000,4838400,550,0,NO,67,SEGUNDO,BARRACAS ESTE,4
Pje Fecundidad,60000,4032000,1176,0,NO,67,SEGUNDO,PARQUE AVELLANEDA,9
Directorio 4490,95000,6384000,3167,0,NO,67,SEGUNDO,PARQUE AVELLANEDA,9
Florentino Ameghino 1500,300000,20160000,838,0,NO,67,SEGUNDO,PARQUE AVELLANEDA,9
M Martinez Castro,95000,6384000,1080,0,NO,67,SEGUNDO,PARQUE AVELLANEDA,9
LAGUNA,250000,16800000,543,0,NO,67,SEGUNDO,PARQUE AVELLANEDA,9
Olivera 1400,40000,2688000,1905,0,NO,67,SEGUNDO,PARQUE AVELLANEDA,9
Ameghino,95000,6384000,1418,0,NO,67,SEGUNDO,PARQUE AVELLANEDA,9
Jose A Miralla,33000,2217600,1269,0,NO,67,SEGUNDO,VILLA LUGANO,8
Chilavert 5677,48000,3225600,762,0,NO,67,SEGUNDO,VILLA LUGANO,8
Martiniano Leguizamon al 4300,250000,16800000,1000,0,NO,67,SEGUNDO,VILLA LUGANO,8
MURGUIONDO,89000,5980800,1171,0,NO,67,SEGUNDO,VILLA LUGANO,8
Murguiondo 4470,154000,10348800,1711,0,NO,67,SEGUNDO,VILLA LUGANO,8
Escalada,120000,8064000,2727,0,NO,67,SEGUNDO,VILLA LUGANO,8
CORVALAN 3300,129900,8729280,872,0,NO,67,SEGUNDO,VILLA LUGANO,8
UNANUE,199000,13372800,603,0,NO,67,SEGUNDO,VILLA LUGANO,8
"BONIFACIO, JOSÉ",446515,30005800,3784,0,NO,67,SEGUNDO,FLORES NORTE,7
Yerbal 1800,468000,31449600,1671,0,NO,67,SEGUNDO,FLORES NORTE,7
Av Curapaligue,330000,22176000,1755,0,NO,67,SEGUNDO,FLORES NORTE,7
"RIVADAVIA, AVDA. al 7000",39900,2681280,1050,0,NO,67,SEGUNDO,FLORES NORTE,7
"RIVADAVIA, AVDA. al 7000",26500,1780800,1104,0,NO,67,SEGUNDO,FLORES NORTE,7
Alberdi,270000,18144000,2500,0,NO,67,SEGUNDO,FLORES NORTE,7
Fray cayetano Rodriguez,85000,5712000,680,0,NO,67,SEGUNDO,FLORES NORTE,7
AV. JUAN BAUTISTA ALBERDI,90000,6048000,2308,0,NO,67,SEGUNDO,FLORES NORTE,7
"RIVADAVIA, AVDA. al 7000",85500,5745600,1336,0,NO,67,SEGUNDO,FLORES NORTE,7
Av. Rivadavia al 6800,171000,11491200,1336,0,NO,67,SEGUNDO,FLORES NORTE,7
Pedernera,330000,22176000,2640,0,NO,67,SEGUNDO,FLORES NORTE,7
Boyaca,500000,33600000,4425,0,NO,67,SEGUNDO,FLORES NORTE,7
"RIVADAVIA, AVDA. al 7000",20500,1377600,932,0,NO,67,SEGUNDO,FLORES NORTE,7
RAMÓN FALCÓN,135000,9072000,2500,0,NO,67,SEGUNDO,FLORES NORTE,7
Pavillon San Jose- Local,115000,7728000,2212,0,NO,67,SEGUNDO,FLORES NORTE,7
Bogotá al 2100,170000,11424000,2787,0,NO,67,SEGUNDO,FLORES NORTE,7
Av. Rivadavia 6800,150000,10080000,1172,0,NO,67,SEGUNDO,FLORES NORTE,7
Pedernera,605000,40656000,3361,0,NO,67,SEGUNDO,FLORES NORTE,7
"RIVADAVIA, AVDA. al 7000",24500,1646400,1167,0,NO,67,SEGUNDO,FLORES NORTE,7
"RIVADAVIA, AVDA. al 7000",26500,1780800,1205,0,NO,67,SEGUNDO,FLORES NORTE,7
Yerbal,170000,11424000,1417,0,NO,67,SEGUNDO,FLORES NORTE,7
Av Rivadavia 6817,39900,2681280,1814,0,NO,67,SEGUNDO,FLORES NORTE,7
Culpina,80000,5376000,2667,0,NO,67,SEGUNDO,FLORES NORTE,7
Boyaca al 600,245000,16464000,1140,0,NO,67,SEGUNDO,FLORES NORTE,7
Pedernera,115000,7728000,2212,0,NO,67,SEGUNDO,FLORES NORTE,7
Juan Bautista Alberdi  al 2800,115000,7728000,4259,0,NO,67,SEGUNDO,FLORES NORTE,7
Rivadavia 6743,55000,3696000,3929,0,NO,67,SEGUNDO,FLORES NORTE,7
"RIVADAVIA, AVDA. al 7000",33000,2217600,1320,0,NO,67,SEGUNDO,FLORES NORTE,7
"RIVADAVIA, AVDA. al 7000",36000,2419200,1125,0,NO,67,SEGUNDO,FLORES NORTE,7
"RIVADAVIA, AVDA. al 7000",42500,2856000,1214,0,NO,67,SEGUNDO,FLORES NORTE,7
Pedernera,520000,34944000,3291,0,NO,67,SEGUNDO,FLORES NORTE,7
Pedernera,1470000,98784000,1968,0,NO,67,SEGUNDO,FLORES NORTE,7
"RIVADAVIA, AVDA. al 7000",28500,1915200,1239,0,NO,67,SEGUNDO,FLORES NORTE,7
Pavillon San Jose - Local - Pedernera 50 - Flores,1470000,98784000,1955,0,NO,67,SEGUNDO,FLORES NORTE,7
RIVERA INDARTE 182,220000,14784000,1528,0,NO,67,SEGUNDO,FLORES NORTE,7
Pedernera,260000,17472000,2301,0,NO,67,SEGUNDO,FLORES NORTE,7
Lafuente al 300,58000,3897600,3412,0,NO,67,SEGUNDO,FLORES NORTE,7
Argerich al 700,980000,65856000,2882,0,NO,67,SEGUNDO,FLORES NORTE,7
Boyaca,300000,20160000,4615,0,NO,67,SEGUNDO,FLORES NORTE,7
Pedernera,300000,20160000,2439,0,NO,67,SEGUNDO,FLORES NORTE,7
Av Nazca,196800,13224960,3785,0,NO,67,SEGUNDO,FLORES NORTE,7
CARACAS al 1000,340000,22848000,655,0,NO,67,SEGUNDO,FLORES NORTE,7
Lautaro,145000,9744000,3085,0,NO,67,SEGUNDO,FLORES NORTE,7
"RIVADAVIA, AVDA. al 7000",33000,2217600,1737,0,NO,67,SEGUNDO,FLORES NORTE,7
Pedernera,270000,18144000,2432,0,NO,67,SEGUNDO,FLORES NORTE,7
"RIVADAVIA, AVDA. al 7000",33000,2217600,1179,0,NO,67,SEGUNDO,FLORES NORTE,7
AV. JUAN BAUTISTA ALBERDI,90000,6048000,2500,0,NO,67,SEGUNDO,FLORES NORTE,7
Yerbal entre Gral Artigas y Bolivia,54500,3662400,1652,0,NO,67,SEGUNDO,FLORES NORTE,7
Rivadavia 6743,42000,2822400,3818,0,NO,67,SEGUNDO,FLORES NORTE,7
Membrillar,23500,1579200,691,0,NO,67,SEGUNDO,FLORES NORTE,7
Pedernera,680000,45696000,3049,0,NO,67,SEGUNDO,FLORES NORTE,7
Yerbal y Gral Artigas,38500,2587200,2026,0,NO,67,SEGUNDO,FLORES NORTE,7
Av Rivadavia,149900,10073280,1250,0,NO,67,SEGUNDO,FLORES NORTE,7
Rivadavia 6800,52000,3494400,1576,0,NO,67,SEGUNDO,FLORES NORTE,7
Terrada al 500,450000,30240000,3462,0,NO,67,SEGUNDO,FLORES NORTE,7
Argerich al 800,400000,26880000,4000,0,NO,67,SEGUNDO,FLORES NORTE,7
Av. Alberdi,137000,9206400,2491,0,NO,67,SEGUNDO,FLORES NORTE,7
Yerbal al 2100 - LOCAL,210000,14112000,1273,0,NO,67,SEGUNDO,FLORES NORTE,7
"SALGUERO, JERONIMO 500",105000,8610000,3000,20,NO,82,CUARTO,ALMAGRO,5
BILLINGHURST 900,350000,28700000,3070,5,NO,82,CUARTO,ALMAGRO,5
CORRIENTES 4200,890000,72980000,2198,48,NO,82,CUARTO,ALMAGRO,5
ESTADO DE ISRAEL 4700,250000,20500000,2632,0,NO,82,CUARTO,ALMAGRO,5
PRINGLES 600,99000,8118000,3414,0,NO,82,CUARTO,ALMAGRO,5
BULNES 200,83000,6806000,847,0,NO,82,CUARTO,ALMAGRO,5
SARMIENTO 41000,250000,20500000,3846,0,NO,82,CUARTO,ALMAGRO,5
"ACUÑA DE FIGUEROA, FRANCISCO 900",90000,7380000,1500,0,NO,82,CUARTO,ALMAGRO,5
MEDRANO 400,685000,56170000,1752,90,NO,82,CUARTO,ALMAGRO,5
VENEZUELA 3700,750000,61500000,1667,40,NO,82,CUARTO,ALMAGRO,5
MAZA 800,220000,18040000,1517,0,NO,82,CUARTO,ALMAGRO,5
BOEDO 700,195000,15990000,5132,0,NO,82,CUARTO,ALMAGRO,5
MEDRANO 100,180000,14760000,3333,25,NO,82,CUARTO,ALMAGRO,5
"ACUÑA DE FIGUEROA, FRANCISCO 1200",289000,23698000,6881,0,NO,82,CUARTO,ALMAGRO,5
"ACUÑA DE FIGUEROA, FRANCISCO 1200",289000,23698000,6881,0,NO,82,CUARTO,ALMAGRO,5
BOULOGNE SUR MER 500,159000,13038000,3975,0,NO,82,CUARTO,BALVANERA,3
"YRIGOYEN, HIPOLITO 3100",177000,14514000,4917,0,NO,82,CUARTO,BALVANERA,3
RIVADAVIA 3100,320000,26240000,1185,70,NO,82,CUARTO,BALVANERA,3
LAVALLE 2000,149000,12218000,1490,35,NO,82,CUARTO,BALVANERA,3
"ALSINA, ADOLFO 2700",139000,11398000,993,25,NO,82,CUARTO,BALVANERA,3
MORENO 2915,69990,5739180,1400,0,NO,82,CUARTO,BALVANERA,3
MORENO 2600,79000,6478000,1317,50,NO,82,CUARTO,BALVANERA,3
ALBERTI 300,90000,7380000,978,0,NO,82,CUARTO,BALVANERA,3
PUEYRREDON 500,850000,69700000,9444,15,NO,82,CUARTO,BALVANERA,3
LA RIOJA 286,180000,14760000,1176,30,NO,82,CUARTO,BALVANERA,3
"GOMEZ, VALENTIN 2792",370000,30340000,4353,30,NO,82,CUARTO,BALVANERA,3
"ANCHORENA, TOMAS M. DE, DR 300",148700,12193400,1304,48,NO,82,CUARTO,BALVANERA,3
VIAMONTE 2100,350000,28700000,2431,0,NO,82,CUARTO,BALVANERA,3
TUCUMAN 2200,550000,45100000,3929,45,NO,82,CUARTO,BALVANERA,3
BELGRANO 2500,290000,23780000,1611,0,NO,82,CUARTO,BALVANERA,3
"YRIGOYEN, HIPOLITO 2400",80000,6560000,3478,0,NO,82,CUARTO,BALVANERA,3
CORRIENTES 2500,99000,8118000,934,35,NO,82,CUARTO,BALVANERA,3
CORRIENTES 2445,150000,12300000,326,30,NO,82,CUARTO,BALVANERA,3
"GOMEZ, VALENTIN 3000",75000,6150000,1250,0,NO,82,CUARTO,BALVANERA,3
SAAVEDRA 300,155000,12710000,1240,50,NO,82,CUARTO,BALVANERA,3
"URQUIZA, Gral. 100",84000,6888000,1500,40,NO,82,CUARTO,BALVANERA,3
"JAURES, JEAN 400",150000,12300000,1230,0,NO,82,CUARTO,BALVANERA,3
MEXICO 2500,122000,10004000,1848,50,NO,82,CUARTO,BALVANERA,3
BELGRANO 2600,250000,20500000,3731,0,NO,82,CUARTO,BALVANERA,3
RIVADAVIA 1900,900000,73800000,467,0,NO,82,CUARTO,BALVANERA,3
"URQUIZA, Gral. 300",80000,6560000,1429,81,NO,82,CUARTO,BALVANERA,3
TUCUMAN 2200,475000,38950000,2969,50,NO,82,CUARTO,BALVANERA,3
TUCUMAN 2700,189000,15498000,1092,55,NO,82,CUARTO,BALVANERA,3
CORRIENTES 2500,1700000,139400000,9091,30,NO,82,CUARTO,BALVANERA,3
"ANCHORENA, TOMAS M. DE, DR 300",530000,43460000,601,0,NO,82,CUARTO,BALVANERA,3
TUCUMAN 2600,230000,18860000,3067,0,NO,82,CUARTO,BALVANERA,3
TUCUMAN 2700,185000,15170000,1637,45,NO,82,CUARTO,BALVANERA,3
DEAN FUNES 500,59000,4838000,1967,0,NO,82,CUARTO,BALVANERA,3
CORRIENTES 23000,69000,5658000,4312,30,NO,82,CUARTO,BALVANERA,3
"YRIGOYEN, HIPOLITO 2400",80000,6560000,3478,25,NO,82,CUARTO,BALVANERA,3
PASTEUR 300,1100000,90200000,11000,0,NO,82,CUARTO,BALVANERA,3
"PERON, JUAN DOMINGO, TTE. 1900",80000,6560000,777,0,NO,82,CUARTO,BALVANERA,3
PASTEUR 700,168000,13776000,1680,30,NO,82,CUARTO,BALVANERA,3
PASTEUR 700,168000,13776000,1680,30,NO,82,CUARTO,BALVANERA,3
PASTEUR 200,1300000,106600000,13000,0,NO,82,CUARTO,BALVANERA,3
ESTADOS UNIDOS 900,70000,5740000,2258,0,NO,82,CUARTO,CONSTITUCION,1
SALTA 900,135000,11070000,1063,65,NO,82,CUARTO,CONSTITUCION,1
"GARAY, JUAN DE 900",258000,21156000,1940,80,NO,82,CUARTO,CONSTITUCION,1
SAN JUAN 1302,90000,7380000,1154,30,NO,82,CUARTO,CONSTITUCION,1
SALTA 1100,83000,6806000,1186,50,NO,82,CUARTO,CONSTITUCION,1
"IRIGOYEN, BERNARDO DE 1400",3600000,295200000,2571,0,NO,82,CUARTO,CONSTITUCION,1
SALTA 1000,139000,11398000,1738,0,NO,82,CUARTO,CONSTITUCION,1
"GARAY, JUAN DE 1400",42000,3444000,1500,70,NO,82,CUARTO,CONSTITUCION,1
"IRIGOYEN, BERNARDO DE 1340",450000,36900000,336,5,NO,82,CUARTO,CONSTITUCION,1
CONSTITUCION 1200,39000,3198000,1300,36,NO,82,CUARTO,CONSTITUCION,1
INDEPENDENCIA 1200,119800,9823600,4608,0,NO,82,CUARTO,CONSTITUCION,1
SAN JUAN 885,500000,41000000,2083,0,NO,82,CUARTO,CONSTITUCION,1
SALTA 1100,60000,4920000,619,50,NO,82,CUARTO,CONSTITUCION,1
MORENO 1300,270000,22140000,480,0,NO,82,CUARTO,MONTSERRAT,1
TACUARI 214,410000,33620000,1367,0,NO,82,CUARTO,MONTSERRAT,1
"YRIGOYEN, HIPOLITO 1100",300000,24600000,677,0,NO,82,CUARTO,MONTSERRAT,1
AZOPARDO 400,300000,24600000,2113,0,NO,82,CUARTO,MONTSERRAT,1
ENTRE RIOS 188,1000000,82000000,1250,0,NO,82,CUARTO,MONTSERRAT,1
PIEDRAS 99,1200000,98400000,2697,0,NO,82,CUARTO,MONTSERRAT,1
PIEDRAS 99,1200000,98400000,534,0,NO,82,CUARTO,MONTSERRAT,1
RIVADAVIA 1200,25000,2050000,1042,0,NO,82,CUARTO,MONTSERRAT,1
VENEZUELA 700,342000,28044000,2408,25,NO,82,CUARTO,MONTSERRAT,1
"YRIGOYEN, HIPOLITO 900",410000,33620000,1108,90,NO,82,CUARTO,MONTSERRAT,1
PERU 500,280000,22960000,1443,50,NO,82,CUARTO,MONTSERRAT,1
INDEPENDENCIA 30900,149000,12218000,4257,0,NO,82,CUARTO,SAN CRISTOBAL,3
INDEPENDENCIA 2800,69000,5658000,1150,0,NO,82,CUARTO,SAN CRISTOBAL,3
ESTADOS UNIDOS 2200,169500,13899000,800,80,NO,82,CUARTO,SAN CRISTOBAL,3
ENTRE RIOS 1100,790000,64780000,2842,25,NO,82,CUARTO,SAN CRISTOBAL,3
COCHABAMBA 2700,58000,4756000,1933,40,NO,82,CUARTO,SAN CRISTOBAL,3
24 DE NOVIEMBRE 1400,1100000,90200000,550,0,NO,82,CUARTO,SAN CRISTOBAL,3
SAN JUAN 2600,1100000,90200000,6748,0,NO,82,CUARTO,SAN CRISTOBAL,3
COMBATE DE LOS POZOS 1300,120000,9840000,1600,0,NO,82,CUARTO,SAN CRISTOBAL,3
"GARAY, JUAN DE 2800",33000,2706000,1833,45,NO,82,CUARTO,SAN CRISTOBAL,3
RODRIGUEZ PENA 150,850000,69700000,2972,0,NO,82,CUARTO,SAN NICOLAS,1
LIBERTAD 700,900000,73800000,4500,0,NO,82,CUARTO,SAN NICOLAS,1
PARANA 800,120000,9840000,2449,45,NO,82,CUARTO,SAN NICOLAS,1
FLORIDA 800,13000,1066000,812,40,NO,82,CUARTO,SAN NICOLAS,1
ESMERALDA 800,328390,26927980,2760,0,NO,82,CUARTO,SAN NICOLAS,1
CORDOBA 456,40000,3280000,1250,13,NO,82,CUARTO,SAN NICOLAS,1
ESMERALDA 280,280000,22960000,1000,0,NO,82,CUARTO,SAN NICOLAS,1
CORDOBA 469,69000,5658000,2875,33,NO,82,CUARTO,SAN NICOLAS,1
FLORIDA 468,78000,6396000,3250,60,NO,82,CUARTO,SAN NICOLAS,1
CORDOBA 600,1200000,98400000,4615,0,NO,82,CUARTO,SAN NICOLAS,1
TUCUMAN 780,289000,23698000,1579,60,NO,82,CUARTO,SAN NICOLAS,1
MAIPU 700,1500000,123000000,2095,9,NO,82,CUARTO,SAN NICOLAS,1
CORDOBA 469,69000,5658000,2875,33,NO,82,CUARTO,SAN NICOLAS,1
SUIPACHA 100,250000,20500000,2273,55,NO,82,CUARTO,SAN NICOLAS,1
LAVALLE 500,440000,36080000,5432,40,NO,82,CUARTO,SAN NICOLAS,1
TUCUMAN 1600,400000,32800000,1250,58,NO,82,CUARTO,SAN NICOLAS,1
LAVALLE 1100,540000,44280000,1205,0,NO,82,CUARTO,SAN NICOLAS,1
TALCAHUANO 100,75000,6150000,1415,0,NO,82,CUARTO,SAN NICOLAS,1
SARMIENTO 1300,390000,31980000,1246,0,NO,82,CUARTO,SAN NICOLAS,1
CORDOBA 645,150000,12300000,429,0,NO,82,CUARTO,SAN NICOLAS,1
CORRIENTES 1700,4500000,369000000,4678,0,NO,82,CUARTO,SAN NICOLAS,1
CORRIENTES 1600,3000000,246000000,3750,0,NO,82,CUARTO,SAN NICOLAS,1
"MITRE, BARTOLOME 700",399000,32718000,806,40,NO,82,CUARTO,SAN NICOLAS,1
LAVALLE 105,482222,39542204,839,20,NO,82,CUARTO,SAN NICOLAS,1
LIBERTAD 282,99000,8118000,351,30,NO,82,CUARTO,SAN NICOLAS,1
CALLAO 100,2500000,205000000,4464,8,NO,82,CUARTO,SAN NICOLAS,1
MONTEVIDEO 700,280000,22960000,2333,50,NO,82,CUARTO,SAN NICOLAS,1
"PERON, JUAN DOMINGO, TTE. 1200",250000,20500000,1000,0,NO,82,CUARTO,SAN NICOLAS,1
MAIPU 600,210000,17220000,1400,30,NO,82,CUARTO,SAN NICOLAS,1
"MITRE, BARTOLOME 1100",300000,24600000,926,0,NO,82,CUARTO,SAN NICOLAS,1
TUCUMAN 1600,360000,29520000,2571,0,NO,82,CUARTO,SAN NICOLAS,1
CALLAO 100,2500000,205000000,4464,0,NO,82,CUARTO,SAN NICOLAS,1
FLORIDA 500,17500,1435000,530,0,NO,82,CUARTO,SAN NICOLAS,1
"ALEM, LEANDRO N. 500",382500,31365000,3110,0,NO,82,CUARTO,SAN NICOLAS,1
"PERON, JUAN DOMINGO, TTE. 1248",830000,68060000,1038,60,NO,82,CUARTO,SAN NICOLAS,1
LAVALLE 700,560000,45920000,22400,0,NO,82,CUARTO,SAN NICOLAS,1
FLORIDA 300,3800000,311600000,5846,0,NO,82,CUARTO,SAN NICOLAS,1
FLORIDA 500,91000,7462000,2220,35,NO,82,CUARTO,SAN NICOLAS,1
FLORIDA 400,45000,3690000,1000,0,NO,82,CUARTO,SAN NICOLAS,1
25 DE MAYO 500,1600000,131200000,1482,0,NO,82,CUARTO,SAN NICOLAS,1
ESMERALDA 500,450000,36900000,1907,0,NO,82,CUARTO,SAN NICOLAS,1
TALCAHUANO 300,55000,4510000,1058,0,NO,82,CUARTO,SAN NICOLAS,1
TALCAHUANO 700,340000,27880000,2329,0,NO,82,CUARTO,SAN NICOLAS,1
CERRITO 100,500000,41000000,2326,50,NO,82,CUARTO,SAN NICOLAS,1
CORRIENTES 500,400000,32800000,321,0,NO,82,CUARTO,SAN NICOLAS,1
LAVALLE 700,1200000,98400000,6316,10,NO,82,CUARTO,SAN NICOLAS,1
SUIPACHA 300,1600000,131200000,1454,0,NO,82,CUARTO,SAN NICOLAS,1
FLORIDA 400,45000,3690000,1000,0,SI,82,CUARTO,SAN NICOLAS,1
LAVALLE 700,1090000,89380000,21800,0,NO,82,CUARTO,SAN NICOLAS,1
LAVALLE 700,1200000,98400000,6316,0,NO,82,CUARTO,SAN NICOLAS,1
FLORIDA 400,55000,4510000,2500,0,NO,82,CUARTO,SAN NICOLAS,1
PARANA 500,650000,53300000,3611,0,NO,82,CUARTO,SAN NICOLAS,1
LAVALLE 835,40000,3280000,2857,0,NO,82,CUARTO,SAN NICOLAS,1
VIAMONTE 1700,169000,13858000,3189,0,NO,82,CUARTO,SAN NICOLAS,1
LAVALLE 919,520000,42640000,8000,0,NO,82,CUARTO,SAN NICOLAS,1
LAVALLE 800,40000,3280000,741,0,NO,82,CUARTO,SAN NICOLAS,1
25 DE MAYO 500,1600000,131200000,1482,0,NO,82,CUARTO,SAN NICOLAS,1
TUCUMAN 1300,750000,61500000,3571,0,NO,82,CUARTO,SAN NICOLAS,1
LAVALLE 600,680000,55760000,10968,0,NO,82,CUARTO,SAN NICOLAS,1
LAVALLE 600,680000,55760000,10968,0,NO,82,CUARTO,SAN NICOLAS,1
PARANA 500,650000,53300000,3571,0,NO,82,CUARTO,SAN NICOLAS,1
TUCUMAN 700,15000,1230000,750,0,SI,82,CUARTO,SAN NICOLAS,1
LIBERTAD 200,59000,4838000,2950,0,NO,82,CUARTO,SAN NICOLAS,1
FLORIDA 445,84000,6888000,1867,0,NO,82,CUARTO,SAN NICOLAS,1
LAVALLE 777,4500000,369000000,4818,0,NO,82,CUARTO,SAN NICOLAS,1
SUIPACHA 201,410000,33620000,1206,0,NO,82,CUARTO,SAN NICOLAS,1
TUCUMAN 1300,750000,61500000,3571,0,NO,82,CUARTO,SAN NICOLAS,1
"SAENZ PENA, ROQUE, PRES. 800",780000,63960000,4727,0,NO,82,CUARTO,SAN NICOLAS,1
ESMERALDA 500,470000,38540000,1992,0,NO,82,CUARTO,SAN NICOLAS,1
CERRITO 100,500000,41000000,2326,0,NO,82,CUARTO,SAN NICOLAS,1
FLORIDA 500,150000,12300000,6250,0,NO,82,CUARTO,SAN NICOLAS,1
CORRIENTES 500,4000000,328000000,3213,0,NO,82,CUARTO,SAN NICOLAS,1
"PERON, JUAN DOMINGO, TTE. 1600",120000,9840000,2264,0,NO,82,CUARTO,SAN NICOLAS,1
TUCUMAN 1400,149000,12218000,3311,0,NO,82,CUARTO,SAN NICOLAS,1
MAIPU 500,260000,21320000,718,0,NO,82,CUARTO,SAN NICOLAS,1
SARMIENTO 400,780000,63960000,7647,30,NO,82,CUARTO,SAN NICOLAS,1
"DELLEPIANE, LUIS 300",109000,8938000,2422,0,NO,82,CUARTO,SAN NICOLAS,1
LAVALLE 700,1200000,98400000,6316,10,NO,82,CUARTO,SAN NICOLAS,1
MONTEVIDEO 768,220000,18040000,1549,40,NO,82,CUARTO,SAN NICOLAS,1
TALCAHUANO 100,220000,18040000,1375,40,NO,82,CUARTO,SAN NICOLAS,1
RODRIGUEZ PENA 300,298000,24436000,1490,20,NO,82,CUARTO,SAN NICOLAS,1
CERRITO 100,500000,41000000,2326,50,NO,82,CUARTO,SAN NICOLAS,1
TUCUMAN 700,340000,27880000,1858,40,NO,82,CUARTO,SAN NICOLAS,1
LAVALLE 777,4500000,369000000,4818,20,NO,82,CUARTO,SAN NICOLAS,1
MONTEVIDEO 700,280000,22960000,2333,50,NO,82,CUARTO,SAN NICOLAS,1
MAIPU 400,330000,27060000,13750,0,NO,82,CUARTO,SAN NICOLAS,1
SUIPACHA 300,1600000,131200000,3095,0,NO,82,CUARTO,SAN NICOLAS,1
LAVALLE 912,520000,42640000,7761,70,NO,82,CUARTO,SAN NICOLAS,1
LIBERTAD 300,102000,8364000,1342,50,NO,82,CUARTO,SAN NICOLAS,1
FLORIDA 500,70000,5740000,2258,30,NO,82,CUARTO,SAN NICOLAS,1
SARMIENTO 381,750000,61500000,7353,30,NO,82,CUARTO,SAN NICOLAS,1
TUCUMAN 1400,84000,6888000,3360,0,NO,82,CUARTO,SAN NICOLAS,1
CORRIENTES 500,4000000,328000000,3213,0,NO,82,CUARTO,SAN NICOLAS,1
"PERON, JUAN DOMINGO, TTE. 1248",830000,68060000,1038,60,NO,82,CUARTO,SAN NICOLAS,1
MONTEVIDEO 600,80000,6560000,4000,40,NO,82,CUARTO,SAN NICOLAS,1
FLORIDA 700,1200000,98400000,12000,30,NO,82,CUARTO,SAN NICOLAS,1
"MITRE, BARTOLOME 1200",300000,24600000,909,90,NO,82,CUARTO,SAN NICOLAS,1
FLORIDA 500,150000,12300000,6250,0,NO,82,CUARTO,SAN NICOLAS,1
FLORIDA 400,75000,6150000,1667,40,NO,82,CUARTO,SAN NICOLAS,1
VIAMONTE 1700,169000,13858000,3189,0,NO,82,CUARTO,SAN NICOLAS,1
SARMIENTO 1200,330000,27060000,3056,80,NO,82,CUARTO,SAN NICOLAS,1
RODRIGUEZ PENA 300,298000,24436000,1490,20,NO,82,CUARTO,SAN NICOLAS,1
PARANA 500,650000,53300000,3611,0,NO,82,CUARTO,SAN NICOLAS,1
SUIPACHA 201,410000,33620000,1206,0,NO,82,CUARTO,SAN NICOLAS,1
FLORIDA 400,55000,4510000,2500,0,NO,82,CUARTO,SAN NICOLAS,1
TUCUMAN 700,340000,27880000,2329,0,NO,82,CUARTO,SAN NICOLAS,1
LAVALLE 800,40000,3280000,741,0,NO,82,CUARTO,SAN NICOLAS,1
ESMERALDA 500,450000,36900000,1907,0,NO,82,CUARTO,SAN NICOLAS,1
LAVALLE 400,590000,48380000,2878,35,NO,82,CUARTO,SAN NICOLAS,1
ESTADOS UNIDOS 800,80000,6560000,3333,0,NO,82,CUARTO,SAN TELMO,1
DEFENSA 1100,950000,77900000,2357,100,NO,82,CUARTO,SAN TELMO,1
CHACABUCO 800,170000,13940000,1339,0,NO,82,CUARTO,SAN TELMO,1
"CALVO, CARLOS 300",1200000,98400000,6000,0,NO,82,CUARTO,SAN TELMO,1
BOLIVAR 800,600000,49200000,1190,0,NO,82,CUARTO,SAN TELMO,1
MONROE 3100,1950000,159900000,2954,5,NO,82,CUARTO,BELGRANO,13
BLANCO ENCALADA 2166,165000,13530000,1964,0,NO,82,CUARTO,BELGRANO,13
CABILDO 2300,2400000,196800000,10909,35,NO,82,CUARTO,BELGRANO,13
DEL LIBERTADOR 5900,800000,65600000,5714,0,NO,82,CUARTO,BELGRANO,13
BLANCO ENCALADA 2272,290000,23780000,5472,0,NO,82,CUARTO,BELGRANO,13
CABILDO 15500,155000,12710000,7046,40,NO,82,CUARTO,BELGRANO,13
JURAMENTO 1500,179000,14678000,8950,35,NO,82,CUARTO,BELGRANO,13
BLANCO ENCALADA 2166,165000,13530000,1964,0,NO,82,CUARTO,BELGRANO,13
ZAPIOLA 1790,70000,5740000,1458,40,NO,82,CUARTO,BELGRANO,13
MONROE 2700,265000,21730000,2054,0,NO,82,CUARTO,BELGRANO,13
MONROE 2675,438000,35916000,1696,0,NO,82,CUARTO,BELGRANO,13
ROOSEVELT FRANKLIN D. 1702,850000,69700000,3864,0,NO,82,CUARTO,BELGRANO,13
MIGUELETES 2200,785396,64402472,4112,0,NO,82,CUARTO,BELGRANO,13
MONROE 3800,34000,2788000,1546,30,NO,82,CUARTO,BELGRANO,13
CIUDAD DE LA PAZ 2500,420000,34440000,1186,0,NO,82,CUARTO,BELGRANO,13
"PEREZ, ROQUE 3200",280000,22960000,2522,7,NO,82,CUARTO,COGHLAN,12
"BALBIN, RICARDO, DR. 2700",1250000,102500000,7812,35,NO,82,CUARTO,COGHLAN,12
IBERA 3300,120000,9840000,2857,54,NO,82,CUARTO,COGHLAN,12
WASHINGTON 2700,80000,6560000,2667,33,NO,82,CUARTO,COGHLAN,12
"RIVERA, PEDRO I., Dr. 4000",75000,6150000,1415,0,NO,82,CUARTO,COGHLAN,12
"FREIRE, RAMON, CAP. GRAL. 2800",85000,6970000,3269,20,NO,82,CUARTO,COGHLAN,12
"UGARTE, MANUEL 3500",175000,14350000,2059,45,NO,82,CUARTO,COGHLAN,12
"BALBIN, RICARDO, DR. 3500",28000,2296000,394,0,NO,82,CUARTO,COGHLAN,12
MELIAN 3500,450000,36900000,1731,0,NO,82,CUARTO,COGHLAN,12
CONDE 2700,40000,3280000,930,0,NO,82,CUARTO,COGHLAN,12
AGUILAR 2690,195000,15990000,6500,20,NO,82,CUARTO,COLEGIALES,13
ELCANO 3300,1250000,102500000,7225,10,NO,82,CUARTO,COLEGIALES,13
"NEWBERY, JORGE 3400",450000,36900000,3103,0,NO,82,CUARTO,COLEGIALES,13
"LACROZE, FEDERICO 2500",330000,27060000,2578,50,NO,82,CUARTO,COLEGIALES,13
PALPA 3500,645000,52890000,675,50,NO,82,CUARTO,COLEGIALES,13
"NEWBERY, JORGE 3400",450000,36900000,3103,3,NO,82,CUARTO,COLEGIALES,13
"ALVAREZ, THOMAS 11000",660000,54120000,2785,0,NO,82,CUARTO,COLEGIALES,13
"LORETO, Virrey 3600",180000,14760000,1111,35,NO,82,CUARTO,COLEGIALES,13
CONDE 1400,350000,28700000,4487,45,NO,82,CUARTO,COLEGIALES,13
"DUMONT, SANTOS 3400",249000,20418000,3557,10,NO,82,CUARTO,COLEGIALES,13
"LACROZE, FEDERICO 3500",158000,12956000,2772,25,NO,82,CUARTO,COLEGIALES,13
"ALVAREZ, THOMAS 1002",790000,64780000,4876,5,NO,82,CUARTO,COLEGIALES,13
"LACROZE, FEDERICO 3200",180000,14760000,3462,25,NO,82,CUARTO,COLEGIALES,13
"ALVAREZ, THOMAS 1300",360000,29520000,1385,43,NO,82,CUARTO,COLEGIALES,13
CIUDAD DE LA PAZ 3000,515000,42230000,3433,0,NO,82,CUARTO,NUÑEZ,13
QUESADA 1800,450000,36900000,2542,0,NO,82,CUARTO,NUÑEZ,13
CABILDO 4900,119900,9831800,2398,0,NO,82,CUARTO,NUÑEZ,13
QUESADA 2350,155015,12711230,6201,0,NO,82,CUARTO,NUÑEZ,13
CABILDO 4800,650000,53300000,5417,0,NO,82,CUARTO,NUÑEZ,13
ARCOS 3588,115000,9430000,1691,0,NO,82,CUARTO,NUÑEZ,13
VIDAL 3500,68000,5576000,2267,0,NO,82,CUARTO,NUÑEZ,13
CAMPOS SALLES 2350,135000,11070000,2935,0,NO,82,CUARTO,NUÑEZ,13
AMENABAR 3357,190000,15580000,3518,0,NO,82,CUARTO,NUÑEZ,13
"JUSTO, JUAN B. 1416",149000,12218000,876,0,NO,82,CUARTO,PALERMO,14
CORDOBA 4100,299000,24518000,1661,8,NO,82,CUARTO,PALERMO,14
CABILDO 100,89900,7371800,1696,20,NO,82,CUARTO,PALERMO,14
"GARCIA, TEODORO 1700",59000,4838000,2682,4,NO,82,CUARTO,PALERMO,14
AGUILAR 2110,580000,47560000,3694,0,NO,82,CUARTO,PALERMO,14
CABILDO 400,359000,29438000,5523,50,NO,82,CUARTO,PALERMO,14
OLLEROS 190,300000,24600000,1875,0,NO,82,CUARTO,PALERMO,14
GUATEMALA 4400,600000,49200000,857,0,NO,82,CUARTO,PALERMO,14
"BORGES, JORGE LUIS 1900",850000,69700000,2450,0,NO,82,CUARTO,PALERMO,14
URIARTE 2400,188000,15416000,2442,0,NO,82,CUARTO,PALERMO,14
HONDURAS 4100,159900,13111800,3998,0,NO,82,CUARTO,PALERMO,14
SOLER 6000,700000,57400000,4667,0,NO,82,CUARTO,PALERMO,14
ARMENIA 2031,600000,49200000,2500,0,NO,82,CUARTO,PALERMO,14
GODOY CRUZ 1553,100000,8200000,6667,0,NO,82,CUARTO,PALERMO,14
"BORGES, JORGE LUIS 1900",850000,69700000,2450,0,NO,82,CUARTO,PALERMO,14
"SCALABRINI ORTIZ, RAUL 2500",980000,80360000,4644,0,NO,82,CUARTO,PALERMO,14
CABELLO 3402,163000,13366000,8150,0,NO,82,CUARTO,PALERMO,14
EL SALVADOR 4700,600000,49200000,4478,0,NO,82,CUARTO,PALERMO,14
"SCALABRINI ORTIZ, RAUL 1500",1300000,106600000,5652,0,NO,82,CUARTO,PALERMO,14
"SCALABRINI ORTIZ, RAUL 1800",799000,65518000,5707,0,NO,82,CUARTO,PALERMO,14
BULNES 1700,1500000,123000000,833,0,NO,82,CUARTO,PALERMO,14
EL SALVADOR 4700,600000,49200000,4478,0,NO,82,CUARTO,PALERMO,14
CABELLO 3400,163000,13366000,8150,0,NO,82,CUARTO,PALERMO,14
ARMENIA 2300,400000,32800000,2759,0,NO,82,CUARTO,PALERMO,14
BONPLAND 2200,225000,18450000,2419,0,NO,82,CUARTO,PALERMO,14
SOLER 6000,700000,57400000,4667,0,NO,82,CUARTO,PALERMO,14
URIARTE 2419,132000,10824000,4400,0,NO,82,CUARTO,PALERMO,14
"BORGES, JORGE LUIS 2100",790000,64780000,3098,0,NO,82,CUARTO,PALERMO,14
CHARCAS 4700,690000,56580000,14375,0,NO,82,CUARTO,PALERMO,14
SANTA FE 5200,168000,13776000,3111,0,NO,82,CUARTO,PALERMO,14
ARMENIA 2031,600000,49200000,2500,0,NO,82,CUARTO,PALERMO,14
THAMES 2200,360000,29520000,12414,0,NO,82,CUARTO,PALERMO,14
FRAY JUSTO SANTAMARIA DE ORO 2600,380000,31160000,3167,0,NO,82,CUARTO,PALERMO,14
"SCALABRINI ORTIZ, RAUL 2500",980000,80360000,4644,0,NO,82,CUARTO,PALERMO,14
BERUTI 4600,395000,32390000,2970,0,NO,82,CUARTO,PALERMO,14
EL SALVADOR 6083,369600,30307200,7543,0,NO,82,CUARTO,PALERMO,14
ARMENIA 2031,600000,49200000,2500,0,NO,82,CUARTO,PALERMO,14
"BORGES, JORGE LUIS 2100",790000,64780000,3098,0,NO,82,CUARTO,PALERMO,14
MASON 1100,440000,36080000,3793,0,NO,82,CUARTO,PALERMO,14
"MORA FERNANDEZ, JUAN 4800",62000,5084000,1722,0,NO,82,CUARTO,PALERMO,14
"MOREAU DE JUSTO, ALICIA 2000",780000,63960000,3546,0,NO,82,CUARTO,PUERTO MADERO,1
SALOTTI MARTHA 500,1850000,151700000,4458,0,NO,82,CUARTO,PUERTO MADERO,1
"VERA PENALOZA, ROSARIO 300",3081680,252697760,8351,0,NO,82,CUARTO,PUERTO MADERO,1
LANTERI JULIETA 1700,480000,39360000,2364,0,NO,82,CUARTO,PUERTO MADERO,1
MANSO JUANA 100,3500000,287000000,4902,0,NO,82,CUARTO,PUERTO MADERO,1
ECUADOR 1300,450000,36900000,346,0,NO,82,CUARTO,RECOLETA,2
CHARCAS 3000,179000,14678000,2486,12,NO,82,CUARTO,RECOLETA,2
"GUTIERREZ, JUAN MARIA 2576",525000,43050000,4167,0,NO,82,CUARTO,RECOLETA,2
LAPRIDA 1700,415000,34030000,3705,3,NO,82,CUARTO,RECOLETA,2
ARENALES 2000,260000,21320000,1806,0,NO,82,CUARTO,RECOLETA,2
RODRIGUEZ PENA 1500,2200000,180400000,5500,0,NO,82,CUARTO,RECOLETA,2
RODRIGUEZ PENA 1500,850000,69700000,2972,0,NO,82,CUARTO,RECOLETA,2
"LAS HERAS, GRAL. 2000",610000,50020000,1247,32,NO,82,CUARTO,RECOLETA,2
SANTA FE 2700,77500,6355000,1292,0,NO,82,CUARTO,RECOLETA,2
SANTA FE 2000,1500000,123000000,6000,0,NO,82,CUARTO,RECOLETA,2
"GUTIERREZ, JUAN MARIA 2576",525000,43050000,4167,0,NO,82,CUARTO,RECOLETA,2
CHARCAS 3000,179000,14678000,2486,12,NO,82,CUARTO,RECOLETA,2
"PACHECO DE MELO, JOSE ANDRES 2900",460000,37720000,3194,5,NO,82,CUARTO,RECOLETA,2
LAPRIDA 1700,415000,34030000,3705,3,NO,82,CUARTO,RECOLETA,2
"ANCHORENA, TOMAS M. DE, DR 1573",95000,7790000,1583,30,NO,82,CUARTO,RECOLETA,2
DEL LIBERTADOR 1700,695000,56990000,8580,50,NO,82,CUARTO,RECOLETA,2
SANTA FE 2000,1500000,123000000,6000,20,NO,82,CUARTO,RECOLETA,2
SANTA FE 2000,1000000,82000000,5882,0,NO,82,CUARTO,RECOLETA,2
AYACUCHO 1100,230000,18860000,5111,40,NO,82,CUARTO,RECOLETA,2
SANTA FE 1900,1100000,90200000,8462,0,NO,82,CUARTO,RECOLETA,2
SANTA FE 1600,129000,10578000,430,15,NO,82,CUARTO,RECOLETA,2
"PACHECO DE MELO, JOSE ANDRES 2936",180000,14760000,2278,0,NO,82,CUARTO,RECOLETA,2
PUEYRREDON 2400,550000,45100000,3526,30,NO,82,CUARTO,RECOLETA,2
AYACUCHO 1626,230000,18860000,5750,50,NO,82,CUARTO,RECOLETA,2
"ANCHORENA, TOMAS M. DE, DR 1570",95000,7790000,1583,30,NO,82,CUARTO,RECOLETA,2
CORDOBA 1600,180000,14760000,1525,70,NO,82,CUARTO,RECOLETA,2
LIBERTAD 1300,398000,32636000,7804,35,NO,82,CUARTO,RETIRO,1
JUNCAL 1300,225000,18450000,6250,0,NO,82,CUARTO,RETIRO,1
ARENALES 963,199000,16318000,2970,30,NO,82,CUARTO,RETIRO,1
TALCAHUANO 1000,500000,41000000,559,19,NO,82,CUARTO,RETIRO,1
JUNCAL 1300,385000,31570000,4873,60,NO,82,CUARTO,RETIRO,1
ALVEAR 1400,175000,14350000,500,20,NO,82,CUARTO,RETIRO,1
TRES SARGENTOS 300,815000,66830000,1358,80,NO,82,CUARTO,RETIRO,1
DEL LIBERTADOR 82,200000,16400000,1000,0,NO,82,CUARTO,RETIRO,1
MAIPU 834,420000,34440000,2019,20,NO,82,CUARTO,RETIRO,1
SUIPACHA 900,300000,24600000,1304,55,NO,82,CUARTO,RETIRO,1
"ALVEAR, MARCELO T. De 550",49000,4018000,1960,35,NO,82,CUARTO,RETIRO,1
DEL LIBERTADOR 200,200000,16400000,2439,0,NO,82,CUARTO,RETIRO,1
"ALVEAR, MARCELO T. De 626",700000,57400000,14286,60,NO,82,CUARTO,RETIRO,1
SANTA FE 700,1000000,82000000,4975,0,NO,82,CUARTO,RETIRO,1
"PELLEGRINI, CARLOS 1200",250000,20500000,4808,0,NO,82,CUARTO,RETIRO,1
ALVEAR 1444,1750000,143500000,5000,20,NO,82,CUARTO,RETIRO,1
SAN MARTIN 1000,290000,23780000,3580,0,NO,82,CUARTO,RETIRO,1
"ALVEAR, MARCELO T. De 430",250000,20500000,2632,60,NO,82,CUARTO,RETIRO,1
MAIPU 900,570000,46740000,1839,0,NO,82,CUARTO,RETIRO,1
SUIPACHA 1300,29000,2378000,345,20,NO,82,CUARTO,RETIRO,1
ESMERALDA 1050,280000,22960000,1000,0,NO,82,CUARTO,RETIRO,1
PARAGUAY 700,760000,62320000,4064,0,NO,82,CUARTO,RETIRO,1
FLORIDA 900,29500,2419000,1135,0,NO,82,CUARTO,RETIRO,1
"ALVEAR, MARCELO T. De 500",2000000,164000000,4444,10,NO,82,CUARTO,RETIRO,1
PARAGUAY 555,550000,45100000,3333,16,NO,82,CUARTO,RETIRO,1
DEL LIBERTADOR 200,200000,16400000,2439,0,NO,82,CUARTO,RETIRO,1
CERRITO 1000,420000,34440000,6000,0,NO,82,CUARTO,RETIRO,1
ARENALES 900,240000,19680000,3636,41,NO,82,CUARTO,RETIRO,1
PARAGUAY 56,250000,20500000,417,0,NO,82,CUARTO,RETIRO,1
FLORIDA 837,260000,21320000,14444,42,NO,82,CUARTO,RETIRO,1
SUIPACHA 1300,290000,23780000,3452,20,NO,82,CUARTO,RETIRO,1
PARAGUAY 500,960000,78720000,3299,0,NO,82,CUARTO,RETIRO,1
FLORIDA 835,70000,5740000,2121,37,NO,82,CUARTO,RETIRO,1
ALVEAR 144,1750000,143500000,5000,20,NO,82,CUARTO,RETIRO,1
FLORIDA 1000,490000,40180000,4298,0,NO,82,CUARTO,RETIRO,1
SUIPACHA 1800,230000,18860000,1704,0,NO,82,CUARTO,RETIRO,1
FLORIDA 900,85000,6970000,850,50,NO,82,CUARTO,RETIRO,1
ARENALES 900,140000,11480000,3111,0,NO,82,CUARTO,RETIRO,1
ARENALES 900,140000,11480000,3111,0,NO,82,CUARTO,RETIRO,1
ASUNCION 2600,235000,19270000,1237,50,NO,82,CUARTO,AGRONOMIA,15
"ARTIGAS, JOSE GERVASIO DE, 3800",360000,29520000,1150,30,NO,82,CUARTO,AGRONOMIA,15
ASUNCION 2600,235000,19270000,1187,0,NO,82,CUARTO,AGRONOMIA,15
ASUNCION 2600,230000,18860000,1180,50,NO,82,CUARTO,AGRONOMIA,15
SAN MARTIN 5300,95000,7790000,1532,40,NO,82,CUARTO,AGRONOMIA,15
"BEIRO, FRANCISCO 465",190000,15580000,2289,0,NO,82,CUARTO,AGRONOMIA,15
"MORAN, PEDRO 2493",98500,8077000,2985,40,NO,82,CUARTO,AGRONOMIA,15
SAN MARTIN 6100,175000,14350000,2692,40,NO,82,CUARTO,AGRONOMIA,15
AVELLANEDA 300,320000,26240000,1939,40,NO,82,CUARTO,CABALLITO,6
SAN JOSE DE CALASANZ 800,89000,7298000,2225,0,NO,82,CUARTO,CABALLITO,6
"JUSTO, JUAN B. 4100",250000,20500000,3571,50,NO,82,CUARTO,CABALLITO,6
DOBLAS 100,435000,35670000,1812,0,NO,82,CUARTO,CABALLITO,6
"GOYENA, PEDRO 1000",1800000,147600000,3000,0,NO,82,CUARTO,CABALLITO,6
BARCO CENTENERA DEL 400,550000,45100000,3056,20,NO,82,CUARTO,CABALLITO,6
RIVADAVIA 5000,180000,14760000,2812,0,NO,82,CUARTO,CABALLITO,6
DIRECTORIO 741,450000,36900000,2778,0,NO,82,CUARTO,CABALLITO,6
"PUEYRREDON, HONORIO, DR. 792",390000,31980000,1560,0,NO,82,CUARTO,CABALLITO,6
YERBAL 800,195000,15990000,2708,0,NO,82,CUARTO,CABALLITO,6
CORDOBA 6200,990000,81180000,3960,0,NO,82,CUARTO,CHACARITA,15
CORRIENTES 6400,199000,16318000,2689,10,NO,82,CUARTO,CHACARITA,15
LEIVA 4000,400000,32800000,862,50,NO,82,CUARTO,CHACARITA,15
CORDOBA 6200,700000,57400000,3804,0,NO,82,CUARTO,CHACARITA,15
CORDOBA 6200,700000,57400000,3804,0,NO,82,CUARTO,CHACARITA,15
CASTILLO 1500,55000,4510000,2391,7,NO,82,CUARTO,CHACARITA,15
LEIVA 4000,370000,30340000,701,45,NO,82,CUARTO,CHACARITA,15
"LACROZE, FEDERICO 3600",200000,16400000,2222,0,NO,82,CUARTO,CHACARITA,15
LA PLATA 1400,1500000,123000000,857,20,NO,82,CUARTO,PARQUE CHACABUCO,7
"PERON, EVA 1957",260000,21320000,5000,0,NO,82,CUARTO,PARQUE CHACABUCO,7
ZUVIRIA 1100,310000,25420000,2719,0,NO,82,CUARTO,PARQUE CHACABUCO,7
CURAPALIGUE 1200,95000,7790000,1696,0,NO,82,CUARTO,PARQUE CHACABUCO,7
CURAPALIGUE 1200,120000,9840000,2143,0,NO,82,CUARTO,PARQUE CHACABUCO,7
BALBASTRO 1600,295000,24190000,686,0,NO,82,CUARTO,PARQUE CHACABUCO,7
SALAS 848,300000,24600000,1200,0,NO,82,CUARTO,PARQUE CHACABUCO,7
ZELARRAYAN 1670,537744,44095008,2649,0,NO,82,CUARTO,PARQUE CHACABUCO,7
BEAUCHEF 1998,225000,18450000,784,0,NO,82,CUARTO,PARQUE CHACABUCO,7
ASAMBLEA 1500,65000,5330000,3250,0,NO,82,CUARTO,PARQUE CHACABUCO,7
LLERENA 3000,169000,13858000,1037,0,NO,82,CUARTO,PARQUE CHAS,15
DE LOS INCAS 5400,120000,9840000,1263,0,NO,82,CUARTO,PARQUE CHAS,15
BUCARELLI 1400,79000,6478000,1881,0,NO,82,CUARTO,PARQUE CHAS,15
ALTOLAGUIRRE 1400,80000,6560000,1333,0,NO,82,CUARTO,PARQUE CHAS,15
"GARCIA, JUAN AGUSTIN 1000",210000,17220000,1273,40,NO,82,CUARTO,PATERNAL,15
CHORROARIN 700,112000,9184000,2036,0,NO,82,CUARTO,PATERNAL,15
SAN MARTIN 2655,360000,29520000,3830,0,NO,82,CUARTO,PATERNAL,15
WARNES 1600,340000,27880000,2833,0,NO,82,CUARTO,PATERNAL,15
"SEGUI, JUAN FRANCISCO 2127",1700000,139400000,862,0,NO,82,CUARTO,PATERNAL,15
"SEGUI, JUAN FRANCISCO 2100",40000,3280000,1818,0,NO,82,CUARTO,PATERNAL,15
"TRELLES, MANUEL R. 2600",290000,23780000,1450,0,NO,82,CUARTO,PATERNAL,15
"GARCIA, JUAN AGUSTIN 1000",210000,17220000,1273,0,NO,82,CUARTO,PATERNAL,15
PAYSANDU 2200,108999,8937918,2422,0,NO,82,CUARTO,PATERNAL,15
BAUNESS 900,1100000,90200000,836,50,NO,82,CUARTO,PATERNAL,15
AMENABAR 3821,130000,10660000,4333,0,NO,82,CUARTO,SAAVEDRA,12
HOLMBERG 4091,348000,28536000,2175,0,NO,82,CUARTO,SAAVEDRA,12
SAN ISIDRO LABRADOR 4500,432000,35424000,2571,0,NO,82,CUARTO,SAAVEDRA,12
"ACHA, MARIANO, Gral. 3800",130000,10660000,1566,0,NO,82,CUARTO,SAAVEDRA,12
SAN ISIDRO LABRADOR 4500,432000,35424000,2571,40,NO,82,CUARTO,SAAVEDRA,12
PLAZA 3977,150000,12300000,1667,50,NO,82,CUARTO,SAAVEDRA,12
PAROISSIEN 4100,75000,6150000,750,0,NO,82,CUARTO,SAAVEDRA,12
MELIAN 3900,380000,31160000,4634,0,NO,82,CUARTO,SAAVEDRA,12
TRONADOR 3800,265000,21730000,2038,70,NO,82,CUARTO,SAAVEDRA,12
DORREGO 300,160000,13120000,1067,65,NO,82,CUARTO,VILLA CRESPO,15
CORDOBA 5160,2700000,221400000,1609,0,NO,82,CUARTO,VILLA CRESPO,15
CORDOBA 5300,1300000,106600000,2309,0,NO,82,CUARTO,VILLA CRESPO,15
"ALVAREZ, JULIAN 1000",145000,11890000,4143,0,NO,82,CUARTO,VILLA CRESPO,15
CORDOBA 5022,1050000,86100000,5303,0,NO,82,CUARTO,VILLA CRESPO,15
"SCALABRINI ORTIZ, RAUL 500",150000,12300000,1154,30,NO,82,CUARTO,VILLA CRESPO,15
"VIRASORO, VALENTIN 1900",1100000,90200000,3056,5,NO,82,CUARTO,VILLA CRESPO,15
"DRAGO, LUIS MARIA 255",140000,11480000,3333,0,NO,82,CUARTO,VILLA CRESPO,15
CORRIENTES 4900,590000,48380000,1245,40,NO,82,CUARTO,VILLA CRESPO,15
ARAOZ 279,175000,14350000,627,40,NO,82,CUARTO,VILLA CRESPO,15
"ALVAREZ, JULIAN 500",199000,16318000,2031,40,NO,82,CUARTO,VILLA CRESPO,15
"SCALABRINI ORTIZ, RAUL 400",499000,40918000,825,30,NO,82,CUARTO,VILLA CRESPO,15
AGUIRRE 600,790000,64780000,5267,10,NO,82,CUARTO,VILLA CRESPO,15
WARNES 500,190000,15580000,1727,8,NO,82,CUARTO,VILLA CRESPO,15
SAN MARTIN 4500,136000,11152000,1402,50,NO,82,CUARTO,VILLA DEL PARQUE,11
TERRADA 3180,50000,4100000,2273,0,NO,82,CUARTO,VILLA DEL PARQUE,11
BAIGORRIA 2400,42000,3444000,2625,5,NO,82,CUARTO,VILLA DEL PARQUE,11
CUENCA 2700,198000,16236000,4125,45,NO,82,CUARTO,VILLA DEL PARQUE,11
ARREGUI 3699,165000,13530000,1375,42,NO,82,CUARTO,VILLA DEL PARQUE,11
NOGOYA 2700,120000,9840000,3000,0,NO,82,CUARTO,VILLA DEL PARQUE,11
"CALDERON DE LA BARCA, PEDRO 3075",49900,4091800,1782,0,NO,82,CUARTO,VILLA DEVOTO SUR,11
QUEVEDO 3700,95000,7790000,1900,58,NO,82,CUARTO,VILLA DEVOTO SUR,11
CHORROARIN 1200,150000,12300000,1145,0,NO,82,CUARTO,VILLA ORTUZAR,15
"ALVAREZ, THOMAS 1700",550000,45100000,3667,0,NO,82,CUARTO,VILLA ORTUZAR,15
DONADO 1700,199000,16318000,2843,0,NO,82,CUARTO,VILLA ORTUZAR,15
DE LOS INCAS 3900,590000,48380000,5364,0,NO,82,CUARTO,VILLA ORTUZAR,15
TRIUNVIRATO 4021,300000,24600000,3658,0,NO,82,CUARTO,VILLA ORTUZAR,15
CAMPANA 4400,89000,7298000,2543,0,NO,82,CUARTO,VILLA PUEYRREDON,12
"MISTRAL, GABRIELA 2800",165000,13530000,1941,9,NO,82,CUARTO,VILLA PUEYRREDON,12
ALBARELLOS 3100,55000,4510000,982,30,NO,82,CUARTO,VILLA PUEYRREDON,12
"MOSCONI, GRAL. 2500",195000,15990000,5000,0,NO,82,CUARTO,VILLA PUEYRREDON,12
"MOSCONI, GRAL. 3200",35000,2870000,2188,55,NO,82,CUARTO,VILLA PUEYRREDON,12
"MOSCONI, GRAL. 3200",30000,2460000,2500,55,NO,82,CUARTO,VILLA PUEYRREDON,12
"CUBAS, JOSE 2600",398000,32636000,1121,0,NO,82,CUARTO,VILLA PUEYRREDON,12
"RIVERA, PEDRO I., Dr. 4076",85000,6970000,1441,35,NO,82,CUARTO,VILLA URQUIZA,12
LA PAMPA 4704,195000,15990000,2671,25,NO,82,CUARTO,VILLA URQUIZA,12
LA PAMPA 4700,240000,19680000,3288,0,NO,82,CUARTO,VILLA URQUIZA,12
MONROE 4275,2150000,176300000,3583,5,NO,82,CUARTO,VILLA URQUIZA,12
ECHEVERRIA 4200,880000,72160000,4251,0,NO,82,CUARTO,VILLA URQUIZA,12
MONROE 4870,540000,44280000,2278,0,NO,82,CUARTO,VILLA URQUIZA,12
BLANCO ENCALADA 4400,144900,11881800,3534,0,NO,82,CUARTO,VILLA URQUIZA,12
BLANCO ENCALADA 4100,450000,36900000,1852,0,NO,82,CUARTO,VILLA URQUIZA,12
QUESADA 4980,80000,6560000,2667,8,NO,82,CUARTO,VILLA URQUIZA,12
"RIVERA, PEDRO I., Dr. 5000",199000,16318000,995,30,NO,82,CUARTO,VILLA URQUIZA,12
"ACHA, MARIANO, Gral. 2700",230000,18860000,2421,0,NO,82,CUARTO,VILLA URQUIZA,12
MERCEDES 4400,75000,6150000,2500,35,NO,82,CUARTO,VILLA DEVOTO NORTE,11
SAN NICOLAS 5000,145000,11890000,1908,0,NO,82,CUARTO,VILLA DEVOTO NORTE,11
SAN MARTIN 6212,100000,8200000,2083,50,NO,82,CUARTO,VILLA DEVOTO NORTE,11
GUALEGUAYCHU 38000,69000,5658000,3833,0,NO,82,CUARTO,VILLA DEVOTO NORTE,11
"LOPEZ, CARLOS ANTONIO 3900",150000,12300000,3061,4,NO,82,CUARTO,VILLA DEVOTO NORTE,11
"LAMARCA, EMILIO 3694",62000,5084000,2480,40,NO,82,CUARTO,VILLA DEVOTO NORTE,11
REGIMIENTO DE PATRICIOS 400,500000,41000000,1250,0,NO,82,CUARTO,BOCA,4
"VALLE, ARISTOBULO DEL 500",140000,11480000,1505,25,NO,82,CUARTO,BOCA,4
DON PEDRO DE MENDOZA 1500,60000,4920000,857,60,NO,82,CUARTO,BOCA,4
"VALLE, ARISTOBULO DEL 300",55000,4510000,1375,60,NO,82,CUARTO,BOCA,4
"VALLE, ARISTOBULO DEL 300",250000,20500000,1250,0,NO,82,CUARTO,BOCA,4
IRALA 1500,130000,10660000,1008,100,NO,82,CUARTO,BOCA,4
"RODRIGUEZ, MARTIN 400",52900,4337800,1653,30,NO,82,CUARTO,BOCA,4
"ARAOZ DE LAMADRID, G., GRAL. 311",79000,6478000,585,0,NO,82,CUARTO,BOCA,4
"BROWN, ALTE. 1300",119999,9839918,741,110,NO,82,CUARTO,BOCA,4
"RODRIGUEZ, MARTIN 1700",400000,32800000,4706,0,NO,82,CUARTO,BOCA,4
SAN JUAN 3900,430000,35260000,1792,0,NO,82,CUARTO,BOEDO,5
INDEPENDENCIA 3600,398000,32636000,1020,43,NO,82,CUARTO,BOEDO,5
"GARAY, JUAN DE 4200",420000,34440000,1288,0,NO,82,CUARTO,BOEDO,5
BOEDO 800,1550000,127100000,2253,0,NO,82,CUARTO,BOEDO,5
"CALVO, CARLOS 4200",280000,22960000,2667,0,NO,82,CUARTO,BOEDO,5
SAN JUAN 4200,145000,11890000,1021,65,NO,82,CUARTO,BOEDO,5
"CALVO, CARLOS 3600",187000,15334000,1428,60,NO,82,CUARTO,BOEDO,5
CHICLANA 3892,105000,8610000,2059,0,NO,82,CUARTO,BOEDO,5
SEGUROLA 800,270000,22140000,1000,10,NO,82,CUARTO,FLORESTA,10
CHIVILCOY 305,690000,56580000,2262,80,NO,82,CUARTO,FLORESTA,10
RIVADAVIA 8300,25000,2050000,893,19,SI,82,CUARTO,FLORESTA,10
SAN NICOLAS 200,56300,4616600,1340,0,NO,82,CUARTO,FLORESTA,10
SEGUROLA 400,350000,28700000,1268,0,NO,82,CUARTO,FLORESTA,10
SEGUROLA 200,70000,5740000,3182,0,NO,82,CUARTO,FLORESTA,10
RIVADAVIA 11300,799000,65518000,6146,0,NO,82,CUARTO,LINIERS,9
MONTIEL 300,80000,6560000,3333,30,NO,82,CUARTO,LINIERS,9
ERCILLA 66000,80000,6560000,2424,30,NO,82,CUARTO,LINIERS,9
RIVADAVIA 11300,1800000,147600000,2192,90,NO,82,CUARTO,LINIERS,9
"FALCON, RAMON L.,CNEL. 6300",72000,5904000,2880,0,NO,82,CUARTO,LINIERS,9
"FALCON, RAMON L.,CNEL. 7200",160000,13120000,3404,30,NO,82,CUARTO,LINIERS,9
RIVADAVIA 11300,799000,65518000,6146,0,NO,82,CUARTO,LINIERS,9
CARHUE 55,25000,2050000,1786,30,NO,82,CUARTO,LINIERS,9
"FALCON, RAMON L.,CNEL. 6800",450000,36900000,1111,30,NO,82,CUARTO,LINIERS,9
"VIEDMA, FRANCISCO de 6839",235000,19270000,1469,25,NO,82,CUARTO,LINIERS,9
"JUSTO, JUAN B. 9100",265000,21730000,552,0,NO,82,CUARTO,LINIERS,9
RIVADAVIA 107000,140000,11480000,2800,0,NO,82,CUARTO,LINIERS,9
RIVADAVIA 10763,140000,11480000,2800,0,NO,82,CUARTO,LINIERS,9
MONTIEL 1900,43000,3526000,1870,0,NO,82,CUARTO,MATADEROS,9
"ALBERDI, JUAN BAUTISTA 7400",650000,53300000,1688,0,NO,82,CUARTO,MATADEROS,9
"RODO, JOSE E. 5600",70000,5740000,972,0,NO,82,CUARTO,MATADEROS,9
MONTIEL 1800,80000,6560000,3636,0,NO,82,CUARTO,MATADEROS,9
"DE LA TORRE, LISANDRO 1400",168000,13776000,1514,0,NO,82,CUARTO,MATADEROS,9
"PERON, EVA 5700",100000,8200000,1220,0,NO,82,CUARTO,MATADEROS,9
ARAUJO 2400,40000,3280000,1600,40,NO,82,CUARTO,MATADEROS,9
BAHIA BLANCA 2300,85000,6970000,2576,0,NO,82,CUARTO,MONTE CASTRO,10
MIRANDA 5200,75000,6150000,2273,0,NO,82,CUARTO,MONTE CASTRO,10
BAHIA BLANCA 2300,86000,7052000,2606,0,NO,82,CUARTO,MONTE CASTRO,10
ALVAREZ JONTE 4400,950000,77900000,2311,0,NO,82,CUARTO,MONTE CASTRO,10
ALVAREZ JONTE 4000,280000,22960000,3374,0,NO,82,CUARTO,MONTE CASTRO,10
SANABRIA 2400,195000,15990000,1560,0,NO,82,CUARTO,MONTE CASTRO,10
ALVAREZ JONTE 5400,315000,25830000,3500,0,NO,82,CUARTO,MONTE CASTRO,10
BERMUDEZ 2400,410000,33620000,1864,25,NO,82,CUARTO,MONTE CASTRO,10
LOPE DE VEGA 2000,180000,14760000,900,45,NO,82,CUARTO,MONTE CASTRO,10
"FERNANDEZ DE LA CRUZ, F., GRAL. 1500",135000,11070000,957,0,NO,82,CUARTO,NUEVA POMPEYA,4
SAENZ 1200,195000,15990000,1393,0,NO,82,CUARTO,NUEVA POMPEYA,4
"RABANAL, FRANCISCO, INTENDENTE 1300",175000,14350000,875,0,NO,82,CUARTO,NUEVA POMPEYA,4
SAENZ 1273,275000,22550000,972,0,NO,82,CUARTO,NUEVA POMPEYA,4
BEAZLEY 3900,775000,63550000,569,0,NO,82,CUARTO,NUEVA POMPEYA,4
"RABANAL, FRANCISCO, INTENDENTE 1982",75000,6150000,1000,0,NO,82,CUARTO,NUEVA POMPEYA,4
SAENZ 689,400000,32800000,2500,0,NO,82,CUARTO,NUEVA POMPEYA,4
"ALCORTA, AMANCIO 4100",259000,21238000,446,0,NO,82,CUARTO,NUEVA POMPEYA,4
LA PLATA 2300,250000,20500000,2632,0,NO,82,CUARTO,NUEVA POMPEYA,4
SOMELLERA 999,60000,4920000,674,0,NO,82,CUARTO,NUEVA POMPEYA,4
"POMAR, GREGORIO Tte. Cnel. 3800",66000,5412000,1692,0,NO,82,CUARTO,NUEVA POMPEYA,4
RAULET 100,66000,5412000,1692,0,NO,82,CUARTO,NUEVA POMPEYA,4
"CASTILLO, CATULO 2500",65000,5330000,985,0,NO,82,CUARTO,PARQUE PATRICIOS,4
LA RIOJA 1713,490000,40180000,1885,0,NO,82,CUARTO,PARQUE PATRICIOS,4
ALBERTI 1900,249000,20418000,2204,0,NO,82,CUARTO,PARQUE PATRICIOS,4
CASEROS 2459,550000,45100000,3526,0,NO,82,CUARTO,PARQUE PATRICIOS,4
ENTRE RIOS 1700,200000,16400000,909,0,NO,82,CUARTO,PARQUE PATRICIOS,4
LA RIOJA 1713,490000,40180000,1885,0,NO,82,CUARTO,PARQUE PATRICIOS,4
CHICLANA 3000,490000,40180000,1885,0,NO,82,CUARTO,PARQUE PATRICIOS,4
JUJUY 1800,128500,10537000,1137,30,NO,82,CUARTO,PARQUE PATRICIOS,4
MORETO 8,55000,4510000,1486,0,NO,82,CUARTO,VELEZ SARSFIELD,10
"JUSTO, JUAN B. 7154",145000,11890000,890,0,NO,82,CUARTO,VELEZ SARSFIELD,10
"JUSTO, JUAN B. 7600",191000,15662000,1592,50,NO,82,CUARTO,VELEZ SARSFIELD,10
SAN BLAS 5100,280000,22960000,1267,0,NO,82,CUARTO,VELEZ SARSFIELD,10
BERMUDEZ 1402,100000,8200000,2222,0,NO,82,CUARTO,VELEZ SARSFIELD,10
SARACHAGA 4200,183000,15006000,958,0,NO,82,CUARTO,VELEZ SARSFIELD,10
LACARRA 363,55000,4510000,2500,0,NO,82,CUARTO,VELEZ SARSFIELD,10
"JUSTO, JUAN B. 7500",275000,22550000,2165,0,NO,82,CUARTO,VELEZ SARSFIELD,10
"JUSTO, JUAN B. 7500",275000,22550000,1833,0,NO,82,CUARTO,VELEZ SARSFIELD,10
SAN BLAS 4800,425000,34850000,803,0,NO,82,CUARTO,VELEZ SARSFIELD,10
"ARANGUREN, JUAN F., Dr. 4599",349900,28691800,2631,0,NO,82,CUARTO,VELEZ SARSFIELD,10
LOPE DE VEGA 1200,90000,7380000,2093,26,NO,82,CUARTO,VELEZ SARSFIELD,10
RIVADAVIA 9100,750000,61500000,1500,0,NO,82,CUARTO,VELEZ SARSFIELD,10
"JUSTO, JUAN B. 7700",370000,30340000,1072,10,NO,82,CUARTO,VELEZ SARSFIELD,10
LOPE DE VEGA 800,58000,4756000,2071,0,NO,82,CUARTO,VELEZ SARSFIELD,10
RUIZ DE LOS LLANOS 600,490000,40180000,817,0,NO,82,CUARTO,VERSALLES,10
ALVAREZ JONTE 6100,85000,6970000,2833,0,NO,82,CUARTO,VERSALLES,10
"ALVAREZ, DONATO, Tte. Gral. 2100",320000,26240000,914,0,NO,82,CUARTO,VILLA GRAL. MITRE,11
SAN BLAS 1600,99000,8118000,3414,0,NO,82,CUARTO,VILLA GRAL. MITRE,11
CARACAS 2300,185000,15170000,1303,40,NO,82,CUARTO,VILLA GRAL. MITRE,11
ALVAREZ JONTE 2500,170000,13940000,1828,0,NO,82,CUARTO,VILLA GRAL. MITRE,11
"ESCALADA DE SAN MARTIN, R. 2500",64000,5248000,2667,60,NO,82,CUARTO,VILLA GRAL. MITRE,11
BOLONIA 5400,380000,31160000,1000,0,NO,82,CUARTO,VILLA LURO,10
"JUSTO, JUAN B. 8064",180000,14760000,1800,30,NO,82,CUARTO,VILLA LURO,10
"FALCON, RAMON L.,CNEL. 5100",2400000,196800000,4000,3,NO,82,CUARTO,VILLA LURO,10
"FALCON, RAMON L.,CNEL. 5100",190000,15580000,1044,0,NO,82,CUARTO,VILLA LURO,10
ACASSUSO 5100,400000,32800000,3390,0,NO,82,CUARTO,VILLA LURO,10
CORTINA 2185,159000,13038000,1060,0,NO,82,CUARTO,VILLA REAL,10
ITAQUI 6700,120000,9840000,1846,0,NO,82,CUARTO,VILLA RIACHUELO,8
ALVAREZ JONTE 2700,89000,7298000,2871,0,NO,82,CUARTO,VILLA SANTA RITA,11
NAZCA 1900,94000,7708000,2938,0,NO,82,CUARTO,VILLA SANTA RITA,11
"MAGARIÑOS CERVANTES, A. 3098",166000,13612000,4486,0,NO,82,CUARTO,VILLA SANTA RITA,11
TRES ARROYOS 3400,230000,18860000,902,5,NO,82,CUARTO,VILLA SANTA RITA,11
CONCORDIA 1076,75000,6150000,1442,15,NO,82,CUARTO,VILLA SANTA RITA,11
"GARCIA, JUAN AGUSTIN 3698",62000,5084000,2214,40,NO,82,CUARTO,VILLA SANTA RITA,11
"LAMARCA, EMILIO 1900",300000,24600000,872,0,NO,82,CUARTO,VILLA SANTA RITA,11
"GARCIA, JUAN AGUSTIN 3692",179000,14678000,2266,40,NO,82,CUARTO,VILLA SANTA RITA,11
"LAMARCA, EMILIO 1351",57900,4747800,1703,45,NO,82,CUARTO,VILLA SANTA RITA,11
"GARCIA, JUAN AGUSTIN 3600",62000,5084000,2480,40,NO,82,CUARTO,VILLA SANTA RITA,11
"GARCIA, JUAN AGUSTIN 3692",179000,14678000,2266,40,NO,82,CUARTO,VILLA SANTA RITA,11
"BERG, CARLOS 3500",60000,4920000,1250,0,NO,82,CUARTO,VILLA SOLDATI,8
"FERNANDEZ DE LA CRUZ, F., GRAL. 3486",229000,18778000,1272,63,NO,82,CUARTO,VILLA SOLDATI,8
ROCHA 1599,93000,7626000,2583,0,NO,82,CUARTO,BARRACAS ESTE,4
HERRERA 1700,379000,31078000,3008,0,NO,82,CUARTO,BARRACAS ESTE,4
VIEYTES 1246,58000,4756000,829,40,NO,82,CUARTO,BARRACAS ESTE,4
"MONTES DE OCA, MANUEL 200",320000,26240000,3200,12,NO,82,CUARTO,BARRACAS ESTE,4
VIEYTES 1300,70000,5740000,2333,0,NO,82,CUARTO,BARRACAS ESTE,4
BOLIVAR 1800,650000,53300000,1444,0,NO,82,CUARTO,BARRACAS ESTE,4
"MONTES DE OCA, MANUEL 1200",550000,45100000,2546,50,NO,82,CUARTO,BARRACAS ESTE,4
"MONTES DE OCA, MANUEL 427",1000000,82000000,5000,10,NO,82,CUARTO,BARRACAS ESTE,4
REGIMIENTO DE PATRICIOS 1676,89000,7298000,1618,0,NO,82,CUARTO,BARRACAS ESTE,4
CASEROS 1700,689000,56498000,997,15,NO,82,CUARTO,BARRACAS ESTE,4
"ALCORTA, AMANCIO 1400",49000,4018000,527,0,NO,82,CUARTO,BARRACAS ESTE,4
LUZURIAGA 300,72000,5904000,550,0,NO,82,CUARTO,BARRACAS ESTE,4
"ALBERDI, JUAN BAUTISTA 4100",230000,18860000,1257,35,NO,82,CUARTO,PARQUE AVELLANEDA,9
"PERON, EVA 4300",249000,20418000,2041,0,NO,82,CUARTO,PARQUE AVELLANEDA,9
HOMERO 752,430000,35260000,625,45,NO,82,CUARTO,PARQUE AVELLANEDA,9
"ALBERDI, JUAN BAUTISTA 4300",140000,11480000,496,0,NO,82,CUARTO,PARQUE AVELLANEDA,9
OLIVERA 1500,50000,4100000,1562,0,NO,82,CUARTO,PARQUE AVELLANEDA,9
"ACOSTA, MARIANO 1300",69900,5731800,984,0,NO,82,CUARTO,PARQUE AVELLANEDA,9
"AMEGHINO, FLORENTINO, Dr. 1700",79900,6551800,1192,0,NO,82,CUARTO,PARQUE AVELLANEDA,9
LAGUNA 1500,250000,20500000,641,0,NO,82,CUARTO,PARQUE AVELLANEDA,9
"ACOSTA, MARIANO 1300",69900,5731800,984,0,NO,82,CUARTO,PARQUE AVELLANEDA,9
DIRECTORIO 4700,650000,53300000,1515,0,NO,82,CUARTO,PARQUE AVELLANEDA,9
"GARZON, EUGENIO, GRAL. 3694",36000,2952000,3000,0,NO,82,CUARTO,PARQUE AVELLANEDA,9
"ALBERDI, JUAN BAUTISTA 4100",520000,42640000,1503,0,NO,82,CUARTO,PARQUE AVELLANEDA,9
"ALBERDI, JUAN BAUTISTA 4099",5753000,471746000,821,0,NO,82,CUARTO,PARQUE AVELLANEDA,9
"ALBERDI, JUAN BAUTISTA 4100",520000,42640000,1503,0,NO,82,CUARTO,PARQUE AVELLANEDA,9
LAGUNA 150,250000,20500000,641,30,NO,82,CUARTO,PARQUE AVELLANEDA,9
"PERON, EVA 5100",440000,36080000,800,0,NO,82,CUARTO,VILLA LUGANO,8
"PERON, EVA 5900",650000,53300000,1040,0,NO,82,CUARTO,VILLA LUGANO,8
RIESTRA 5900,315000,25830000,2625,0,NO,82,CUARTO,VILLA LUGANO,8
"CHILAVERT, MARTINIANO, Cnel. 5800",130000,10660000,1066,0,NO,82,CUARTO,VILLA LUGANO,8
2 DE ABRIL DE 1982 6900,65000,5330000,422,30,NO,82,CUARTO,VILLA LUGANO,8
"CHILAVERT, MARTINIANO, Cnel. 5800",100000,8200000,909,0,NO,82,CUARTO,VILLA LUGANO,8
BARCA CABO DE HORNOS 6600,35000,2870000,833,0,NO,82,CUARTO,VILLA LUGANO,8
SOLDADO DE LA FRONTERA 5400,58000,4756000,841,0,NO,82,CUARTO,VILLA LUGANO,8
"VILLEGAS, CONRADO, Gral. 5560",80000,6560000,1000,40,NO,82,CUARTO,VILLA LUGANO,8
"LEGUIZAMON, MARTINIANO 4300",200000,16400000,800,20,NO,82,CUARTO,VILLA LUGANO,8
RIVADAVIA 6662,2000000,164000000,1885,45,NO,82,CUARTO,FLORES NORTE,7
"ALBERDI, JUAN BAUTISTA 2200",335000,27470000,1650,55,NO,82,CUARTO,FLORES NORTE,7
FRANKLIN 1943,102000,8364000,1569,0,NO,82,CUARTO,FLORES NORTE,7
PEDERNERA 73,220000,18040000,4889,44,NO,82,CUARTO,FLORES NORTE,7
NAZCA 544,110000,9020000,12222,10,NO,82,CUARTO,FLORES NORTE,7
"FALCON, RAMON L.,CNEL. 2577",250000,20500000,3571,30,NO,82,CUARTO,FLORES NORTE,7
"FALCON, RAMON L.,CNEL. 2300",150000,12300000,3409,60,NO,82,CUARTO,FLORES NORTE,7
RIVADAVIA 6662,2000000,164000000,1885,45,NO,82,CUARTO,FLORES NORTE,7
RIVADAVIA 6800,52000,4264000,1576,0,NO,82,CUARTO,FLORES NORTE,7
GAONA 3400,145000,11890000,2014,70,NO,82,CUARTO,FLORES NORTE,7
"BOCAYUVA, QUINTINO 540",40000,3120000,1143,38,NO,78,TERCER,ALMAGRO,5
POTOSI 3800,77000,6006000,3850,0,NO,78,TERCER,ALMAGRO,5
"MITRE, BARTOLOME 3700",89000,6942000,1854,25,NO,78,TERCER,ALMAGRO,5
"MITRE, BARTOLOME 3900",95000,7410000,2375,50,NO,78,TERCER,ALMAGRO,5
DIAZ VELEZ 4200,99000,7722000,1523,0,NO,78,TERCER,ALMAGRO,5
PRINGLES 700,105000,8190000,1500,45,NO,78,TERCER,ALMAGRO,5
TREINTA Y TRES ORIENTALES 2,115000,8970000,2500,40,NO,78,TERCER,ALMAGRO,5
LAVALLE 3900,125000,9750000,2119,50,NO,78,TERCER,ALMAGRO,5
DIAZ VELEZ 4000,135000,10530000,4091,60,NO,78,TERCER,ALMAGRO,5
"BRAVO, MARIO 900",150000,11700000,3750,30,NO,78,TERCER,ALMAGRO,5
"BRAVO, MARIO 900",170000,13260000,1619,60,NO,78,TERCER,ALMAGRO,5
"SALGUERO, JERONIMO 500",220000,17160000,2292,60,NO,78,TERCER,ALMAGRO,5
"SALGUERO, JERONIMO 800",235000,18330000,1516,35,NO,78,TERCER,ALMAGRO,5
"YRIGOYEN, HIPOLITO 3400",290000,22620000,1568,45,NO,78,TERCER,ALMAGRO,5
CORRIENTES 4200,380000,29640000,2375,20,NO,78,TERCER,ALMAGRO,5
MEDRANO 500,440000,34320000,2444,45,NO,78,TERCER,ALMAGRO,5
BOEDO 700,35000,2738750,2692,40,NO,78,TERCER,ALMAGRO,5
TREINTA Y TRES ORIENTALES 700,280000,21910000,1098,0,NO,78,TERCER,ALMAGRO,5
MEDRANO 100,185000,14476250,3426,25,NO,78,TERCER,ALMAGRO,5
"SALGUERO, JERONIMO 800",235000,18388750,1516,35,NO,78,TERCER,ALMAGRO,5
"ACUÑA DE FIGUEROA, FRANCISCO 1200",289000,22614250,6881,0,NO,78,TERCER,ALMAGRO,5
CORDOBA 3900,860000,67295000,3440,5,NO,78,TERCER,ALMAGRO,5
ESTADO DE ISRAEL 4605,100000,7875000,1818,0,NO,79,TERCER,ALMAGRO,5
CORRIENTES 4200,380000,29925000,2375,20,NO,79,TERCER,ALMAGRO,5
"ALSINA, ADOLFO 2800",90000,7020000,2571,0,NO,78,TERCER,BALVANERA,3
JUJUY 100,180000,14040000,2571,0,NO,78,TERCER,BALVANERA,3
SARMIENTO 3100,690000,53820000,1725,0,NO,78,TERCER,BALVANERA,3
CATAMARCA 100,48000,3744000,1200,40,NO,78,TERCER,BALVANERA,3
DEAN FUNES 500,59000,4602000,1967,0,NO,78,TERCER,BALVANERA,3
MORENO 2600,79000,6162000,1317,50,NO,78,TERCER,BALVANERA,3
"YRIGOYEN, HIPOLITO 2400",80000,6240000,3478,0,NO,78,TERCER,BALVANERA,3
"URQUIZA, Gral. 100",84000,6552000,1500,40,NO,78,TERCER,BALVANERA,3
ALBERTI 300,90000,7020000,978,0,NO,78,TERCER,BALVANERA,3
"JAURES, JEAN 332",90000,7020000,857,40,NO,78,TERCER,BALVANERA,3
"URQUIZA, Gral. 700",98000,7644000,2130,60,NO,78,TERCER,BALVANERA,3
CORRIENTES 2500,129000,10062000,1217,35,SI,78,TERCER,BALVANERA,3
"ANCHORENA, TOMAS M. DE, DR 300",148700,11598600,1304,48,NO,78,TERCER,BALVANERA,3
LAVALLE 2000,149000,11622000,1490,35,NO,78,TERCER,BALVANERA,3
"JAURES, JEAN 400",150000,11700000,1230,0,NO,78,TERCER,BALVANERA,3
VENEZUELA 2460,150000,11700000,1875,20,NO,78,TERCER,BALVANERA,3
JUNIN 200,170000,13260000,2329,70,NO,78,TERCER,BALVANERA,3
"GOMEZ, VALENTIN 3200",176500,13767000,1038,40,NO,78,TERCER,BALVANERA,3
"YRIGOYEN, HIPOLITO 3100",177000,13806000,4917,0,NO,78,TERCER,BALVANERA,3
JUJUY 100,180000,14040000,2571,0,NO,78,TERCER,BALVANERA,3
TUCUMAN 2700,185000,14430000,1637,45,NO,78,TERCER,BALVANERA,3
RINCON 100,234000,18252000,2147,0,NO,78,TERCER,BALVANERA,3
"ALSINA, ADOLFO 2900",299000,23322000,1172,50,NO,78,TERCER,BALVANERA,3
BELGRANO 3000,300000,23400000,857,50,NO,78,TERCER,BALVANERA,3
BELGRANO 2500,320000,24960000,1778,0,NO,78,TERCER,BALVANERA,3
"GOMEZ, VALENTIN 2600",380000,29640000,3958,0,NO,78,TERCER,BALVANERA,3
ECUADOR 608,385000,30030000,1791,17,NO,78,TERCER,BALVANERA,3
TUCUMAN 2200,475000,37050000,2969,50,NO,78,TERCER,BALVANERA,3
PUEYRREDON 600,480000,37440000,3453,30,NO,78,TERCER,BALVANERA,3
"GOMEZ, VALENTIN 2792",490000,38220000,5976,30,NO,78,TERCER,BALVANERA,3
RIVADAVIA 2100,590000,46020000,2500,0,NO,78,TERCER,BALVANERA,3
SARMIENTO 3100,690000,53820000,1725,0,NO,78,TERCER,BALVANERA,3
CORRIENTES 2000,698000,54444000,2493,10,NO,78,TERCER,BALVANERA,3
RIVADAVIA 3100,850000,66300000,1008,60,NO,78,TERCER,BALVANERA,3
"ALSINA, ADOLFO 2800",1100000,85800000,1618,80,NO,78,TERCER,BALVANERA,3
"URQUIZA, Gral. 200",1200000,93600000,2400,0,NO,78,TERCER,BALVANERA,3
COMBATE DE LOS POZOS 300,80000,6260000,1600,40,NO,78,TERCER,BALVANERA,3
CORDOBA 3100,250000,19562500,2358,0,NO,78,TERCER,BALVANERA,3
SAN JOSE 1500,45000,3521250,776,0,NO,78,TERCER,CONSTITUCION,1
ESTADOS UNIDOS 1300,72000,5634000,1565,40,NO,78,TERCER,CONSTITUCION,1
SALTA 1100,83000,6494750,1186,50,NO,78,TERCER,CONSTITUCION,1
SAN JUAN 1300,110000,8607500,2750,0,NO,78,TERCER,CONSTITUCION,1
15 DE NOVIEMBRE DE 1889 1600,260000,20345000,1405,0,NO,78,TERCER,CONSTITUCION,1
"IRIGOYEN, BERNARDO DE 1340",450000,35212500,479,5,NO,78,TERCER,CONSTITUCION,1
BRASIL 1300,1100000,86075000,4721,40,NO,78,TERCER,CONSTITUCION,1
SAN JOSE 1500,3200000,250400000,689,40,NO,78,TERCER,CONSTITUCION,1
SALTA 900,145000,11418750,918,50,NO,79,TERCER,CONSTITUCION,1
SALTA 1100,60000,4725000,619,50,NO,79,TERCER,CONSTITUCION,1
TACUARI 900,179000,14096250,978,60,NO,79,TERCER,CONSTITUCION,1
"IRIGOYEN, BERNARDO DE 1500",345000,27168750,1039,0,NO,79,TERCER,CONSTITUCION,1
VENEZUELA 900,100000,7800000,1786,0,NO,78,TERCER,MONTSERRAT,1
DE MAYO 500,270000,21060000,1517,0,SI,78,TERCER,MONTSERRAT,1
SALTA 100,310000,24180000,1319,0,NO,78,TERCER,MONTSERRAT,1
ENTRE RIOS 188,900000,70200000,1125,0,NO,78,TERCER,MONTSERRAT,1
SALTA 800,170000,13302500,1339,10,NO,78,TERCER,MONTSERRAT,1
"SAENZ PENA, LUIS, PRES. 700",40000,3130000,1333,60,NO,78,TERCER,MONTSERRAT,1
CHILE 1700,108000,8451000,2842,40,NO,78,TERCER,MONTSERRAT,1
"SAENZ PENA, LUIS, PRES. 622",110000,8607500,688,35,NO,78,TERCER,MONTSERRAT,1
MORENO 1200,145000,11346250,1239,45,NO,78,TERCER,MONTSERRAT,1
INDEPENDENCIA 1300,155000,12128750,620,0,NO,78,TERCER,MONTSERRAT,1
CHACABUCO 562,180000,14085000,769,50,NO,78,TERCER,MONTSERRAT,1
BELGRANO 600,216000,16902000,2769,30,NO,78,TERCER,MONTSERRAT,1
BELGRANO 140,220000,17215000,1833,0,NO,78,TERCER,MONTSERRAT,1
MEXICO 1700,250000,19562500,1116,45,NO,78,TERCER,MONTSERRAT,1
"YRIGOYEN, HIPOLITO 1100",300000,23475000,677,20,NO,78,TERCER,MONTSERRAT,1
VENEZUELA 800,340000,26605000,1382,53,NO,78,TERCER,MONTSERRAT,1
"IRIGOYEN, BERNARDO DE 100",350000,27387500,3431,0,NO,78,TERCER,MONTSERRAT,1
BELGRANO 1400,447000,34977750,1668,0,NO,78,TERCER,MONTSERRAT,1
SALTA 306,470000,36777500,3310,20,NO,78,TERCER,MONTSERRAT,1
DEFENSA 259,565950,44285588,1415,35,NO,78,TERCER,MONTSERRAT,1
SALTA 215,765000,59861250,712,120,NO,78,TERCER,MONTSERRAT,1
BELGRANO 600,800000,62600000,1518,100,NO,78,TERCER,MONTSERRAT,1
"ALSINA, ADOLFO 1600",850000,66512500,607,0,NO,78,TERCER,MONTSERRAT,1
"IRIGOYEN, BERNARDO DE 142",950000,74337500,3167,20,NO,78,TERCER,MONTSERRAT,1
PIEDRAS 100,1125000,88031250,1264,10,NO,78,TERCER,MONTSERRAT,1
RIVADAVIA 1200,25000,1968750,1042,0,NO,79,TERCER,MONTSERRAT,1
RIVADAVIA 900,310000,24412500,395,0,NO,79,TERCER,MONTSERRAT,1
DE MAYO 1200,950000,74812500,2617,0,NO,79,TERCER,MONTSERRAT,1
PERU 500,280000,22050000,1443,50,NO,79,TERCER,MONTSERRAT,1
BALCARCE 700,385000,30318750,2750,0,NO,79,TERCER,MONTSERRAT,1
PERU 600,450000,35437500,2557,0,NO,79,TERCER,MONTSERRAT,1
LA RIOJA 1600,75000,5887500,2143,40,NO,78,TERCER,SAN CRISTOBAL,3
ENTRE RIOS 1600,99500,7810750,1508,0,NO,78,TERCER,SAN CRISTOBAL,3
DEAN FUNES 900,33000,2598750,1650,7,NO,79,TERCER,SAN CRISTOBAL,3
COCHABAMBA 2700,58000,4567500,1933,30,NO,79,TERCER,SAN CRISTOBAL,3
INDEPENDENCIA 2800,79900,6292125,1332,0,NO,79,TERCER,SAN CRISTOBAL,3
HUMBERTO 1° 3262,99000,7796250,1650,0,NO,79,TERCER,SAN CRISTOBAL,3
ESTADOS UNIDOS 2800,280000,22050000,1609,44,NO,79,TERCER,SAN CRISTOBAL,3
"CALVO, CARLOS 3000",300000,23625000,984,0,NO,79,TERCER,SAN CRISTOBAL,3
SAN JUAN 2337,530000,41737500,1221,70,NO,79,TERCER,SAN CRISTOBAL,3
LA RIOJA 900,800000,63000000,3448,0,NO,79,TERCER,SAN CRISTOBAL,3
ESTADOS UNIDOS 2824,1500000,118125000,638,20,NO,79,TERCER,SAN CRISTOBAL,3
MONTEVIDEO 600,185000,14430000,1423,60,NO,78,TERCER,SAN NICOLAS,1
LAVALLE 700,4650000,363862500,2535,40,NO,78,TERCER,SAN NICOLAS,1
MONTEVIDEO 800,150000,11812500,1875,45,NO,79,TERCER,SAN NICOLAS,1
CORRIENTES 1700,5000000,393750000,5000,0,NO,79,TERCER,SAN NICOLAS,1
TUCUMAN 700,290000,22837500,1585,60,NO,79,TERCER,SAN NICOLAS,1
MAIPU 800,405000,31893750,3553,60,NO,79,TERCER,SAN NICOLAS,1
CORDOBA 600,1200000,94500000,4615,0,NO,79,TERCER,SAN NICOLAS,1
CORDOBA 600,1600000,126000000,6612,0,NO,79,TERCER,SAN NICOLAS,1
DEL CARMEN 700,35000,2756250,2333,40,NO,79,TERCER,SAN NICOLAS,1
LAVALLE 835,40000,3150000,2857,0,SI,79,TERCER,SAN NICOLAS,1
LAVALLE 800,40000,3150000,741,0,SI,79,TERCER,SAN NICOLAS,1
FLORIDA 400,55000,4331250,2500,0,SI,79,TERCER,SAN NICOLAS,1
LIBERTAD 200,63000,4961250,3150,50,SI,79,TERCER,SAN NICOLAS,1
FLORIDA 500,91000,7166250,2220,35,SI,79,TERCER,SAN NICOLAS,1
"DELLEPIANE, LUIS 600",119000,9371250,2644,0,NO,79,TERCER,SAN NICOLAS,1
LIBERTAD 250,140000,11025000,1273,55,NO,79,TERCER,SAN NICOLAS,1
FLORIDA 500,150000,11812500,6250,0,SI,79,TERCER,SAN NICOLAS,1
CORDOBA 645,160000,12600000,457,0,NO,79,TERCER,SAN NICOLAS,1
FLORIDA 500,175000,13781250,5303,10,SI,79,TERCER,SAN NICOLAS,1
VIAMONTE 1700,179000,14096250,3377,0,NO,79,TERCER,SAN NICOLAS,1
MONTEVIDEO 768,220000,17325000,1549,40,NO,79,TERCER,SAN NICOLAS,1
PARANA 100,220000,17325000,4583,40,NO,79,TERCER,SAN NICOLAS,1
"PERON, JUAN DOMINGO, TTE. 1200",250000,19687500,1000,0,NO,79,TERCER,SAN NICOLAS,1
MONTEVIDEO 700,280000,22050000,2333,50,NO,79,TERCER,SAN NICOLAS,1
"RIVAROLA, RODOLFO, Dr. 175",314900,24798375,1129,0,NO,79,TERCER,SAN NICOLAS,1
TUCUMAN 316,320000,25200000,4103,0,NO,79,TERCER,SAN NICOLAS,1
"MITRE, BARTOLOME 1200",379000,29846250,1239,50,NO,79,TERCER,SAN NICOLAS,1
TUCUMAN 1602,380000,29925000,2714,0,NO,79,TERCER,SAN NICOLAS,1
"ALEM, LEANDRO N. 500",382500,30121875,3110,0,NO,79,TERCER,SAN NICOLAS,1
SUIPACHA 201,410000,32287500,1206,30,SI,79,TERCER,SAN NICOLAS,1
"MITRE, BARTOLOME 700",443610,34934288,896,50,NO,79,TERCER,SAN NICOLAS,1
LAVALLE 500,458000,36067500,5654,40,NO,79,TERCER,SAN NICOLAS,1
SARMIENTO 1500,490000,38587500,1907,0,NO,79,TERCER,SAN NICOLAS,1
LAVALLE 1141,540000,42525000,1205,0,NO,79,TERCER,SAN NICOLAS,1
LAVALLE 700,560000,44100000,22400,0,NO,79,TERCER,SAN NICOLAS,1
LAVALLE 700,570000,44887500,12667,0,NO,79,TERCER,SAN NICOLAS,1
LAVALLE 600,680000,53550000,10968,0,NO,79,TERCER,SAN NICOLAS,1
TUCUMAN 1300,750000,59062500,3571,0,NO,79,TERCER,SAN NICOLAS,1
RODRIGUEZ PENA 400,949000,74733750,6456,0,NO,79,TERCER,SAN NICOLAS,1
LAVALLE 700,1200000,94500000,6316,10,NO,79,TERCER,SAN NICOLAS,1
SUIPACHA 200,1300000,102375000,1073,0,NO,79,TERCER,SAN NICOLAS,1
LAVALLE 700,1310000,103162500,14556,0,NO,79,TERCER,SAN NICOLAS,1
25 DE MAYO 500,1600000,126000000,1482,0,NO,79,TERCER,SAN NICOLAS,1
MAIPU 100,2600000,204750000,3206,0,NO,79,TERCER,SAN NICOLAS,1
FLORIDA 300,3800000,299250000,5846,0,NO,79,TERCER,SAN NICOLAS,1
CORRIENTES 500,4000000,315000000,3213,0,NO,79,TERCER,SAN NICOLAS,1
CORRIENTES 1700,4500000,354375000,4678,0,NO,79,TERCER,SAN NICOLAS,1
LAVALLE 777,4500000,354375000,4818,20,NO,79,TERCER,SAN NICOLAS,1
"ALEM, LEANDRO N. 400",695000,54731250,1259,0,NO,79,TERCER,SAN NICOLAS,1
CORRIENTES 300,850000,66937500,1848,0,NO,79,TERCER,SAN NICOLAS,1
BRASIL 400,130000,10237500,1940,0,NO,79,TERCER,SAN TELMO,1
"CALVO, CARLOS 619",148000,11655000,1014,0,NO,79,TERCER,SAN TELMO,1
"CALVO, CARLOS 400",219000,17246250,2355,0,NO,79,TERCER,SAN TELMO,1
COCHABAMBA 770,695000,54731250,1121,0,NO,79,TERCER,SAN TELMO,1
CHILE 300,900000,70875000,2148,0,NO,79,TERCER,SAN TELMO,1
CABILDO 2100,48000,3756000,3000,40,SI,78,TERCER,BELGRANO,13
OLAZABAL 3100,80000,6260000,4000,0,NO,78,TERCER,BELGRANO,13
CABILDO 2200,100000,7825000,6667,25,SI,78,TERCER,BELGRANO,13
BLANCO ENCALADA 2300,300000,23475000,3333,0,NO,78,TERCER,BELGRANO,13
MENDOZA 2400,500000,39125000,6944,30,NO,78,TERCER,BELGRANO,13
CABILDO 2300,2400000,187800000,11429,0,NO,78,TERCER,BELGRANO,13
CABILDO 2200,2500000,195625000,5910,0,NO,78,TERCER,BELGRANO,13
JURAMENTO 1800,3200000,250400000,20000,10,NO,78,TERCER,BELGRANO,13
MENDOZA 2400,300000,23475000,1045,1,NO,78,TERCER,BELGRANO,13
CABILDO 1800,150000,11737500,6000,60,SI,78,TERCER,BELGRANO,13
"QUINTEROS, LIDORO J. 1490",340000,26605000,5667,50,NO,78,TERCER,BELGRANO,13
"RIVERA, PEDRO I., Dr. 4000",75000,5868750,1415,0,NO,78,TERCER,COGHLAN,12
WASHINGTON 2700,80000,6260000,2667,33,NO,78,TERCER,COGHLAN,12
"TAMBORINI, JOSE PASCUAL 3400",87000,6807750,2231,0,NO,78,TERCER,COGHLAN,12
IBERA 3300,120000,9390000,2857,54,NO,78,TERCER,COGHLAN,12
"UGARTE, MANUEL 3500",175000,13693750,2059,45,NO,78,TERCER,COGHLAN,12
"PEREZ, ROQUE 3200",280000,21910000,2522,7,NO,78,TERCER,COGHLAN,12
"BALBIN, RICARDO, Dr. 2700",1250000,97812500,7812,35,NO,78,TERCER,COGHLAN,12
"TAMBORINI, JOSE PASCUAL 3400",87000,6807750,2231,0,NO,78,TERCER,COGHLAN,12
"TAMBORINI, JOSE PASCUAL 3400",87000,6851250,2231,0,NO,79,TERCER,COGHLAN,12
"TAMBORINI, JOSE PASCUAL 3400",87000,6851250,2231,0,NO,79,TERCER,COGHLAN,12
VIDAL 1501,240000,18780000,2034,20,NO,78,TERCER,COLEGIALES,13
"LACROZE, FEDERICO 2500",350000,27387500,2734,50,NO,78,TERCER,COLEGIALES,13
"ALVAREZ, THOMAS 1000",790000,61817500,4876,0,NO,78,TERCER,COLEGIALES,13
"NEWBERY, JORGE 3400",450000,35212500,3103,3,NO,78,TERCER,COLEGIALES,13
PALPA 3500,645000,50471250,675,50,NO,78,TERCER,COLEGIALES,13
"ALVAREZ, THOMAS 1100",790000,61817500,3333,0,NO,78,TERCER,COLEGIALES,13
AMENABAR 1200,115000,8998750,2347,0,NO,78,TERCER,COLEGIALES,13
"LACROZE, FEDERICO 3500",165000,12911250,2895,25,NO,78,TERCER,COLEGIALES,13
"LACROZE, FEDERICO 3200",180000,14085000,3830,25,NO,78,TERCER,COLEGIALES,13
VIDAL 1501,240000,18780000,2034,30,NO,78,TERCER,COLEGIALES,13
"DUMONT, SANTOS 3400",250000,19562500,3571,10,NO,78,TERCER,COLEGIALES,13
CONDE 1400,350000,27387500,4487,45,NO,78,TERCER,COLEGIALES,13
"ALVAREZ, THOMAS 1100",750000,58687500,1875,0,NO,78,TERCER,COLEGIALES,13
ARCOS 3590,130000,10172500,1857,40,NO,78,TERCER,NUÑEZ,13
DEHEZA 2300,200000,15650000,3636,0,NO,78,TERCER,NUÑEZ,13
"LARRALDE, CRISOLOGO 2400",410000,32082500,1981,0,NO,78,TERCER,NUÑEZ,13
DEL LIBERTADOR 6800,750000,58687500,2885,0,NO,78,TERCER,NUÑEZ,13
DEL LIBERTADOR 8200,2300000,179975000,6005,0,NO,78,TERCER,NUÑEZ,13
DEL LIBERTADOR 8100,2600000,203450000,2734,0,NO,78,TERCER,NUÑEZ,13
GORRITI 3900,950000,74100000,2111,50,NO,78,TERCER,PALERMO,14
SOLDADO DE LA INDEPENDEN. 1300,112000,8764000,3027,39,NO,78,TERCER,PALERMO,14
PALPA 2300,145000,11346250,3718,0,NO,78,TERCER,PALERMO,14
"MATIENZO, BENJAMIN,TTE. 1500",230000,17997500,4600,0,NO,78,TERCER,PALERMO,14
ZAPATA 300,450000,35212500,5294,0,NO,78,TERCER,PALERMO,14
ORTEGA Y GASSET 1800,498000,38968500,2692,8,NO,78,TERCER,PALERMO,14
SOLDADO DE LA INDEPENDEN. 900,850000,66512500,3080,3,NO,78,TERCER,PALERMO,14
SANTA FE 4400,35000,2738750,1944,40,SI,78,TERCER,PALERMO,14
SANTA FE 4400,37000,2895250,3083,45,SI,78,TERCER,PALERMO,14
GASCON 1600,79000,6181750,3762,40,NO,78,TERCER,PALERMO,14
MALABIA 1200,89200,6979900,4460,45,NO,78,TERCER,PALERMO,14
GASCON 1700,90000,7042500,2727,35,NO,78,TERCER,PALERMO,14
COSTA RICA 4100,119500,9350875,3414,35,NO,78,TERCER,PALERMO,14
GASCON 1500,129000,10094250,3225,20,NO,78,TERCER,PALERMO,14
URIARTE 2400,132000,10329000,3385,0,NO,78,TERCER,PALERMO,14
CABELLO 3500,165000,12911250,2292,40,NO,78,TERCER,PALERMO,14
"CAMPOS, LUIS M. 807",170000,13302500,3148,40,NO,78,TERCER,PALERMO,14
FITZ ROY 1400,180000,14085000,4286,0,NO,78,TERCER,PALERMO,14
BONPLAND 1600,190000,14867500,3016,1,NO,78,TERCER,PALERMO,14
"SCALABRINI ORTIZ, RAUL 1800",190000,14867500,3393,50,NO,78,TERCER,PALERMO,14
SOLER 3800,220000,17215000,2444,55,NO,78,TERCER,PALERMO,14
BONPLAND 2400,249999,19562422,1812,40,NO,78,TERCER,PALERMO,14
GUATEMALA 4400,309800,24241850,2383,36,NO,78,TERCER,PALERMO,14
HONDURAS 4600,310000,24257500,3735,6,NO,78,TERCER,PALERMO,14
MALABIA 2200,330000,25822500,5500,5,NO,78,TERCER,PALERMO,14
"SCALABRINI ORTIZ, RAUL 1800",350000,27387500,7447,0,NO,78,TERCER,PALERMO,14
"ALVAREZ, JULIAN 1921",360000,28170000,3273,0,NO,78,TERCER,PALERMO,14
VIDT 1900,365000,28561250,1825,0,NO,78,TERCER,PALERMO,14
FRAY JUSTO SANTAMARIA DE ORO 2600,380000,29735000,3167,5,NO,78,TERCER,PALERMO,14
LAFINUR 2900,385000,30126250,5133,0,NO,78,TERCER,PALERMO,14
BERUTI 4600,395000,30908750,2970,40,NO,78,TERCER,PALERMO,14
GORRITI 4700,420000,32865000,2000,35,NO,78,TERCER,PALERMO,14
REPUBLICA DOMINICANA 3300,475000,37168750,5523,0,NO,78,TERCER,PALERMO,14
PARAGUAY 4200,480000,37560000,2526,40,NO,78,TERCER,PALERMO,14
"SCALABRINI ORTIZ, RAUL 1600",500000,39125000,5556,0,NO,78,TERCER,PALERMO,14
HONDURAS 5700,596000,46637000,1941,25,NO,78,TERCER,PALERMO,14
GODOY CRUZ 1700,600000,46950000,3529,50,NO,78,TERCER,PALERMO,14
CERVIÑO 3300,620000,48515000,6200,70,NO,78,TERCER,PALERMO,14
URIARTE 1600,650000,50862500,3552,0,NO,78,TERCER,PALERMO,14
NICARAGUA 4900,740000,57905000,2242,0,NO,78,TERCER,PALERMO,14
FITZ ROY 1900,750000,58687500,3750,0,NO,78,TERCER,PALERMO,14
HONDURAS 4600,790500,61856625,2928,40,NO,78,TERCER,PALERMO,14
"MANSILLA, LUCIO NORBERTO, GRAL. 3500",800000,62600000,5594,0,NO,78,TERCER,PALERMO,14
COSTA RICA 4800,950000,74337500,2794,50,NO,78,TERCER,PALERMO,14
GODOY CRUZ 1686,995000,77858750,4975,0,NO,78,TERCER,PALERMO,14
BAEZ 200,1000000,78250000,4444,0,NO,78,TERCER,PALERMO,14
CORDOBA 4200,1945000,152196250,1305,35,NO,78,TERCER,PALERMO,14
SANTA FE 3300,2000000,156500000,9756,0,NO,78,TERCER,PALERMO,14
"SCALABRINI ORTIZ, RAUL 1800",180000,14175000,1714,0,NO,79,TERCER,PALERMO,14
UGARTECHE 3100,380000,29925000,6333,0,NO,79,TERCER,PALERMO,14
CORDOBA 4800,670000,52762500,2218,44,NO,79,TERCER,PALERMO,14
LANTERI JULIETA 1700,480000,37800000,2364,0,NO,79,TERCER,PUERTO MADERO,1
"COSSENTTINI, OLGA 1100",530000,41737500,5699,12,NO,79,TERCER,PUERTO MADERO,1
"COSSENTTINI, OLGA 100",620000,48825000,4429,0,NO,79,TERCER,PUERTO MADERO,1
"MOREAU DE JUSTO, ALICIA 2000",780000,61425000,3546,0,NO,79,TERCER,PUERTO MADERO,1
"COSSENTTINI, OLGA 1300",850000,66937500,7203,2,NO,79,TERCER,PUERTO MADERO,1
"DEALESSI, PIERINA 1300",950000,74812500,8482,4,NO,79,TERCER,PUERTO MADERO,1
PAINE AIME 1300,1500000,118125000,3538,10,NO,79,TERCER,PUERTO MADERO,1
MANSO JUANA 400,1900000,149625000,3800,0,NO,79,TERCER,PUERTO MADERO,1
"MOREAU DE JUSTO, ALICIA 1700",2900000,228375000,5577,0,NO,79,TERCER,PUERTO MADERO,1
MANSO JUANA 100,3500000,275625000,4902,0,NO,79,TERCER,PUERTO MADERO,1
CORDOBA 3500,320000,24960000,2462,0,NO,78,TERCER,RECOLETA,2
AYACUCHO 900,295000,23010000,2202,50,NO,78,TERCER,RECOLETA,2
CORDOBA 2400,1500000,117000000,3165,40,NO,78,TERCER,RECOLETA,2
JUNIN 1400,340000,26605000,3400,25,NO,78,TERCER,RECOLETA,2
GUIDO 1900,550000,43037500,3333,0,NO,78,TERCER,RECOLETA,2
"DIAZ, CNEL. 2100",690000,53992500,11129,35,NO,78,TERCER,RECOLETA,2
ARENALES 1900,22000,1732500,367,40,NO,79,TERCER,RECOLETA,2
"LAS HERAS, GRAL. 1700",30000,2362500,316,0,NO,79,TERCER,RECOLETA,2
SANTA FE 1800,37500,2953125,2083,0,SI,79,TERCER,RECOLETA,2
PEÑA 2780,65000,5118750,4333,45,NO,79,TERCER,RECOLETA,2
"MANSILLA, LUCIO NORBERTO, GRAL. 2400",170000,13387500,5667,30,NO,79,TERCER,RECOLETA,2
JUNCAL 2300,190000,14962500,4222,0,NO,79,TERCER,RECOLETA,2
MONTEVIDEO 1100,235000,18506250,9792,0,NO,79,TERCER,RECOLETA,2
POSADAS 1400,250000,19687500,3571,40,NO,79,TERCER,RECOLETA,2
LARREA 1400,255000,20081250,3036,0,NO,79,TERCER,RECOLETA,2
"ALVEAR, MARCELO T. De 1900",265000,20868750,2038,30,NO,79,TERCER,RECOLETA,2
MONTEVIDEO 1500,300000,23625000,4000,40,NO,79,TERCER,RECOLETA,2
PARANA 900,320000,25200000,4384,60,NO,79,TERCER,RECOLETA,2
AGUERO 1918,330000,25987500,4125,45,NO,79,TERCER,RECOLETA,2
MONTEVIDEO 1200,350000,27562500,6482,0,NO,79,TERCER,RECOLETA,2
MONTEVIDEO 1500,400000,31500000,5333,60,NO,79,TERCER,RECOLETA,2
"LAS HERAS, GRAL. 2000",450000,35437500,6818,0,NO,79,TERCER,RECOLETA,2
"PACHECO DE MELO, JOSE ANDRES 2900",460000,36225000,3194,0,NO,79,TERCER,RECOLETA,2
MONTEVIDEO 1600,690000,54337500,4859,0,NO,79,TERCER,RECOLETA,2
SANTA FE 2700,775000,61031250,12917,30,NO,79,TERCER,RECOLETA,2
ALVEAR 1900,1000000,78750000,12500,0,NO,79,TERCER,RECOLETA,2
JUNIN 1100,1100000,86625000,6875,50,NO,79,TERCER,RECOLETA,2
ALVEAR 1900,1200000,94500000,18182,0,NO,79,TERCER,RECOLETA,2
"GELLY Y OBES, GRAL. 2200",1750000,137812500,6140,75,NO,79,TERCER,RECOLETA,2
SANTA FE 100,260000,20345000,3059,0,NO,78,TERCER,RETIRO,1
CERRITO 1100,215000,16931250,3359,70,NO,79,TERCER,RETIRO,1
TALCAHUANO 1087,340000,26775000,5397,50,NO,79,TERCER,RETIRO,1
SANTA FE 1100,550000,43312500,7857,0,NO,79,TERCER,RETIRO,1
PARERA 100,560000,44100000,7467,40,NO,79,TERCER,RETIRO,1
SANTA FE 1100,900000,70875000,3249,30,NO,79,TERCER,RETIRO,1
CERRITO 1000,21000,1653750,1750,40,SI,79,TERCER,RETIRO,1
PARAGUAY 600,28000,2205000,2154,0,SI,79,TERCER,RETIRO,1
SANTA FE 1100,38000,2992500,2000,0,SI,79,TERCER,RETIRO,1
SUIPACHA 931,40000,3150000,833,45,SI,79,TERCER,RETIRO,1
SUIPACHA 1000,170000,13387500,2429,50,NO,79,TERCER,RETIRO,1
ESMERALDA 1065,200000,15750000,1429,0,NO,79,TERCER,RETIRO,1
LIBERTAD 846,210000,16537500,1556,55,NO,79,TERCER,RETIRO,1
SUIPACHA 936,230000,18112500,1337,50,NO,79,TERCER,RETIRO,1
PARAGUAY 600,250000,19687500,4464,0,NO,79,TERCER,RETIRO,1
SAN MARTIN 1000,290000,22837500,3580,0,NO,79,TERCER,RETIRO,1
SAN MARTIN 1100,350000,27562500,4375,0,NO,79,TERCER,RETIRO,1
SANTA FE 925,399000,31421250,5182,41,NO,79,TERCER,RETIRO,1
PARAGUAY 800,420000,33075000,1448,40,NO,79,TERCER,RETIRO,1
FLORIDA 1000,490000,38587500,4298,0,NO,79,TERCER,RETIRO,1
SANTA FE 1100,550000,43312500,7857,0,NO,79,TERCER,RETIRO,1
"ALVEAR, MARCELO T. De 626",750000,59062500,15306,60,NO,79,TERCER,RETIRO,1
TRES SARGENTOS 300,920000,72450000,1533,80,NO,79,TERCER,RETIRO,1
SANTA FE 700,1400000,110250000,6965,0,NO,79,TERCER,RETIRO,1
"ALVEAR, MARCELO T. De 500",1900000,149625000,4222,0,NO,79,TERCER,RETIRO,1
ASUNCION 2600,235000,18330000,1187,50,NO,78,TERCER,AGRONOMIA,15
"ARTIGAS, JOSE GERVASIO DE, 3800",360000,28080000,1150,30,NO,78,TERCER,AGRONOMIA,15
SAN MARTIN 5300,95000,7481250,1532,40,NO,79,TERCER,AGRONOMIA,15
ROJAS 900,64000,4992000,3368,45,NO,78,TERCER,CABALLITO,6
LA PLATA 616,530000,41472500,3212,10,NO,78,TERCER,CABALLITO,6
RIVADAVIA 5500,15000,1173750,2500,10,SI,78,TERCER,CABALLITO,6
ROJAS 900,64000,5008000,3368,45,NO,78,TERCER,CABALLITO,6
YERBAL 400,85000,6651250,1518,15,NO,78,TERCER,CABALLITO,6
RIVADAVIA 5000,99000,7746750,2829,40,SI,78,TERCER,CABALLITO,6
"JUSTO, JUAN B. 4100",135000,10563750,1174,30,NO,78,TERCER,CABALLITO,6
RIVADAVIA 5000,160000,12520000,4000,40,SI,78,TERCER,CABALLITO,6
AVELLANEDA 200,200000,15650000,2941,40,NO,78,TERCER,CABALLITO,6
"AMBROSETTI, JUAN B. 300",260000,20345000,5778,60,NO,78,TERCER,CABALLITO,6
"SEGUI, F. J., ALTE. 1500",319000,24961750,1056,50,NO,78,TERCER,CABALLITO,6
DOBLAS 150,435000,34038750,1812,0,NO,78,TERCER,CABALLITO,6
LA PLATA 700,570000,44602500,2850,45,NO,78,TERCER,CABALLITO,6
"GOYENA, PEDRO 100",2700000,211275000,4500,0,NO,78,TERCER,CABALLITO,6
ROJAS 900,64000,5040000,3368,45,NO,79,TERCER,CABALLITO,6
SAN MARTIN 1700,1200000,94500000,3798,0,NO,79,TERCER,CABALLITO,6
GIRIBONE 600,19500,1525875,2167,0,SI,78,TERCER,CHACARITA,15
FOREST 300,155000,12128750,3523,0,NO,78,TERCER,CHACARITA,15
CORRIENTES 6400,175000,13693750,2333,0,NO,78,TERCER,CHACARITA,15
OLLEROS 4100,300000,23475000,1875,0,NO,78,TERCER,CHACARITA,15
LEIVA 4000,400000,31300000,862,50,NO,78,TERCER,CHACARITA,15
FOREST 300,590000,46167500,1967,40,NO,78,TERCER,CHACARITA,15
CORDOBA 6200,488000,38186000,1730,50,NO,78,TERCER,CHACARITA,15
CORDOBA 6000,497000,38890250,3049,5,NO,78,TERCER,CHACARITA,15
CORDOBA 5700,225000,17606250,2250,5,NO,78,TERCER,CHACARITA,15
LA PLATA 1100,325000,25431250,1204,0,NO,78,TERCER,PARQUE CHACABUCO,7
LA PLATA 1400,1500000,117375000,857,20,NO,78,TERCER,PARQUE CHACABUCO,7
ZELARRAYAN 1800,95000,7457500,950,50,NO,78,TERCER,PARQUE CHACABUCO,7
COBO 800,115000,9027500,1223,0,NO,78,TERCER,PARQUE CHACABUCO,7
"MORENO, JOSE MARIA 1900",310000,24335000,3875,0,NO,78,TERCER,PARQUE CHACABUCO,7
COBO 1600,335625,26346562,2505,0,NO,78,TERCER,PARQUE CHACABUCO,7
VERNET 196,360000,28260000,2250,15,NO,78,TERCER,PARQUE CHACABUCO,7
ASAMBLEA 900,600000,47100000,1596,52,NO,78,TERCER,PARQUE CHACABUCO,7
LA PLATA 1600,1550000,121675000,1067,70,NO,78,TERCER,PARQUE CHACABUCO,7
ALTOLAGUIRRE 1400,80000,6280000,1333,30,NO,78,TERCER,PARQUE CHAS,15
LLERENA 3000,169000,13266500,1037,0,NO,78,TERCER,PARQUE CHAS,15
SAN MARTIN 2600,29500,2315750,1093,50,NO,78,TERCER,PATERNAL,15
PAYSANDU 2200,108999,8556422,2422,40,NO,78,TERCER,PATERNAL,15
MATURIN 2300,150000,11775000,1852,60,NO,78,TERCER,PATERNAL,15
"TRELLES, MANUEL R. 2600",275000,21587500,1100,40,NO,78,TERCER,PATERNAL,15
SAN MARTIN 2655,360000,28260000,2857,0,NO,78,TERCER,PATERNAL,15
"TRELLES, MANUEL R. 2700",750000,58875000,1000,25,NO,78,TERCER,PATERNAL,15
"SEGUI, F. J., ALTE. 2100",1000000,78500000,1212,0,NO,78,TERCER,PATERNAL,15
BAUNESS 900,1100000,86625000,836,50,NO,79,TERCER,PATERNAL,15
SAN ISIDRO LABRADOR 4600,95000,7433750,4750,37,NO,78,TERCER,SAAVEDRA,12
SAN ISIDRO LABRADOR 4500,490000,38342500,3267,0,NO,78,TERCER,SAAVEDRA,12
ESTOMBA 3800,85000,6693750,1977,35,NO,79,TERCER,SAAVEDRA,12
"ACHA, MARIANO, Gral. 3800",130000,10237500,1566,40,NO,79,TERCER,SAAVEDRA,12
RUIZ HUIDOBRO 3054,210000,16537500,3000,50,NO,79,TERCER,SAAVEDRA,12
JARAMILLO 3800,235000,18506250,1808,7,NO,79,TERCER,SAAVEDRA,12
TRONADOR 3800,265000,20868750,2038,60,NO,79,TERCER,SAAVEDRA,12
MELIAN 3900,395000,31106250,4817,0,NO,79,TERCER,SAAVEDRA,12
WARNES 200,790000,61620000,1580,58,NO,78,TERCER,VILLA CRESPO,15
WARNES 200,820000,64165000,1640,58,NO,78,TERCER,VILLA CRESPO,15
DORREGO 300,160000,12520000,1067,65,NO,78,TERCER,VILLA CRESPO,15
"ALVAREZ, JULIAN 1000",145000,11346250,4143,40,NO,78,TERCER,VILLA CRESPO,15
THAMES 1200,210000,16432500,2019,30,NO,78,TERCER,VILLA CRESPO,15
CORRIENTES 5600,275000,21518750,8594,45,NO,78,TERCER,VILLA CRESPO,15
LAVALLEJA 1100,290000,22692500,2000,20,NO,78,TERCER,VILLA CRESPO,15
CORDOBA 5100,445000,34821250,1831,20,NO,78,TERCER,VILLA CRESPO,15
CORDOBA 5100,490000,38342500,2450,40,NO,78,TERCER,VILLA CRESPO,15
JUFRE 400,1200000,93900000,1500,0,NO,78,TERCER,VILLA CRESPO,15
MUÑECAS 800,72000,5670000,1263,0,NO,79,TERCER,VILLA CRESPO,15
MUÑECAS 954,85000,6693750,2125,50,NO,79,TERCER,VILLA CRESPO,15
LOYOLA 440,95000,7481250,3167,0,NO,79,TERCER,VILLA CRESPO,15
ACEVEDO 700,125000,9843750,4167,35,NO,79,TERCER,VILLA CRESPO,15
"JUSTO, JUAN B. 2600",135000,10631250,2411,0,NO,79,TERCER,VILLA CRESPO,15
DORREGO 300,140000,11025000,2121,40,NO,79,TERCER,VILLA CRESPO,15
"ALVAREZ, JULIAN 678",145000,11418750,3222,35,NO,79,TERCER,VILLA CRESPO,15
GURRUCHAGA 300,150000,11812500,2500,0,NO,79,TERCER,VILLA CRESPO,15
DORREGO 300,160000,12600000,1067,65,NO,79,TERCER,VILLA CRESPO,15
ARAOZ 600,170000,13387500,1889,30,NO,79,TERCER,VILLA CRESPO,15
"JUSTO, JUAN B. 2200",189999,14962421,1357,35,NO,79,TERCER,VILLA CRESPO,15
THAMES 1200,210000,16537500,2019,30,NO,79,TERCER,VILLA CRESPO,15
GURRUCHAGA 2,225999,17797421,2690,40,NO,79,TERCER,VILLA CRESPO,15
"PUEYRREDON, HONORIO, DR. 1400",230000,18112500,2170,50,NO,79,TERCER,VILLA CRESPO,15
PADILLA 300,250000,19687500,3049,30,NO,79,TERCER,VILLA CRESPO,15
CORRIENTES 5600,275000,21656250,8594,45,NO,79,TERCER,VILLA CRESPO,15
"RAMIREZ DE VELAZCO, JUAN 800",320000,25200000,3556,10,NO,79,TERCER,VILLA CRESPO,15
LOYOLA 700,349000,27483750,5817,11,NO,79,TERCER,VILLA CRESPO,15
"DRAGO, LUIS MARIA 100",390000,30712500,1083,55,NO,79,TERCER,VILLA CRESPO,15
MALABIA 300,399000,31421250,4245,7,NO,79,TERCER,VILLA CRESPO,15
WARNES 400,420000,33075000,1909,38,NO,79,TERCER,VILLA CRESPO,15
GODOY CRUZ 1286,460000,36225000,1108,40,NO,79,TERCER,VILLA CRESPO,15
LOYOLA 800,500000,39375000,2500,10,NO,79,TERCER,VILLA CRESPO,15
THAMES 300,550000,43312500,733,30,NO,79,TERCER,VILLA CRESPO,15
CORRIENTES 4900,590000,46462500,1245,40,NO,79,TERCER,VILLA CRESPO,15
"JUSTO, JUAN B. 2800",600000,47250000,1796,10,NO,79,TERCER,VILLA CRESPO,15
WARNES 200,790000,62212500,1580,58,NO,79,TERCER,VILLA CRESPO,15
GURRUCHAGA 974,1000000,78750000,5556,5,NO,79,TERCER,VILLA CRESPO,15
GURRUCHAGA 700,1000000,78750000,5000,3,NO,79,TERCER,VILLA CRESPO,15
CORDOBA 5022,1050000,82687500,5303,20,NO,79,TERCER,VILLA CRESPO,15
"VIRASORO, VALENTIN 1900",1100000,86625000,3385,5,NO,79,TERCER,VILLA CRESPO,15
JUFRE 400,1200000,94500000,1500,30,NO,79,TERCER,VILLA CRESPO,15
GURRUCHAGA 700,1450000,114187500,9062,0,NO,79,TERCER,VILLA CRESPO,15
GURRUCHAGA 900,1700000,133875000,6773,0,NO,79,TERCER,VILLA CRESPO,15
WARNES 900,1750000,137812500,2420,70,NO,79,TERCER,VILLA CRESPO,15
SAN MARTIN 4500,196000,15288000,2021,50,NO,78,TERCER,VILLA DEL PARQUE,11
CUENCA 2700,222000,17482500,4625,45,NO,79,TERCER,VILLA DEL PARQUE,11
TINOGASTA 3200,270000,21262500,1800,30,NO,79,TERCER,VILLA DEL PARQUE,11
MELINCUE 3200,500000,39375000,1838,0,NO,79,TERCER,VILLA DEL PARQUE,11
GAVILAN 2380,125000,9843750,553,43,NO,79,TERCER,VILLA DEL PARQUE,11
NOGOYA 4123,55000,4331250,2200,0,NO,79,TERCER,VILLA DEVOTO SUR,11
NOGOYA 4800,76000,5985000,1434,20,NO,79,TERCER,VILLA DEVOTO SUR,11
"BEIRO, FRANCISCO 4300",450000,35437500,1442,35,NO,79,TERCER,VILLA DEVOTO SUR,11
"ALVAREZ, THOMAS 1700",450000,35212500,3000,29,NO,78,TERCER,VILLA ORTUZAR,15
DE LOS INCAS 3900,550000,43312500,4583,36,NO,79,TERCER,VILLA ORTUZAR,15
"ALVAREZ, THOMAS 1700",600000,47250000,4000,0,NO,79,TERCER,VILLA ORTUZAR,15
DE LOS INCAS 4400,140000,11025000,2333,30,NO,79,TERCER,VILLA ORTUZAR,15
FRANCO 3200,37000,2913750,2846,0,NO,79,TERCER,VILLA PUEYRREDON,12
CUENCA 5200,65000,5118750,2600,6,NO,79,TERCER,VILLA PUEYRREDON,12
DE LOS CONSTITUYENTES 5900,48000,3780000,1548,0,NO,79,TERCER,VILLA PUEYRREDON,12
ALBARELLOS 3153,55000,4331250,982,30,NO,79,TERCER,VILLA PUEYRREDON,12
GAVILAN 4600,75000,5906250,1667,0,NO,79,TERCER,VILLA PUEYRREDON,12
GRIVEO 2940,78500,6181875,3140,0,NO,79,TERCER,VILLA PUEYRREDON,12
ZAMUDIO 4700,87000,6851250,1318,40,NO,79,TERCER,VILLA PUEYRREDON,12
"MISTRAL, GABRIELA 2896",99900,7867125,892,30,NO,79,TERCER,VILLA PUEYRREDON,12
"CARRIL, SALVADOR MARIA DEL 3100",150000,11812500,3333,0,NO,79,TERCER,VILLA PUEYRREDON,12
"MOSCONI, GRAL. 2500",169000,13308750,4333,0,NO,79,TERCER,VILLA PUEYRREDON,12
BOLIVIA 4700,245000,19293750,2333,70,NO,79,TERCER,VILLA PUEYRREDON,12
"MOSCONI, GRAL. 2600",270000,21262500,3000,0,NO,79,TERCER,VILLA PUEYRREDON,12
"RIVERA, PEDRO I., Dr. 4076",85000,6651250,1441,35,NO,78,TERCER,VILLA URQUIZA,12
ROOSEVELT FRANKLIN D. 5600,50000,3937500,2778,40,NO,79,TERCER,VILLA URQUIZA,12
CAPDEVILA 3095,75000,5906250,3750,6,NO,79,TERCER,VILLA URQUIZA,12
LA PAMPA 4800,105000,8268750,3500,40,NO,79,TERCER,VILLA URQUIZA,12
MONROE 5300,180000,14175000,4500,15,NO,79,TERCER,VILLA URQUIZA,12
HOLMBERG 2300,230000,18112500,3194,0,NO,79,TERCER,VILLA URQUIZA,12
TRIUNVIRATO 5700,335000,26381250,1450,0,NO,79,TERCER,VILLA URQUIZA,12
MONROE 4399,380000,29925000,1810,50,NO,79,TERCER,VILLA URQUIZA,12
MONROE 4800,680000,53550000,2869,0,NO,79,TERCER,VILLA URQUIZA,12
OLAZABAL 4500,750000,59062500,5137,0,NO,79,TERCER,VILLA URQUIZA,12
GUALEGUAYCHU 3800,48000,3780000,4364,0,NO,79,TERCER,VILLA DEVOTO NORTE,11
MERCEDES 4400,90000,7087500,2500,0,NO,79,TERCER,VILLA DEVOTO NORTE,11
"MORAN, PEDRO 3243",135000,10631250,2500,10,NO,79,TERCER,VILLA DEVOTO NORTE,11
"BEIRO, FRANCISCO 3800",200000,15750000,3333,0,NO,79,TERCER,VILLA DEVOTO NORTE,11
CUENCA 3600,220000,17325000,3143,0,NO,79,TERCER,VILLA DEVOTO NORTE,11
BRANDSEN 1100,52000,4056000,1486,40,NO,78,TERCER,BOCA,4
"RODRIGUEZ, MARTIN 400",40000,3130000,1739,24,NO,78,TERCER,BOCA,4
ARZOBISPO ESPINOSA 352,40000,3130000,615,50,NO,78,TERCER,BOCA,4
"ARAOZ DE LAMADRID, G., GRAL. 311",79000,6181750,585,0,NO,78,TERCER,BOCA,4
"BROWN, ALTE. 1300",130000,10172500,802,110,NO,78,TERCER,BOCA,4
IRALA 1500,130000,10172500,1008,100,NO,78,TERCER,BOCA,4
SUAREZ 500,149000,11659250,677,100,NO,78,TERCER,BOCA,4
"VALLE, ARISTOBULO DEL 300",250000,19562500,1250,0,NO,78,TERCER,BOCA,4
MAZA 1100,97000,7590250,1940,60,NO,78,TERCER,BOEDO,5
SAN JUAN 3400,179000,14006750,895,40,NO,78,TERCER,BOEDO,5
BOEDO 1000,250000,19562500,3333,50,NO,78,TERCER,BOEDO,5
SAN JUAN 3900,430000,33647500,1792,0,NO,78,TERCER,BOEDO,5
"CALVO, CARLOS 3600",900000,70425000,1596,30,NO,78,TERCER,BOEDO,5
"GARAY, JUAN DE 4200",420000,32970000,1288,0,NO,78,TERCER,BOEDO,5
LINIERS VIRREY 2000,299000,23471500,720,60,NO,78,TERCER,BOEDO,5
"PERON, EVA 2500",25000,1956250,2778,0,SI,78,TERCER,FLORES SUR,7
SARAZA 2400,52000,4069000,525,50,NO,78,TERCER,FLORES SUR,7
PILLADO 900,249000,19484250,615,60,NO,78,TERCER,FLORES SUR,7
PILLADO 900,249000,19484250,615,60,NO,78,TERCER,FLORES SUR,7
PILLADO 900,249000,19546500,615,60,NO,78,TERCER,FLORES SUR,7
PILLADO 900,249000,19546500,615,60,NO,78,TERCER,FLORES SUR,7
PILLADO 900,249000,19608750,615,60,NO,79,TERCER,FLORES SUR,7
SEGUROLA 495,65000,5086250,2954,40,NO,78,TERCER,FLORESTA,10
SEGUROLA 200,70000,5477500,3182,40,NO,78,TERCER,FLORESTA,10
SEGUROLA 200,70000,5512500,3182,0,NO,79,TERCER,FLORESTA,10
SEGUROLA 400,350000,27562500,1268,0,NO,79,TERCER,FLORESTA,10
"FALCON, RAMON L.,CNEL. 6400",72000,5634000,2880,50,NO,78,TERCER,LINIERS,9
CUZCO 200,80000,6260000,2222,40,NO,78,TERCER,LINIERS,9
MONTIEL 30,118500,9272625,1975,0,NO,78,TERCER,LINIERS,9
GANA 100,125000,9781250,408,0,NO,78,TERCER,LINIERS,9
RIVADAVIA 10800,220000,17215000,2200,30,NO,78,TERCER,LINIERS,9
"VIEDMA, FRANCISCO de 6839",229000,17919250,1431,25,NO,78,TERCER,LINIERS,9
FONROUGE 2,260000,20345000,1970,50,NO,78,TERCER,LINIERS,9
"FALCON, RAMON L.,CNEL. 6800",450000,35212500,1111,30,NO,78,TERCER,LINIERS,9
RIVADAVIA 11300,1800000,140850000,2192,90,NO,78,TERCER,LINIERS,9
"CASTRO, EMILIO 6400",325000,25431250,1240,10,NO,78,TERCER,LINIERS,9
RIVADAVIA 10700,140000,11025000,2800,0,NO,79,TERCER,LINIERS,9
MIRALLA 400,1150000,90562500,1631,20,NO,79,TERCER,LINIERS,9
MOLINA 1900,70000,5477500,2000,0,NO,78,TERCER,MATADEROS,9
"RODO, JOSE E. 5600",70000,5477500,972,0,NO,78,TERCER,MATADEROS,9
"BILBAO, FRANCISCO 5100",107000,8372750,1783,50,NO,78,TERCER,MATADEROS,9
"PERON, EVA 5700",120000,9390000,1463,35,NO,78,TERCER,MATADEROS,9
LARRAZABAL 1200,250000,19562500,2551,0,NO,78,TERCER,MATADEROS,9
"ALBERDI, JUAN BAUTISTA 7400",650000,50862500,1688,0,NO,78,TERCER,MATADEROS,9
"ALBERDI, JUAN BAUTISTA 7300",950000,74337500,1188,0,NO,78,TERCER,MATADEROS,9
BAHIA BLANCA 2300,86000,6729500,2606,40,NO,78,TERCER,MONTE CASTRO,10
LASCANO 5100,100000,7825000,2703,40,NO,78,TERCER,MONTE CASTRO,10
SANTO TOME 4200,235000,18388750,904,60,NO,78,TERCER,MONTE CASTRO,10
ALVAREZ JONTE 4000,299000,23396750,3602,0,NO,78,TERCER,MONTE CASTRO,10
LOPE DE VEGA 1500,490000,38342500,2450,0,NO,78,TERCER,MONTE CASTRO,10
LASCANO 5000,520000,40950000,1000,20,NO,79,TERCER,MONTE CASTRO,10
LOPE DE VEGA 2200,180000,14175000,900,45,NO,79,TERCER,MONTE CASTRO,10
"ALCORTA, AMANCIO 4100",49000,3834250,527,60,NO,78,TERCER,NUEVA POMPEYA,4
LA PLATA 2400,85000,6651250,1771,0,NO,78,TERCER,NUEVA POMPEYA,4
"ALCORTA, AMANCIO 3700",90000,7042500,3333,65,NO,78,TERCER,NUEVA POMPEYA,4
SAENZ 1200,195000,15258750,1393,25,NO,78,TERCER,NUEVA POMPEYA,4
"ALCORTA, AMANCIO 4100",259000,20266750,446,60,NO,78,TERCER,NUEVA POMPEYA,4
SAENZ 1273,300000,23475000,1049,50,NO,78,TERCER,NUEVA POMPEYA,4
TRAFUL 3700,345000,26996250,1150,0,NO,78,TERCER,NUEVA POMPEYA,4
SAENZ 689,400000,31300000,2500,0,NO,78,TERCER,NUEVA POMPEYA,4
SAENZ 700,600000,46950000,1887,0,NO,78,TERCER,NUEVA POMPEYA,4
BEAZLEY 3900,775000,60643750,569,0,NO,78,TERCER,NUEVA POMPEYA,4
SOMELLERA 999,60000,4710000,674,30,NO,78,TERCER,NUEVA POMPEYA,4
"ALCORTA, AMANCIO 3600",550000,43175000,917,30,NO,78,TERCER,NUEVA POMPEYA,4
SAENZ 100,3100000,243350000,3479,0,NO,78,TERCER,NUEVA POMPEYA,4
CATAMARCA 1700,350000,27300000,722,0,NO,78,TERCER,PARQUE PATRICIOS,4
"CASTILLO, CATULO 2500",65000,5102500,985,50,NO,78,TERCER,PARQUE PATRICIOS,4
"LUCA, ESTEBAN DE 2200",110000,8635000,3235,70,NO,78,TERCER,PARQUE PATRICIOS,4
CHICLANA 3000,120000,9420000,694,0,NO,78,TERCER,PARQUE PATRICIOS,4
ENTRE RIOS 1700,200000,15700000,1429,0,NO,78,TERCER,PARQUE PATRICIOS,4
CHICLANA 3000,490000,38465000,1885,0,NO,78,TERCER,PARQUE PATRICIOS,4
MORETO 100,65000,5086250,1182,0,NO,78,TERCER,VELEZ SARSFIELD,10
"JUSTO, JUAN B. 7600",191000,14945750,1592,50,NO,78,TERCER,VELEZ SARSFIELD,10
SARACHAGA 4200,240000,18900000,1256,45,NO,79,TERCER,VELEZ SARSFIELD,10
"ARANGUREN, JUAN F., Dr. 7500",349000,27483750,1950,90,NO,79,TERCER,VELEZ SARSFIELD,10
SAN BLAS 4800,425000,33468750,803,40,NO,79,TERCER,VELEZ SARSFIELD,10
"JUSTO, JUAN B. 7700",285000,22443750,1168,0,NO,79,TERCER,VELEZ SARSFIELD,10
RIVADAVIA 9100,750000,59062500,1500,0,NO,79,TERCER,VELEZ SARSFIELD,10
ARREGUI 6127,180000,14175000,1800,35,NO,79,TERCER,VERSALLES,10
ALVAREZ JONTE 2500,170000,13345000,1828,0,NO,78,TERCER,VILLA GRAL. MITRE,11
"ALVAREZ, DONATO, Tte. Gral. 2100",320000,25120000,914,0,NO,78,TERCER,VILLA GRAL. MITRE,11
"JUSTO, JUAN B. 4500",275000,21656250,2165,15,NO,79,TERCER,VILLA GRAL. MITRE,11
"OROÑO, NICASIO 2000",55000,4331250,1100,60,NO,79,TERCER,VILLA GRAL. MITRE,11
ALVAREZ JONTE 2500,170000,13387500,1828,0,NO,79,TERCER,VILLA GRAL. MITRE,11
"BELAUSTEGUI, LUIS, Dr. 2600",318000,25042500,1136,70,NO,79,TERCER,VILLA GRAL. MITRE,11
"MAGARIÑOS CERVANTES, A. 1334",95000,7481250,3276,10,NO,79,TERCER,VILLA GRAL. MITRE,11
"JUSTO, JUAN B. 5200",130000,10237500,1193,64,NO,79,TERCER,VILLA GRAL. MITRE,11
CAMARONES 2111,155000,12206250,1047,50,NO,79,TERCER,VILLA GRAL. MITRE,11
"BUFANO, ALFREDO R. 1900",169900,13379625,794,25,NO,79,TERCER,VILLA GRAL. MITRE,11
"MAGARIÑOS CERVANTES, A. 2000",195000,15356250,886,40,NO,79,TERCER,VILLA GRAL. MITRE,11
"ALBERDI, JUAN BAUTISTA 4788",110000,8607500,2750,35,NO,78,TERCER,VILLA LURO,10
BOLONIA 5400,380000,29735000,1000,50,NO,78,TERCER,VILLA LURO,10
BOLONIA 5400,380000,29925000,1000,50,NO,79,TERCER,VILLA LURO,10
WHITE 100,78000,6142500,1418,9,NO,79,TERCER,VILLA LURO,10
LEOPARDI 198,122000,9607500,2837,0,NO,79,TERCER,VILLA LURO,10
"JUSTO, JUAN B. 8064",180000,14175000,1800,30,NO,79,TERCER,VILLA LURO,10
"FALCON, RAMON L.,CNEL. 5100",190000,14962500,1044,0,NO,79,TERCER,VILLA LURO,10
"FALCON, RAMON L.,CNEL. 5800",2400000,189000000,4000,3,NO,79,TERCER,VILLA LURO,10
NAZARRE 6100,75000,5906250,1500,0,NO,79,TERCER,VILLA REAL,10
CORTINA 2200,175000,13781250,1167,0,NO,79,TERCER,VILLA REAL,10
SALADILLO 5100,14500,1141875,1812,40,NO,79,TERCER,VILLA RIACHUELO,8
"CHILAVERT, MARTINIANO, Cnel. 6700",45000,3543750,3000,0,NO,79,TERCER,VILLA RIACHUELO,8
NAZCA 1300,215000,16823750,1265,0,NO,78,TERCER,VILLA SANTA RITA,11
CONDARCO 1600,75000,5887500,2419,40,NO,78,TERCER,VILLA SANTA RITA,11
"LAMARCA, EMILIO 1900",160000,12600000,842,0,NO,79,TERCER,VILLA SANTA RITA,11
"LAMARCA, EMILIO 1351",57900,4559625,1703,45,NO,79,TERCER,VILLA SANTA RITA,11
"GARCIA, JUAN AGUSTIN 3698",62000,4882500,2214,40,NO,79,TERCER,VILLA SANTA RITA,11
HELGUERA 1122,95000,7481250,1439,22,NO,79,TERCER,VILLA SANTA RITA,11
"GARCIA, JUAN AGUSTIN 3692",179000,14096250,2266,40,NO,79,TERCER,VILLA SANTA RITA,11
"LAMARCA, EMILIO 1900",300000,23625000,872,0,NO,79,TERCER,VILLA SANTA RITA,11
CONDOR 2700,40000,3150000,930,45,NO,79,TERCER,VILLA SOLDATI,8
"BERG, CARLOS 3500",60000,4725000,1250,0,NO,79,TERCER,VILLA SOLDATI,8
ITUZAINGO 500,65000,5070000,2167,0,NO,78,TERCER,BARRACAS ESTE,4
CALIFORNIA 1362,72000,5616000,923,0,NO,78,TERCER,BARRACAS ESTE,4
AZARA 200,138000,10764000,690,29,NO,78,TERCER,BARRACAS ESTE,4
VIEYTES 1300,238000,18564000,1190,60,NO,78,TERCER,BARRACAS ESTE,4
"QUINQUELA MARTIN, BENITO 1700",270000,21060000,3000,0,NO,78,TERCER,BARRACAS ESTE,4
USPALLATA 983,320000,24960000,2645,15,NO,78,TERCER,BARRACAS ESTE,4
REGIMIENTO DE PATRICIOS 800,400000,31200000,1594,0,NO,78,TERCER,BARRACAS ESTE,4
VILLARINO 2200,850000,66300000,1808,2,NO,78,TERCER,BARRACAS ESTE,4
REGIMIENTO DE PATRICIOS 1676,89000,6964250,1618,0,NO,78,TERCER,BARRACAS ESTE,4
CASEROS 1700,695000,54383750,1006,15,NO,78,TERCER,BARRACAS ESTE,4
"ALBERDI, JUAN BAUTISTA 4100",230000,17997500,1257,35,NO,78,TERCER,PARQUE AVELLANEDA,9
"ALBERDI, JUAN BAUTISTA 4100",480000,37560000,1600,40,NO,78,TERCER,PARQUE AVELLANEDA,9
OLIVERA 1500,50000,3912500,1562,30,NO,78,TERCER,PARQUE AVELLANEDA,9
"GARZON, EUGENIO, GRAL. 3694",36000,2826000,3000,30,NO,78,TERCER,PARQUE AVELLANEDA,9
OLIVERA 1400,40000,3140000,1905,0,NO,78,TERCER,PARQUE AVELLANEDA,9
"ACOSTA, MARIANO 1300",69900,5487150,984,0,NO,78,TERCER,PARQUE AVELLANEDA,9
"AMEGHINO, FLORENTINO, Dr. 1700",90000,7065000,1343,50,NO,78,TERCER,PARQUE AVELLANEDA,9
LAGUNA 1500,250000,19625000,641,30,NO,78,TERCER,PARQUE AVELLANEDA,9
"AMEGHINO, FLORENTINO, Dr. 1500",300000,23550000,838,80,NO,78,TERCER,PARQUE AVELLANEDA,9
"ALBERDI, JUAN BAUTISTA 4100",520000,40950000,956,0,NO,79,TERCER,PARQUE AVELLANEDA,9
"ALBERDI, JUAN BAUTISTA 4099",5753000,453048750,821,15,NO,79,TERCER,PARQUE AVELLANEDA,9
HUBAC 5000,55000,4331250,3667,40,NO,79,TERCER,PARQUE AVELLANEDA,9
LAGUNA 1500,250000,19687500,641,30,NO,79,TERCER,PARQUE AVELLANEDA,9
"PERON, EVA 6000",80000,6260000,1127,62,NO,78,TERCER,VILLA LUGANO,8
"PERON, EVA 5100",440000,34430000,800,60,NO,78,TERCER,VILLA LUGANO,8
BARCA CABO DE HORNOS 6600,35000,2756250,833,40,NO,79,TERCER,VILLA LUGANO,8
SOMELLERA 5589,43000,3386250,1593,0,NO,79,TERCER,VILLA LUGANO,8
SOLDADO DE LA FRONTERA 4900,45000,3543750,1286,0,NO,79,TERCER,VILLA LUGANO,8
2 DE ABRIL DE 1982 6900,65000,5118750,422,0,NO,79,TERCER,VILLA LUGANO,8
"CHILAVERT, MARTINIANO, Cnel. 5800",100000,7875000,909,0,NO,79,TERCER,VILLA LUGANO,8
MURGUIONDO 3400,183000,14411250,1289,0,NO,79,TERCER,VILLA LUGANO,8
MURGUIONDO 4100,320000,25200000,2270,0,NO,79,TERCER,VILLA LUGANO,8
RIVADAVIA 6700,11000,860750,1571,40,SI,78,TERCER,FLORES NORTE,7
CONDARCO 300,78000,6103500,1950,80,NO,78,TERCER,FLORES NORTE,7
"MARTI, JOSE 400",105000,8216250,1641,0,NO,78,TERCER,FLORES NORTE,7
"FALCON, RAMON L.,CNEL. 2300",160000,12520000,3200,50,SI,78,TERCER,FLORES NORTE,7
GAONA 3500,195000,15258750,1652,0,NO,78,TERCER,FLORES NORTE,7
GAONA 3500,289000,22614250,5780,40,NO,78,TERCER,FLORES NORTE,7
DIRECTORIO 1800,380000,29735000,4318,5,NO,78,TERCER,FLORES NORTE,7
RIVADAVIA 7000,420000,32865000,1042,60,NO,78,TERCER,FLORES NORTE,7
TERRADA 600,500000,39125000,3846,0,NO,78,TERCER,FLORES NORTE,7
ARGERICH 700,650000,50862500,1912,0,NO,78,TERCER,FLORES NORTE,7
NAZCA 800,1200000,93900000,4444,0,NO,78,TERCER,FLORES NORTE,7
RIVADAVIA 6477,1400000,109550000,8750,0,NO,78,TERCER,FLORES NORTE,7
"ALBERDI, JUAN BAUTISTA 2500",3600000,281700000,424,20,NO,78,TERCER,FLORES NORTE,7
NAZCA 800,1200000,93900000,4444,0,NO,78,TERCER,FLORES NORTE,7
CARABOBO 100,720000,56340000,5538,0,NO,78,TERCER,FLORES NORTE,7
